run_dir,repaired_files_or_png
D:\Github\Personal-Project\textual data analysis\artifacts\reports\criminal_win_lose_mixed\no_leakage\bow\step3_runs\full_20260504_154912,13
D:\Github\Personal-Project\textual data analysis\artifacts\reports\criminal_win_lose_mixed\no_leakage\bow\step3_runs\full_20260504_154912_class_weight_balanced,13
D:\Github\Personal-Project\textual data analysis\artifacts\reports\criminal_win_lose_mixed\no_leakage\tf\step3_runs\full_20260504_154912,13
D:\Github\Personal-Project\textual data analysis\artifacts\reports\criminal_win_lose_mixed\no_leakage\tf\step3_runs\full_20260504_154912_class_weight_balanced,13
D:\Github\Personal-Project\textual data analysis\artifacts\reports\criminal_win_lose_mixed\no_leakage\tfidf\step3_runs\full_20260504_154912,13
D:\Github\Personal-Project\textual data analysis\artifacts\reports\criminal_win_lose_mixed\no_leakage\tfidf\step3_runs\full_20260504_154912_class_weight_balanced,13
D:\Github\Personal-Project\textual data analysis\artifacts\reports\criminal_win_lose_mixed\with_leakage\bow\step3_runs\full_20260504_154912,13
D:\Github\Personal-Project\textual data analysis\artifacts\reports\criminal_win_lose_mixed\with_leakage\tf\step3_runs\full_20260504_154912,13
D:\Github\Personal-Project\textual data analysis\artifacts\reports\criminal_win_lose_mixed\with_leakage\tfidf\step3_runs\full_20260504_154912,13
