JID,JTYPE,VERDICT
"CHDM,111,智簡附民,12,20221229,1",CWC,Mixed
"PCDM,112,智附民,23,20240117,1",CWC,Lose
"IPCM,108,附民上,4,20190808,1",CWC,Lose
"IPCM,104,附民上,19,20160331,1",CWC,Lose
"IPCM,108,附民上,5,20190828,1",CWC,Lose
"PCDM,102,智附民,15,20140324,1",CWC,Lose
"TYDM,107,智附民,1,20191227,1",CWC,Lose
"IPCM,99,重附民,4,20101129,1",CWC,Mixed
"TYDM,111,智附民,3,20230406,1",CWC,Mixed
"TPDM,102,智附民,1,20130509,1",CWC,Mixed
"TCDM,112,智附民,5,20230314,1",CWC,Lose
"IPCM,103,重附民上,3,20140813,1",CWC,Lose
"TPDM,89,重附民,45,20001003",CWC,Mixed
"MLDM,104,智簡附民,2,20151014,1",CWC,Mixed
"IPCM,107,重附民上,12,20190425,1",CWC,Lose
"PTDM,112,智附民,6,20240617,1",CWC,Lose
"IPCM,99,附民上,20,20110303,1",CWC,Lose
"IPCM,100,重附民上,2,20120425,2",CWC,Lose
"IPCM,101,重附民上,12,20121213,1",CWC,Lose
"NTDM,98,附民,57,20100222,1",CWC,Lose
"IPCM,107,附民上,18,20190307,1",CWC,Lose
"NTDM,102,智附民,1,20140430,2",CWC,Lose
"IPCM,102,附民上,28,20140417,3",CWC,Lose
"TNDM,100,智簡附民,7,20111223,1",CWC,Mixed
"TYDV,97,智,11,20090406,1",CWC,Mixed
"TPDM,103,智附民,13,20141126,3",CWC,Mixed
"KSDM,109,智簡附民上,1,20210412,1",CWC,Lose
"TPDM,105,智簡上附民,1,20170222,1",CWC,Mixed
"PCDM,109,智附民,20,20200604,1",CWC,Mixed
"PCDM,113,智簡上附民,2,20240918,1",CWC,Lose
"PCDM,103,智附民,25,20141030,1",CWC,Lose
"SLDM,104,智附民,2,20150603,1",CWC,Lose
"IPCM,101,重附民上,7,20120614,1",CWC,Lose
"IPCM,100,附民,4,20110328,1",CWC,Mixed
"PCDM,112,智簡上附民,2,20230801,1",CWC,Mixed
"IPCM,103,重附民上,7,20150903,1",CWC,Lose
"NTDM,103,智附民,1,20150309,1",CWC,Lose
"TPDM,100,智簡附民,13,20120523,1",CWC,Mixed
"CHDM,106,智附民,2,20170829,1",CWC,Mixed
"TCDM,106,智附民,19,20170927,1",CWC,Mixed
"PCDM,110,智簡附民,24,20211230,1",CWC,Mixed
"ULDM,102,智附民,1,20130731,1",CWC,Lose
"TCDM,100,智附民,31,20120222,1",CWC,Mixed
"CTDM,109,智簡附民,4,20200330,1",CWC,Mixed
"SCDM,110,智附民,8,20220825,1",CWC,Mixed
"PCDM,111,智簡附民,1,20220627,1",CWC,Mixed
"PTDM,101,智簡附民,2,20120725,1",CWC,Lose
"ULDM,109,智簡上附民,1,20200629,1",CWC,Mixed
"TPDM,107,智附民,18,20181214,1",CWC,Mixed
"TYDM,105,智附民,6,20180330,1",CWC,Lose
"KSDM,107,智附民,13,20200326,1",CWC,Mixed
"MLDM,105,智簡附民,3,20170221,1",CWC,Mixed
"IPCV,104,民商上易,5,20160310,1",CWC,Lose
"IPCM,111,附民上,14,20230112,1",CWC,Lose
"CYDM,108,智附民,6,20191226,1",CWC,Mixed
"PCDM,96,重附民,21,20080609,1",CWC,Lose
"SCDM,103,智簡附民,3,20141021,1",CWC,Mixed
"CHDM,107,智附民,4,20190729,2",CWC,Mixed
"IPCM,112,重附民上,1,20230630,1",CWC,Lose
"PCDM,110,智附民,16,20210824,1",CWC,Mixed
"KSHM,93,附民上,17,20040831,1",CWC,Lose
"IPCM,103,重附民上,2,20140702,1",CWC,Lose
"TCDM,109,智簡附民,41,20210330,1",CWC,Mixed
"IPCM,104,重附民上,7,20160630,3",CWC,Mixed
"TPDM,103,智附民,15,20150520,2",CWC,Mixed
"TYDM,101,智附民,8,20130903,1",CWC,Mixed
"ULDM,108,智附民,2,20201230,1",CWC,Mixed
"KSDM,107,智簡附民,8,20180802,1",CWC,Mixed
"TNDM,103,智附民,5,20161130,3",CWC,Mixed
"KSDM,101,審智簡附民,27,20120830,1",CWC,Mixed
"TYDM,99,審智重附民,2,20110511,1",CWC,Mixed
"SCDM,104,智附民,1,20150817,1",CWC,Lose
"TPDM,92,附民,112,20030625,1",CWC,Lose
"IPCM,99,附民上,23,20110224,1",CWC,Lose
"PCDM,102,智重附民,9,20130905,1",CWC,Mixed
"TYDM,100,壢智簡附民,10,20120620,1",CWC,Mixed
"IPCM,103,附民上,2,20140417,1",CWC,Lose
"KSDM,105,審智附民,8,20160825,3",CWC,Mixed
"TNDV,93,智,41,20050310,1",CWC,Mixed
"TCDM,100,智簡附民,1,20110118,1",CWC,Lose
"IPCM,110,附民上,15,20211203,1",CWC,Lose
"PCDM,110,智附民,30,20220323,2",CWC,Mixed
"TPDM,104,智簡附民上,1,20150603,1",CWC,Lose
"ULDM,99,智附民,1,20100607,1",CWC,Mixed
"TNDM,111,智附民,4,20221205,1",CWC,Lose
"TPDM,108,智簡附民,15,20200528,2",CWC,Mixed
"TPDM,102,智附民,18,20140221,1",CWC,Mixed
"IPCM,111,附民上,6,20230330,1",CWC,Lose
"TCDM,109,智附民,55,20230110,1",CWC,Mixed
"TPDM,99,智簡附民,5,20100622,1",CWC,Lose
"PCDM,110,智附民,27,20220601,1",CWC,Mixed
"CYDM,99,智簡附民,1,20100329,1",CWC,Mixed
"TCDM,110,智簡上附民,1,20211119,1",CWC,Mixed
"PCDM,110,智簡上附民,1,20211014,1",CWC,Mixed
"IPCM,105,附民上,26,20170712,1",CWC,Lose
"PCDM,88,重附民,84,20000316",CWC,Lose
"TPDM,104,智附民,12,20150831,1",CWC,Lose
"IPCM,98,附民上,11,20091012,1",CWC,Lose
"TPDM,107,智附民,23,20190731,2",CWC,Mixed
"PCDM,100,智簡附民,6,20110805,2",CWC,Mixed
"CYDM,108,智簡附民,7,20190830,1",CWC,Mixed
"TPDM,109,智附民,5,20200430,1",CWC,Mixed
"TCDM,100,智附民,13,20110905,1",CWC,Mixed
"TPDM,103,智重附民,2,20140625,1",CWC,Lose
"TPDM,106,智附民,8,20170731,1",CWC,Mixed
"CHDM,100,智簡附民,3,20110913,1",CWC,Mixed
"TCDM,107,智重附民,1,20180329,1",CWC,Mixed
"ILDM,101,智附民,2,20140606,2",CWC,Mixed
"TCDM,109,智簡附民,17,20200831,1",CWC,Mixed
"KSDM,106,審智附民,21,20180518,1",CWC,Mixed
"IPCM,103,重附民上,10,20160830,1",CWC,Lose
"TCDM,104,智簡附民,2,20150429,1",CWC,Lose
"KSDM,102,智附民,5,20131126,1",CWC,Lose
"TCDM,109,智附民,17,20210414,1",CWC,Lose
"TYDM,107,智重附民,3,20200428,1",CWC,Lose
"PCDM,108,智重附民,2,20200702,1",CWC,Mixed
"IPCM,103,附民上,32,20150430,1",CWC,Lose
"IPCM,112,附民上,18,20240314,1",CWC,Lose
"TPDM,101,智簡附民,6,20120927,1",CWC,Mixed
"TCDM,105,智簡附民上,2,20170516,1",CWC,Lose
"SLDM,107,智附民,9,20190626,1",CWC,Mixed
"IPCM,100,附民上,10,20111110,1",CWC,Lose
"IPCM,112,附民上,10,20231017,1",CWC,Lose
"KSDM,102,審智簡附民,9,20130425,1",CWC,Mixed
"IPCM,106,附民,7,20171116,1",CWC,Lose
"CTDM,108,審智附民,3,20200724,1",CWC,Mixed
"PCDM,103,智附民,16,20150204,1",CWC,Mixed
"TCDM,107,智附民,8,20190522,1",CWC,Mixed
"IPCM,108,附民上,32,20200312,1",CWC,Lose
"IPCM,109,附民上,22,20210325,1",CWC,Lose
"IPCM,98,附民上,14,20090828,1",CWC,Lose
"IPCM,101,附民上,32,20130227,1",CWC,Lose
"KSDM,110,智簡附民,21,20211029,1",CWC,Mixed
"TPSM,108,台附,12,20190704,1",CWC,Lose
"PCDM,109,智簡附民,23,20210128,1",CWC,Mixed
"TPDM,91,附民,255,20030224,1",CWC,Lose
"FYEM,111,豐智簡附民,1,20220721,1",CWC,Mixed
"PCDM,108,智簡上附民,7,20200115,1",CWC,Mixed
"TPDM,102,智附民,12,20131210,1",CWC,Lose
"IPCM,105,附民上,5,20160825,1",CWC,Lose
"TPDM,99,智重附民,12,20111121,2",CWC,Lose
"PCDM,107,智附民,23,20181226,1",CWC,Lose
"TNDV,95,智,3,20060428,1",CWC,Lose
"TYDM,110,審智附民,1,20210825,1",CWC,Mixed
"TCDM,107,智附民,33,20191127,1",CWC,Lose
"TPDM,111,智簡附民,11,20230808,1",CWC,Mixed
"TPDM,87,附民,682,20000104",CWC,Lose
"PCDM,110,智附民,22,20211228,1",CWC,Mixed
"SLDM,105,智重附民,1,20171030,2",CWC,Mixed
"TPDM,89,附民,200,20000509,1",CWC,Mixed
"TCDM,107,智附民,29,20181127,1",CWC,Mixed
"TPDM,103,智附民,8,20141216,1",CWC,Lose
"KSDM,100,審智簡附民,37,20120131,1",CWC,Mixed
"FYEM,108,豐智簡附民,1,20190731,1",CWC,Mixed
"PCDM,102,智簡附民,19,20140106,1",CWC,Mixed
"IPCM,104,附民上,9,20151224,1",CWC,Lose
"TCDM,111,智附民,15,20221012,1",CWC,Mixed
"TCDM,107,智附民,6,20180726,1",CWC,Lose
"IPCM,110,附民上,2,20210520,1",CWC,Lose
"IPCM,99,附民,5,20100609,1",CWC,Mixed
"TCDM,111,智重附民,28,20230208,1",CWC,Mixed
"TCDM,99,智附民,12,20110421,1",CWC,Mixed
"TPDM,105,智重附民,1,20161229,1",CWC,Mixed
"SLDM,109,智簡附民上,1,20200813,1",CWC,Lose
"PCDM,110,智附民,28,20211130,1",CWC,Mixed
"IPCM,112,附民上,11,20240828,1",CWC,Lose
"TCDM,107,智簡附民,3,20180523,1",CWC,Mixed
"CYDM,103,智簡附民,6,20150429,1",CWC,Mixed
"IPCM,101,重附民上,9,20120905,1",CWC,Lose
"TYDM,111,智附民,14,20230426,1",CWC,Mixed
"CTDM,108,智簡附民,5,20190227,1",CWC,Mixed
"TPDM,103,智附民,10,20140903,1",CWC,Lose
"PCDM,109,智附民,46,20201027,1",CWC,Mixed
"ULDM,105,智重附民,1,20190103,3",CWC,Lose
"TPDM,108,智附民,10,20190807,1",CWC,Mixed
"SCDM,101,智附民,5,20120815,1",CWC,Mixed
"CYDM,108,智簡附民,8,20190830,1",CWC,Mixed
"TCDM,108,智簡附民,15,20190725,1",CWC,Mixed
"KSDM,107,審智附民,12,20180726,1",CWC,Mixed
"CTDM,108,智簡附民,6,20190520,1",CWC,Mixed
"KLDM,111,智附民,1,20230220,1",CWC,Lose
"IPCM,97,附民,1,20090511,1",CWC,Mixed
"PCDM,110,智簡附民,7,20211130,1",CWC,Mixed
"KSDM,105,智附民,3,20161118,2",CWC,Mixed
"ILDM,103,智簡附民,5,20140530,3",CWC,Mixed
"ULDM,108,智附民,5,20200414,1",CWC,Mixed
"KSDM,104,智簡附民上,2,20160127,1",CWC,Lose
"KLDM,104,智附民,2,20160518,1",CWC,Mixed
"PCDM,109,智簡上附民,19,20210222,1",CWC,Mixed
"TCDM,102,智附民,18,20130916,1",CWC,Lose
"TCDM,108,智附民,16,20190528,1",CWC,Lose
"IPCM,109,附民上,26,20210408,1",CWC,Lose
"ULDM,106,智附民,2,20170428,1",CWC,Mixed
"PCDM,112,智附民,5,20230525,1",CWC,Mixed
"PCDM,99,智重附民,9,20110630,1",CWC,Mixed
"IPCM,103,附民上,9,20140508,1",CWC,Lose
"SLDM,107,智附民,1,20181025,1",CWC,Lose
"IPCM,113,重附民上,5,20241121,1",CWC,Lose
"SDEM,108,沙智簡附民,5,20190731,1",CWC,Mixed
"CTDM,107,審智附民,8,20190321,1",CWC,Mixed
"TPSV,103,台上,1742,20140827",CWC,Lose
"TCDM,106,智簡附民,3,20170630,1",CWC,Mixed
"PCDM,109,智附民,60,20210226,1",CWC,Mixed
"IPCM,113,附民上,6,20240912,1",CWC,Lose
"TPDM,105,智附民,2,20160413,1",CWC,Mixed
"KSDM,101,審智簡附民,16,20120817,1",CWC,Mixed
"SCDM,101,智附民,8,20130311,1",CWC,Mixed
"KSDM,98,簡附民,8,20090708,1",CWC,Mixed
"PCDV,97,重智,9,20090527,1",CWC,Mixed
"IPCM,102,附民上,10,20131031,2",CWC,Lose
"MKEM,103,馬智簡附民,3,20150211,1",CWC,Mixed
"TCDM,111,智簡附民,17,20230103,1",CWC,Mixed
"TPDV,93,智,94,20051021,1",CWC,Mixed
"KSDM,100,審智簡附民,24,20111226,1",CWC,Mixed
"KSDM,107,智附民,7,20180828,1",CWC,Mixed
"PCDM,112,智重附民,3,20240227,1",CWC,Mixed
"TNHM,90,重附民上,196,20010928,1",CWC,Lose
"IPCM,102,附民,6,20131031,1",CWC,Lose
"TCDM,100,智附民,6,20110901,1",CWC,Lose
"TPDM,92,附民,198,20030603,1",CWC,Lose
"KSDM,99,審智簡附民,8,20101021,1",CWC,Mixed
"IPCM,107,附民上,10,20181011,1",CWC,Lose
"IPCM,100,附民上,24,20121025,1",CWC,Lose
"CYDM,104,智附民,2,20151026,3",CWC,Mixed
"PCDM,110,智簡上附民,4,20211228,1",CWC,Mixed
"IPCM,113,附民上,10,20241121,1",CWC,Lose
"TCDM,108,智簡附民,3,20190306,1",CWC,Mixed
"IPCM,100,附民上,20,20111214,1",CWC,Lose
"TPDM,90,附民,308,20010720,1",CWC,Lose
"FYEM,113,豐智簡附民,1,20240430,1",CWC,Mixed
"PTDM,110,智簡附民,15,20210601,1",CWC,Mixed
"TCDM,111,智簡附民上,3,20230223,1",CWC,Lose
"IPCM,100,附民,8,20111130,1",CWC,Mixed
"TCDM,107,智附民,19,20180706,1",CWC,Lose
"TCDM,105,智附民,8,20160825,2",CWC,Mixed
"PCDM,107,智簡附民,8,20180919,1",CWC,Mixed
"IPCM,107,附民上,11,20181009,1",CWC,Lose
"TPDM,104,智附民,3,20150602,1",CWC,Mixed
"KSDM,105,智附民,12,20161118,1",CWC,Mixed
"PCDM,112,智簡附民,11,20231114,1",CWC,Mixed
"TNHM,91,附民,171,20030417,1",CWC,Lose
"IPCM,104,附民上,12,20151231,1",CWC,Lose
"TPDM,100,智簡附民,11,20120629,1",CWC,Mixed
"IPCM,107,重附民上,5,20181025,1",CWC,Lose
"TPDM,100,智附民,1,20110617,2",CWC,Mixed
"KSDM,101,審智簡附民,46,20130328,1",CWC,Mixed
"IPCM,105,附民上,21,20161025,1",CWC,Lose
"KLDM,100,智簡附民,1,20110118,1",CWC,Lose
"CYDM,102,智簡附民,6,20140828,1",CWC,Mixed
"IPCM,106,附民上,17,20180125,1",CWC,Lose
"KSDM,107,智簡上附民,1,20180628,1",CWC,Mixed
"TYDM,99,智附民,3,20100820,1",CWC,Mixed
"CHDM,101,智簡附民,10,20121204,1",CWC,Mixed
"TCDM,102,智附民,15,20140106,1",CWC,Lose
"TPDM,104,智附民,18,20170330,1",CWC,Mixed
"TYDM,111,審智附民,36,20230720,1",CWC,Mixed
"TCDM,108,智簡附民,13,20190717,1",CWC,Mixed
"PCDM,112,智重附民,4,20240227,1",CWC,Mixed
"KSDM,99,智附民,18,20100804,1",CWC,Mixed
"KSDM,109,智簡附民,3,20200413,1",CWC,Mixed
"IPCV,100,民著上更(三),2,20120517,1",CWC,Lose
"IPCM,106,附民上,11,20170810,1",CWC,Lose
"SLDM,109,智附民,7,20201019,1",CWC,Mixed
"PTDM,100,智簡附民,5,20111026,1",CWC,Mixed
"KSDM,104,智簡附民,21,20160127,1",CWC,Mixed
"PCDM,109,智簡上附民,16,20201229,1",CWC,Mixed
"IPCM,109,重附民上,7,20210107,1",CWC,Lose
"ULDM,105,智重附民,1,20190830,4",CWC,Mixed
"TPDM,89,重附民,19,20010611,1",CWC,Lose
"KSDM,104,智附民,7,20160512,1",CWC,Mixed
"TYDM,106,智附民,3,20180226,1",CWC,Mixed
"TCDM,110,智簡附民上,3,20220118,1",CWC,Lose
"PCDM,105,智重附民,1,20170524,1",CWC,Mixed
"PCDM,100,重附民,58,20140718,1",CWC,Lose
"NTDM,103,智附民,2,20150714,2",CWC,Mixed
"IPCM,100,附民上,9,20110811,1",CWC,Lose
"TPDM,112,智附民,1,20230112,1",CWC,Lose
"IPCM,101,附民,3,20120523,1",CWC,Mixed
"IPCV,100,民商訴,34,20111114,1",CWC,Lose
"IPCM,100,附民上,28,20120118,1",CWC,Lose
"IPCM,98,附民上,17,20100128,1",CWC,Lose
"TPDM,109,智附民,2,20200709,1",CWC,Lose
"TPDM,108,智重附民,6,20200528,1",CWC,Lose
"TPDM,101,智附民,26,20130530,1",CWC,Mixed
"TPDM,110,智簡附民,7,20210927,1",CWC,Mixed
"IPCM,108,附民上,17,20200206,1",CWC,Lose
"TPDM,103,智重附民,1,20150225,2",CWC,Mixed
"IPCM,98,附民上,3,20100920,2",CWC,Lose
"PCDM,102,智重附民,6,20140423,1",CWC,Mixed
"PCDM,106,智附民,4,20170524,1",CWC,Mixed
"KSDM,105,審智附民,26,20170503,3",CWC,Mixed
"TPDM,109,智附民,26,20220419,1",CWC,Lose
"TPDM,89,附民,69,20000229,1",CWC,Lose
"IPCM,106,附民上,13,20180124,1",CWC,Lose
"CTDM,108,智簡附民,2,20190227,1",CWC,Mixed
"IPCM,105,附民上,20,20161021,1",CWC,Lose
"TPDM,103,智簡附民,20,20150305,1",CWC,Mixed
"TPDM,112,智附民,7,20240313,1",CWC,Lose
"KSDM,104,智簡附民,17,20150804,1",CWC,Mixed
"IPCM,108,附民上,30,20200305,1",CWC,Lose
"SLDM,106,智附民,2,20181116,2",CWC,Mixed
"TYDM,100,智重附民,1,20111228,1",CWC,Mixed
"IPCM,101,附民上,2,20120117,1",CWC,Lose
"IPCM,107,附民上,9,20181213,1",CWC,Lose
"SCDM,103,智附民,3,20150710,1",CWC,Lose
"KSDM,106,審智附民,19,20180118,1",CWC,Mixed
"IPCM,99,附民,7,20100819,1",CWC,Mixed
"IPCM,104,附民,5,20151231,1",CWC,Lose
"TPDM,102,智附民,4,20131224,1",CWC,Lose
"PCDM,99,智重附民,1,20100430,1",CWC,Mixed
"IPCM,106,附民,6,20171102,1",CWC,Mixed
"TNDM,102,智附民,4,20140305,1",CWC,Lose
"TNDM,99,智重附民,1,20110128,1",CWC,Mixed
"PCDM,89,附民,420,20010328,1",CWC,Lose
"TNDM,102,智重附民,1,20130812,1",CWC,Mixed
"TPDM,102,智重附民,4,20150602,1",CWC,Mixed
"PCDM,106,智附民,16,20170822,1",CWC,Win
"TCDV,93,智,11,20040827,1",CWC,Mixed
"TYDM,113,智附民,1,20240718,1",CWC,Mixed
"IPCM,111,附民上,2,20220629,1",CWC,Lose
"TCDM,99,智簡附民,7,20101115,1",CWC,Mixed
"PCDM,112,智附民,7,20230328,1",CWC,Win
"TCDM,107,智附民,30,20181025,1",CWC,Mixed
"TCDM,112,智簡附民,22,20231226,1",CWC,Mixed
"CYDM,110,智附民,2,20210429,1",CWC,Mixed
"PCDM,110,智附民,18,20211228,1",CWC,Mixed
"KSDM,108,智簡附民,25,20200410,1",CWC,Mixed
"TCDM,109,智附民,43,20211028,1",CWC,Mixed
"IPCM,100,附民上,11,20111116,1",CWC,Lose
"IPCM,105,附民,2,20160324,1",CWC,Mixed
"TCDM,100,智簡附民,12,20111123,1",CWC,Mixed
"TYDM,103,智附民,9,20180731,1",CWC,Lose
"IPCM,102,附民上,20,20130926,1",CWC,Lose
"TYDM,102,智附民,1,20131129,1",CWC,Mixed
"PCDM,104,智簡上附民,1,20150612,2",CWC,Mixed
"ILDM,109,智附民,4,20210203,2",CWC,Lose
"CYDM,106,智簡附民,8,20171130,1",CWC,Mixed
"TCDM,106,智附民,10,20171213,1",CWC,Mixed
"PCDM,106,智簡附民,2,20170516,1",CWC,Mixed
"TCDM,108,智簡附民,22,20190925,1",CWC,Mixed
"ILDM,101,智重附民,2,20120517,1",CWC,Mixed
"IPCM,105,附民上,13,20170223,1",CWC,Lose
"TPDM,94,重附民,93,20090326,2",CWC,Lose
"TNDM,106,智簡附民上,1,20171003,1",CWC,Lose
"TPDM,102,智簡附民,5,20131118,1",CWC,Lose
"TNHV,95,訴,17,20061229,1",CWC,Mixed
"PTDM,103,智附民,3,20140722,2",CWC,Mixed
"TPDM,103,智簡附民,3,20140429,1",CWC,Lose
"TYDM,111,審智附民,13,20220524,1",CWC,Mixed
"IPCM,107,重附民上,6,20190131,1",CWC,Lose
"IPCM,100,附民上,30,20120229,1",CWC,Lose
"KSDM,106,智附民,5,20180524,1",CWC,Lose
"PTDM,101,智附民,4,20130111,1",CWC,Mixed
"CHDM,110,智簡附民,7,20210909,1",CWC,Mixed
"IPCM,104,附民上,23,20160527,1",CWC,Lose
"TPDM,97,附民,449,20081017,1",CWC,Mixed
"KSDM,101,審智簡附民,26,20120828,1",CWC,Mixed
"CHDM,100,智附民,2,20110812,1",CWC,Mixed
"ULDM,109,智附民,5,20220331,1",CWC,Mixed
"TPDM,109,智附民,22,20210331,1",CWC,Lose
"IPCM,104,附民上,15,20151130,1",CWC,Lose
"TPDM,111,智重附民,4,20230612,1",CWC,Mixed
"NTDM,100,投智簡附民,2,20120105,1",CWC,Mixed
"TCDM,110,智附民,31,20220222,2",CWC,Mixed
"TPDM,100,智簡附民,10,20110831,1",CWC,Mixed
"TNDM,112,智附民,1,20240731,1",CWC,Lose
"PCDM,99,智簡附民,12,20101227,1",CWC,Mixed
"PCDM,104,智簡附民,9,20150825,1",CWC,Mixed
"IPCM,103,附民上,5,20140417,1",CWC,Lose
"PTDM,111,智附民,2,20220912,2",CWC,Mixed
"TTDM,102,智附民,1,20140521,1",CWC,Mixed
"PCDM,106,智簡附民,9,20171207,1",CWC,Lose
"TCDM,109,智附民,20,20200806,1",CWC,Win
"TYDM,112,智附民,8,20231031,1",CWC,Mixed
"PCDM,103,智簡附民,18,20141230,1",CWC,Lose
"TPDM,110,智附民,23,20220223,1",CWC,Lose
"PTDM,100,智簡上附民,1,20131031,1",CWC,Lose
"NTDM,90,附民,65,20020308,2",CWC,Lose
"TNDM,103,智簡附民,4,20140715,1",CWC,Mixed
"CHDM,105,智簡附民,5,20170208,1",CWC,Mixed
"ULDM,105,智附民,7,20160531,1",CWC,Mixed
"PCDM,109,智附民,23,20210630,1",CWC,Mixed
"IPCM,106,附民上,20,20171219,1",CWC,Lose
"IPCM,104,重附民,1,20150826,1",CWC,Lose
"IPCM,101,附民上,20,20121018,1",CWC,Lose
"TPDM,110,智簡附民,18,20211227,1",CWC,Mixed
"TCDM,101,智簡附民,19,20121012,1",CWC,Lose
"TYDM,110,智附民,14,20230207,3",CWC,Lose
"KSDM,112,智簡附民,7,20230426,1",CWC,Mixed
"TPDM,101,智附民,4,20120629,1",CWC,Lose
"MLDM,110,智簡附民,1,20210914,1",CWC,Mixed
"PCDM,101,智簡附民上,2,20121030,1",CWC,Lose
"TPDM,104,智附民,17,20170330,1",CWC,Mixed
"TPDM,110,智附民,7,20210225,1",CWC,Lose
"IPCM,103,附民上,14,20140703,1",CWC,Lose
"KSDM,102,智簡附民,4,20131015,1",CWC,Mixed
"IPCM,101,附民上,4,20120516,1",CWC,Lose
"IPCM,104,附民上,20,20151231,1",CWC,Lose
"TPDM,103,智附民,19,20141225,1",CWC,Mixed
"PCDM,100,智附民,19,20111028,1",CWC,Mixed
"TCDM,107,智簡附民,12,20190222,1",CWC,Mixed
"IPCM,106,附民,2,20170725,1",CWC,Win
"PCDM,103,智重附民,2,20190128,2",CWC,Mixed
"TPDM,109,智附民,25,20210413,1",CWC,Mixed
"IPCV,105,民著上易,1,20160602,1",CWC,Lose
"TCDM,108,智附民,4,20190410,1",CWC,Mixed
"TNDV,94,智,8,20050721,1",CWC,Mixed
"SLDM,105,智附民,6,20170224,1",CWC,Mixed
"KSDM,105,智簡附民,20,20161229,1",CWC,Mixed
"PCDM,105,智簡上附民,2,20160511,1",CWC,Mixed
"IPCM,101,附民上,15,20120801,1",CWC,Lose
"PCDM,106,智附民,8,20180316,2",CWC,Mixed
"CHDM,108,智附民,11,20200609,1",CWC,Lose
"PCDM,110,智簡附民,11,20220719,2",CWC,Mixed
"PCDM,107,智附民,14,20180608,1",CWC,Mixed
"ULDM,111,六智簡附民,1,20230427,1",CWC,Mixed
"SCDM,104,智附民,4,20200213,2",CWC,Mixed
"PCDM,109,智簡上附民,5,20200721,1",CWC,Mixed
"PTDM,110,智附民,5,20220117,1",CWC,Mixed
"TCDM,111,智簡附民,2,20220609,1",CWC,Mixed
"PCDM,90,附民,16,20020408,1",CWC,Lose
"TCDM,107,智附民,39,20190417,1",CWC,Mixed
"KSDM,106,智簡附民,4,20170829,1",CWC,Mixed
"IPCM,108,附民上,3,20190808,1",CWC,Lose
"SCDM,106,智附民,3,20170804,1",CWC,Mixed
"CYDM,107,智附民,4,20180612,1",CWC,Mixed
"TPDM,91,附民,16,20020222,1",CWC,Lose
"TYDM,112,智附民,2,20230728,1",CWC,Mixed
"KSDM,101,智附民,1,20120622,2",CWC,Lose
"ULDM,111,港智簡附民,1,20220802,1",CWC,Mixed
"KSDM,104,審智附民,21,20160414,1",CWC,Mixed
"TNDM,101,智附民,3,20120427,1",CWC,Mixed
"PCDM,99,智附民,12,20100831,1",CWC,Mixed
"TPDM,109,智附民,15,20201112,1",CWC,Lose
"PCDM,113,智附民,2,20240131,1",CWC,Mixed
"PCDM,109,智附民,29,20200716,1",CWC,Mixed
"TCDM,104,智簡附民,7,20150818,1",CWC,Mixed
"PCDM,104,智附民,19,20160831,1",CWC,Mixed
"PCDM,107,智附民,10,20180330,1",CWC,Mixed
"TPDM,111,智簡附民,1,20231228,2",CWC,Mixed
"CTDM,106,智簡附民,1,20170616,1",CWC,Mixed
"IPCM,112,附民,2,20240409,2",CWC,Lose
"TNDM,106,智簡附民,8,20171129,1",CWC,Mixed
"PCDM,104,智簡附民上,1,20151016,1",CWC,Lose
"TCDM,110,智附民,9,20230110,1",CWC,Mixed
"TCDM,100,智附民,24,20111212,1",CWC,Lose
"MLDM,109,智簡附民,4,20210914,1",CWC,Mixed
"IPCM,100,重附民,8,20111229,1",CWC,Lose
"CTDM,110,智簡附民,4,20210406,1",CWC,Mixed
"TYDM,112,智附民,3,20230315,1",CWC,Mixed
"IPCM,101,附民上,28,20130515,2",CWC,Lose
"CYDM,103,智簡附民,3,20140425,1",CWC,Lose
"IPCM,110,附民上,9,20210826,2",CWC,Lose
"IPCM,108,附民,4,20190815,1",CWC,Mixed
"PTDM,99,智附民,5,20110331,1",CWC,Mixed
"IPCM,101,重附民上,6,20120531,1",CWC,Lose
"IPCM,108,附民上,28,20200205,1",CWC,Lose
"IPCM,102,重附民,1,20130425,1",CWC,Lose
"IPCM,100,附民上,27,20120229,1",CWC,Lose
"CHDM,107,智簡附民,4,20181001,1",CWC,Mixed
"ULDM,102,智附民,3,20140114,1",CWC,Lose
"CYDM,108,智附民,4,20190529,1",CWC,Mixed
"PCDM,100,智重附民,3,20110729,1",CWC,Mixed
"KSDM,108,智簡附民,7,20190606,1",CWC,Mixed
"IPCM,98,附民上,13,20100906,1",CWC,Lose
"PCDM,100,智簡附民,16,20111003,1",CWC,Win
"PTDM,104,審智重附民,2,20160115,1",CWC,Mixed
"TYDM,101,智附民,4,20141023,1",CWC,Lose
"TCDM,99,智簡上附民,1,20100428,1",CWC,Mixed
"KSDV,95,智,12,20070112,2",CWC,Mixed
"KLDM,104,智重附民,1,20160518,1",CWC,Mixed
"IPCM,113,附民上,7,20240926,1",CWC,Lose
"MLDV,97,智,1,20090219,2",CWC,Mixed
"CYDM,111,智附民,3,20220829,1",CWC,Mixed
"IPCM,108,附民上,15,20191121,1",CWC,Lose
"KSDM,109,智簡附民,11,20200527,1",CWC,Mixed
"KSDM,110,智附民,4,20210825,1",CWC,Lose
"TPDM,110,智附民,20,20211028,1",CWC,Lose
"TYDM,109,桃智簡附民,9,20210415,1",CWC,Mixed
"TPDM,104,智附民,19,20170330,1",CWC,Mixed
"TPDM,109,智附民,21,20201217,1",CWC,Lose
"SCDM,105,智簡上附民,1,20180511,2",CWC,Mixed
"CYDM,107,智附民,6,20181025,1",CWC,Mixed
"TYDM,108,智附民,10,20201124,1",CWC,Mixed
"IPCM,98,重附民上,1,20091228,1",CWC,Lose
"TNDM,105,智附民,1,20160518,2",CWC,Mixed
"IPCM,110,附民上,6,20210527,1",CWC,Lose
"IPCM,99,附民上,6,20100722,1",CWC,Lose
"PCDM,108,智附民,29,20200207,1",CWC,Mixed
"TPDM,106,智重附民,3,20170907,1",CWC,Mixed
"TNDM,102,智附民,1,20130731,1",CWC,Mixed
"PTDM,109,智附民,5,20210129,1",CWC,Mixed
"IPCM,105,附民上,27,20170309,1",CWC,Lose
"NTDM,103,投智簡附民,1,20141023,1",CWC,Lose
"IPCM,111,附民,4,20230112,1",CWC,Mixed
"PCDM,111,智簡上附民,1,20220616,1",CWC,Lose
"CHDM,108,智附民,7,20191118,1",CWC,Mixed
"TNDM,99,智簡上附民,2,20110214,1",CWC,Mixed
"TYDM,111,智附民,13,20230414,1",CWC,Lose
"CTDM,105,智附民,16,20180125,1",CWC,Mixed
"TPDM,104,智附民,2,20151225,1",CWC,Lose
"TNDM,106,智重附民,2,20180530,1",CWC,Lose
"TPDM,100,智附民,24,20121221,2",CWC,Mixed
"TYDM,110,智重附民,4,20230330,1",CWC,Lose
"TPDM,109,智附民,27,20210729,1",CWC,Mixed
"KSDM,112,智附民,7,20230922,1",CWC,Mixed
"TCDM,107,智附民,9,20180523,1",CWC,Mixed
"CHDM,108,智簡附民,20,20191209,1",CWC,Mixed
"TNHM,94,重附民上,30,20050628,1",CWC,Lose
"TCDM,108,智附民,27,20190813,1",CWC,Lose
"TCDM,104,智附民,19,20151124,1",CWC,Mixed
"KSDM,99,智附民,2,20100827,1",CWC,Mixed
"IPCM,101,附民上,27,20121227,1",CWC,Lose
"TCDM,101,智附民,5,20120328,1",CWC,Mixed
"TPDM,101,智附民,21,20131125,1",CWC,Mixed
"NTDM,106,智附民,5,20171030,1",CWC,Mixed
"TYDM,100,智重附民,5,20120330,1",CWC,Lose
"TYDM,110,智附民,8,20220506,2",CWC,Mixed
"IPCM,112,附民上,3,20230426,1",CWC,Lose
"IPCM,107,重附民上,8,20180823,1",CWC,Lose
"IPCM,102,重附民上,10,20131231,1",CWC,Lose
"TPDM,98,重附民,12,20111230,2",CWC,Mixed
"HLDM,102,花智簡附民,3,20131220,1",CWC,Mixed
"KSDM,109,智簡附民,1,20200306,1",CWC,Mixed
"TPDM,104,附民,140,20150527,2",CWC,Mixed
"KSDM,110,智簡附民,8,20210422,1",CWC,Mixed
"IPCM,106,重附民上,3,20170929,2",CWC,Lose
"TPDM,103,智簡附民,21,20150305,1",CWC,Mixed
"NTDM,103,智重附民,1,20150130,1",CWC,Mixed
"KSDM,104,智簡附民,16,20150804,1",CWC,Mixed
"TYDM,105,智重附民,4,20180312,1",CWC,Mixed
"IPCM,109,附民上,10,20200820,1",CWC,Lose
"TCDM,111,智簡附民,20,20221109,1",CWC,Mixed
"TPDM,103,智附民,17,20141201,1",CWC,Mixed
"PTDM,111,智簡附民,1,20221125,1",CWC,Mixed
"KSDM,110,智簡附民,14,20210928,1",CWC,Mixed
"PTDM,107,智附民,5,20190719,1",CWC,Lose
"TPDM,103,智重附民,7,20150410,1",CWC,Mixed
"CTDM,110,智簡附民,9,20210909,1",CWC,Mixed
"PCDM,102,智重附民,3,20141107,1",CWC,Mixed
"MLDM,109,智簡上附民,1,20210202,1",CWC,Mixed
"TCDM,111,智簡附民,14,20220629,1",CWC,Mixed
"IPCM,98,附民上,20,20100506,1",CWC,Lose
"TPDM,100,智附民,31,20130410,1",CWC,Mixed
"ULDM,108,虎智簡附民,2,20200213,1",CWC,Mixed
"IPCM,101,重附民上,8,20120628,1",CWC,Lose
"IPCM,104,重附民上,5,20151204,1",CWC,Lose
"IPCM,98,重附民,5,20100628,1",CWC,Mixed
"TYDM,107,智附民,6,20181119,1",CWC,Lose
"TPDM,109,智附民,16,20201224,1",CWC,Mixed
"KSDM,107,智簡附民,17,20190219,1",CWC,Mixed
"PTDM,102,智附民,7,20131113,1",CWC,Mixed
"PCDM,102,智附民,10,20130815,1",CWC,Mixed
"TPDM,106,智附民,3,20180329,1",CWC,Mixed
"TPSM,109,台附,20,20201231,1",CWC,Lose
"TCDM,109,智簡附民,16,20200710,1",CWC,Lose
"ILDM,110,智附民,4,20210728,1",CWC,Mixed
"SLDM,113,智附民,10,20240828,1",CWC,Mixed
"PCDM,106,智簡附民,7,20171116,1",CWC,Lose
"TPDM,102,智附民,11,20131104,1",CWC,Mixed
"CYDM,111,智簡附民,10,20221107,2",CWC,Mixed
"TCDM,100,智附民,35,20111226,1",CWC,Mixed
"TPDM,106,智簡附民,7,20170927,1",CWC,Mixed
"TPDV,92,智,91,20040830,1",CWC,Mixed
"IPCM,103,附民上,6,20140523,2",CWC,Lose
"PCDM,101,智簡附民,1,20120710,1",CWC,Mixed
"CHDM,108,智簡附民,2,20190628,1",CWC,Mixed
"KSHM,92,附民,57,20030331,1",CWC,Lose
"TPDV,96,智,35,20071031,1",CWC,Mixed
"TPDM,100,智簡附民,2,20110217,1",CWC,Mixed
"PCDM,102,智重附民,10,20140523,2",CWC,Mixed
"PCDM,110,智附民,25,20211007,1",CWC,Lose
"IPCM,99,附民上,17,20101209,1",CWC,Lose
"SLDM,111,智附民,8,20220916,1",CWC,Lose
"TPSM,113,台附,5,20241218,1",CWC,Lose
"PCDM,100,智附民,7,20110715,1",CWC,Mixed
"PCDM,103,智附民,8,20140630,1",CWC,Mixed
"IPCM,110,附民上,26,20220810,1",CWC,Lose
"TPDM,101,智重附民,2,20120618,1",CWC,Mixed
"TYDM,105,智附民,8,20180611,1",CWC,Mixed
"PCDM,90,附民,82,20010329,1",CWC,Lose
"IPCM,98,重附民上,5,20100429,1",CWC,Lose
"IPCM,103,附民上,20,20150520,2",CWC,Lose
"TPDM,109,智附民,8,20200811,1",CWC,Mixed
"IPCM,105,附民上,20,20170125,2",CWC,Lose
"TCDM,107,智簡附民,10,20181127,1",CWC,Mixed
"CYDM,107,智附民,1,20181221,2",CWC,Mixed
"TCDM,106,智簡附民,2,20170531,1",CWC,Mixed
"KSDM,104,智附民,1,20150519,1",CWC,Lose
"TPDV,97,智,35,20080430,1",CWC,Mixed
"TPDM,106,智附民,6,20170518,1",CWC,Mixed
"IPCM,101,附民上,21,20121122,1",CWC,Lose
"IPCM,105,附民上,16,20161124,1",CWC,Lose
"TNDM,108,智簡附民,7,20190620,1",CWC,Mixed
"CHDM,100,智簡附民,5,20110913,1",CWC,Mixed
"PCDM,101,智附民,10,20120629,1",CWC,Win
"PCDM,102,智簡附民,14,20140718,2",CWC,Mixed
"IPCM,107,重附民上,2,20190711,2",CWC,Lose
"ILDM,112,智重附民,1,20230516,1",CWC,Lose
"IPCM,100,重附民,7,20111201,1",CWC,Mixed
"PCDM,99,智附民,25,20110630,1",CWC,Mixed
"CYDM,99,智附民,6,20100928,2",CWC,Mixed
"KSDM,102,審智簡附民,4,20130329,2",CWC,Mixed
"TNDM,110,智簡上附民,1,20211110,1",CWC,Lose
"PCDM,100,智重附民,8,20121019,1",CWC,Mixed
"TCDM,105,智附民,15,20170428,1",CWC,Lose
"ILDM,105,智附民,1,20161104,1",CWC,Mixed
"CTDM,109,智簡附民,21,20201022,1",CWC,Mixed
"IPCM,107,重附民上,4,20180904,1",CWC,Lose
"CYDM,99,智附民,10,20110307,1",CWC,Mixed
"HLDM,103,花智簡附民,2,20140409,1",CWC,Lose
"KSDM,100,審智簡附民,31,20111219,1",CWC,Mixed
"IPCM,109,重附民上,1,20220803,1",CWC,Lose
"KSDM,104,智簡附民,11,20151027,1",CWC,Mixed
"TPDM,100,智附民,3,20140227,2",CWC,Lose
"SLDM,105,智附民,1,20160429,1",CWC,Mixed
"TPDM,110,智簡附民,21,20211230,1",CWC,Mixed
"TPSM,106,台附,4,20170308",CWC,Lose
"PCDM,110,智重附民,1,20220803,1",CWC,Lose
"SLDM,107,智附民,2,20180706,1",CWC,Mixed
"IPCM,101,附民上,23,20121129,1",CWC,Lose
"IPCM,99,附民上,14,20101230,1",CWC,Lose
"PCDM,108,智簡附民,6,20191204,1",CWC,Mixed
"TPDM,110,智附民,14,20211022,1",CWC,Mixed
"PCDM,110,智簡附民,15,20211028,1",CWC,Mixed
"PCDM,112,智重附民,5,20240124,1",CWC,Mixed
"TPDM,111,智重附民,5,20230104,1",CWC,Mixed
"KSDM,109,智簡附民,27,20201127,1",CWC,Mixed
"CYDM,110,智簡附民,3,20210826,1",CWC,Mixed
"IPCM,104,附民,3,20150507,1",CWC,Lose
"TCDM,108,智附民,53,20200828,1",CWC,Mixed
"IPCM,102,附民上,21,20131031,1",CWC,Lose
"IPCM,105,附民上,1,20160531,2",CWC,Lose
"SDEM,113,沙智簡附民,2,20240625,1",CWC,Mixed
"PTDM,107,智附民,3,20181128,1",CWC,Mixed
"IPCM,101,附民上,16,20120725,1",CWC,Lose
"TCDM,103,智附民,4,20140714,1",CWC,Lose
"TPDM,104,智附民,5,20150513,1",CWC,Mixed
"ILDM,110,智簡附民,3,20220323,1",CWC,Mixed
"CTDM,107,審智附民,4,20190321,2",CWC,Mixed
"TYDM,100,智附民,6,20110906,1",CWC,Lose
"PCDM,102,智附民,31,20140523,2",CWC,Lose
"TYDM,108,智附民,9,20220617,2",CWC,Mixed
"PCDM,101,智重附民,7,20140829,1",CWC,Mixed
"TCDM,100,智附民,25,20120120,1",CWC,Lose
"KSHM,91,附民,204,20021119,1",CWC,Lose
"KSDM,102,智簡附民,17,20131015,1",CWC,Mixed
"NTDM,101,智附民,2,20130205,1",CWC,Lose
"KSDM,101,審智簡附民上,1,20121213,1",CWC,Lose
"IPCM,98,附民上,2,20090507,1",CWC,Lose
"TPDM,109,智附民,24,20210413,1",CWC,Mixed
"PCDM,92,重附民,3,20030418,1",CWC,Mixed
"KSDM,107,審智附民,9,20181126,1",CWC,Mixed
"CHDM,108,智簡附民,3,20191209,1",CWC,Mixed
"IPCV,113,民著訴,17,20240709,1",CWC,Mixed
"ULDM,105,智附民,5,20160504,1",CWC,Lose
"TNDM,113,智附民,4,20240809,2",CWC,Lose
"IPCM,99,附民更(一),1,20101025,1",CWC,Win
"TNDV,96,智,15,20080507,1",CWC,Mixed
"TPDM,100,智附民,3,20140407,3",CWC,Lose
"TYDM,110,桃智簡附民,6,20211206,1",CWC,Mixed
"KSDM,109,智附民,4,20230615,1",CWC,Mixed
"TPDM,88,重附民,202,20000427",CWC,Lose
"IPCV,108,民專訴,22,20190531,2",CWC,Lose
"TPDM,89,重附民,45,20001003,1",CWC,Mixed
"IPCM,111,附民上,12,20230706,1",CWC,Lose
"CHDM,113,智簡附民,2,20240930,1",CWC,Mixed
"TYDM,104,桃智簡附民,9,20160830,1",CWC,Mixed
"IPCM,104,重附民上,4,20151029,1",CWC,Lose
"IPCM,103,重附民上,6,20141211,2",CWC,Lose
"TNDM,101,智附民,6,20120607,1",CWC,Mixed
"TCDM,101,智附民,31,20121228,1",CWC,Lose
"NTDM,102,智附民,5,20140430,1",CWC,Mixed
"PCDM,106,智簡附民,6,20171026,1",CWC,Lose
"SLDM,103,智簡附民上,1,20140618,1",CWC,Lose
"CHDM,107,智附民,1,20190605,1",CWC,Mixed
"SCDM,107,智附民,5,20190912,1",CWC,Mixed
"PTDM,110,智簡附民,3,20211230,1",CWC,Mixed
"KSDM,106,智簡附民,9,20180322,1",CWC,Mixed
"KSDM,105,智附民,15,20170906,1",CWC,Mixed
"PCDM,101,智重附民,8,20130628,1",CWC,Mixed
"SCDM,110,智附民,5,20221028,3",CWC,Mixed
"CYDM,111,智簡附民,5,20220628,1",CWC,Mixed
"PCDM,100,重附民,51,20140718,1",CWC,Lose
"TPDM,110,智簡附民,5,20210506,1",CWC,Mixed
"CYDM,106,智簡上附民,1,20171226,1",CWC,Mixed
"IPCM,97,重附民,2,20100422,1",CWC,Lose
"TPDM,104,智簡附民,5,20161027,2",CWC,Mixed
"TCDM,105,智附民,16,20171124,1",CWC,Lose
"PCDM,105,智簡附民上,1,20170818,1",CWC,Lose
"KSHV,89,訴易,65,20010110,1",CWC,Mixed
"IPCM,105,附民上,9,20160922,1",CWC,Lose
"TCDM,102,智附民,1,20130423,1",CWC,Mixed
"TPDV,92,智,92,20040108,1",CWC,Win
"NTDM,108,智附民,1,20190606,1",CWC,Lose
"TCDM,101,智附民,6,20120614,1",CWC,Lose
"PCDM,100,智重附民,4,20111111,1",CWC,Mixed
"TYDM,107,智附民,15,20190801,1",CWC,Lose
"TPDM,90,附民,394,20040315,1",CWC,Lose
"TCDM,100,智簡附民,6,20120330,1",CWC,Mixed
"IPCM,101,附民上,24,20121129,1",CWC,Lose
"PCDM,103,智簡附民,2,20140106,1",CWC,Lose
"IPCM,108,重附民上,3,20190829,1",CWC,Lose
"IPCM,103,附民上,19,20150415,2",CWC,Lose
"TCDM,106,智附民,27,20181220,1",CWC,Lose
"PCDM,111,智重附民,2,20231127,4",CWC,Mixed
"TCDM,102,智附民,11,20130830,1",CWC,Lose
"TNDM,104,智附民,8,20170505,1",CWC,Lose
"SLDV,92,智,24,20040901,1",CWC,Lose
"TCDM,104,智附民,12,20160803,1",CWC,Mixed
"TCDM,102,智附民,34,20140218,1",CWC,Mixed
"CYDM,106,原智簡附民,1,20170426,1",CWC,Mixed
"PCDM,102,附民,16,20140718,1",CWC,Lose
"TYDM,100,壢智簡附民,3,20120621,1",CWC,Mixed
"SCDM,105,智附民,4,20181112,1",CWC,Lose
"TYDM,106,智簡上附民,1,20170802,1",CWC,Mixed
"PCDM,107,智附民,22,20190307,1",CWC,Mixed
"TCDM,110,智附民,19,20211014,1",CWC,Mixed
"IPCM,104,附民上,16,20160128,1",CWC,Lose
"TNDM,108,智簡附民,27,20200131,1",CWC,Mixed
"IPCM,108,重附民上,4,20191205,1",CWC,Lose
"KSDM,101,審智簡附民,50,20130410,1",CWC,Mixed
"IPCM,99,附民上,10,20100927,1",CWC,Lose
"PCDM,100,智重附民,7,20121227,2",CWC,Mixed
"IPCM,110,附民上,13,20220525,3",CWC,Lose
"CYDM,108,智簡附民,1,20190131,1",CWC,Mixed
"TPDM,106,智簡附民,5,20170830,1",CWC,Win
"TCDM,108,智附民,46,20191113,1",CWC,Mixed
"ILDM,109,智簡附民,2,20201111,1",CWC,Mixed
"TCDM,109,智簡附民,11,20200602,1",CWC,Mixed
"TCDM,109,智附民,28,20220927,3",CWC,Mixed
"KSDM,100,審智簡附民,39,20120131,1",CWC,Mixed
"TPDM,102,智重附民,7,20141118,1",CWC,Lose
"CTDM,107,智簡附民,13,20190215,1",CWC,Mixed
"TCDM,104,智附民,15,20170125,1",CWC,Mixed
"TPDM,89,附民,69,20000229",CWC,Lose
"KSDM,107,智附民,2,20181004,1",CWC,Lose
"TCDM,109,智附民,11,20200415,1",CWC,Mixed
"TYDM,101,智附民,9,20130903,1",CWC,Mixed
"IPCM,103,附民上,25,20141016,1",CWC,Lose
"IPCM,105,附民上,11,20170426,1",CWC,Lose
"PCDM,104,智附民,29,20160129,1",CWC,Lose
"IPCM,103,重附民上,5,20140704,1",CWC,Lose
"TYDM,111,桃智簡附民,2,20220815,1",CWC,Mixed
"KSDM,104,智簡附民上,1,20160331,1",CWC,Lose
"CYDM,107,智簡附民,7,20190131,1",CWC,Mixed
"IPCM,100,附民上,3,20110623,1",CWC,Lose
"TPDV,93,智,82,20041126,1",CWC,Mixed
"IPCM,99,附民,10,20101209,1",CWC,Lose
"CHDM,109,智附民,6,20200929,1",CWC,Mixed
"IPCM,101,附民上,7,20120425,1",CWC,Lose
"IPCM,107,重附民上,7,20181227,1",CWC,Lose
"TYDM,110,智附民,11,20240815,1",CWC,Mixed
"KSDM,101,審智簡附民,1,20120131,1",CWC,Mixed
"IPCM,103,附民上,17,20140730,1",CWC,Lose
"TPDM,102,智附民,16,20131104,1",CWC,Mixed
"IPCM,103,附民上,3,20140417,1",CWC,Lose
"SDEM,103,沙智簡附民,1,20141126,1",CWC,Lose
"TPDM,101,智附民,16,20121128,2",CWC,Mixed
"TPDM,110,智附民,25,20220511,1",CWC,Lose
"IPCM,102,附民上,24,20131128,1",CWC,Lose
"PCDM,109,智簡上附民,9,20210304,1",CWC,Mixed
"IPCM,109,附民,1,20200227,1",CWC,Mixed
"KSDM,109,智簡附民,14,20200723,1",CWC,Mixed
"IPCM,105,附民,9,20161201,1",CWC,Mixed
"IPCM,103,附民上,12,20140528,1",CWC,Lose
"IPCM,102,附民上,23,20131213,1",CWC,Lose
"IPCM,100,附民上,22,20120510,1",CWC,Lose
"KSDM,107,審智附民,8,20180622,1",CWC,Mixed
"TPDM,111,智簡附民,6,20220719,1",CWC,Mixed
"IPCM,105,附民,3,20160310,1",CWC,Lose
"TPDM,113,附民,1861,20241128,1",CWC,Lose
"TPSM,110,台附,16,20210804,1",CWC,Lose
"TYDM,108,智重附民,1,20190808,1",CWC,Lose
"TCDM,109,智附民,59,20210520,1",CWC,Mixed
"PCDM,98,重附民,48,20100416,1",CWC,Mixed
"TCDM,105,智附民,10,20161222,1",CWC,Lose
"PCDM,107,智簡附民,2,20180316,1",CWC,Mixed
"PCDM,102,智簡附民,18,20140106,1",CWC,Mixed
"TCDM,111,智附民,8,20220809,1",CWC,Mixed
"TCDM,111,智附民,14,20221012,1",CWC,Mixed
"SCDM,105,智附民,1,20160817,1",CWC,Mixed
"CTDM,108,智簡附民,12,20200121,1",CWC,Mixed
"NTDM,109,投智簡附民,2,20201201,1",CWC,Mixed
"TCDM,110,智附民,16,20220629,1",CWC,Mixed
"IPCM,99,附民上,21,20110124,1",CWC,Lose
"TCDM,109,智簡附民,8,20200506,1",CWC,Mixed
"TYDM,107,智附民,7,20181008,2",CWC,Mixed
"TCDM,105,智附民,24,20170525,1",CWC,Mixed
"TNDM,95,智,11,20060523,1",CWC,Mixed
"PCDM,104,智重附民,4,20180828,2",CWC,Mixed
"TNDM,109,智簡上附民,2,20200528,1",CWC,Mixed
"PTDM,109,智附民,6,20201222,1",CWC,Mixed
"TPDM,92,附民,247,20040227,1",CWC,Lose
"KLDM,103,智簡附民,1,20140616,1",CWC,Lose
"IPCM,107,附民上,12,20181128,1",CWC,Lose
"TPDM,100,智附民,18,20110401,1",CWC,Lose
"KSDM,109,智簡附民,4,20200409,1",CWC,Mixed
"PTDM,100,智附民,10,20120105,1",CWC,Mixed
"TCDM,109,智附民,44,20201123,1",CWC,Mixed
"TPDM,89,附民,2,20000303,1",CWC,Lose
"IPCM,105,附民,6,20160527,1",CWC,Mixed
"TPDM,99,智重附民,10,20100205,1",CWC,Lose
"IPCM,112,附民上,14,20240131,2",CWC,Lose
"TPDM,99,智附民,7,20100625,1",CWC,Mixed
"TCDM,110,智附民,10,20210429,1",CWC,Mixed
"SLDM,104,智附民,5,20151015,1",CWC,Mixed
"TNDM,106,智簡附民,2,20170608,1",CWC,Mixed
"CHDM,108,智簡附民,17,20191125,1",CWC,Mixed
"TCDM,113,智簡附民,2,20241128,1",CWC,Mixed
"TCDM,112,智附民,14,20231025,1",CWC,Mixed
"MLDM,108,智簡附民,1,20190211,1",CWC,Mixed
"IPCM,99,重附民上,4,20111013,1",CWC,Mixed
"IPCM,109,附民上,2,20200514,1",CWC,Lose
"KSDM,101,審智簡附民,19,20121120,1",CWC,Mixed
"SCDM,103,智附民,6,20150914,1",CWC,Lose
"IPCM,104,附民上,3,20160721,1",CWC,Lose
"TPDM,109,智附民,32,20211115,2",CWC,Mixed
"TYDM,110,智重附民,3,20230330,1",CWC,Mixed
"IPCM,100,附民上,26,20120215,1",CWC,Lose
"PCDM,108,智簡上附民,6,20200115,1",CWC,Mixed
"TPDM,105,智簡附民,1,20160526,1",CWC,Mixed
"IPCM,107,附民,2,20200423,2",CWC,Lose
"TNDM,110,智附民,3,20220329,2",CWC,Lose
"TCDM,106,智重附民,12,20180827,1",CWC,Mixed
"KSDM,110,智簡附民,20,20211029,1",CWC,Mixed
"TYDM,100,智簡附民上,2,20120229,1",CWC,Lose
"CTDM,108,智簡附民,18,20200227,1",CWC,Mixed
"IPCM,108,重附民上,6,20200213,1",CWC,Lose
"IPCM,105,附民上,4,20160630,1",CWC,Lose
"ILDM,108,智附民,4,20200430,1",CWC,Lose
"IPCM,100,附民,9,20111006,1",CWC,Lose
"CHDM,101,智附民,2,20131223,1",CWC,Lose
"TCDM,102,智簡附民,4,20131029,1",CWC,Mixed
"KSDM,104,審智附民,1,20150909,1",CWC,Mixed
"TNDM,107,智簡附民,9,20180719,1",CWC,Mixed
"KLDM,106,智重附民,1,20190628,3",CWC,Mixed
"KSDM,104,智附民,5,20150731,1",CWC,Mixed
"CYDM,99,智附民,7,20101130,1",CWC,Mixed
"IPCM,101,重附民上,4,20120426,1",CWC,Lose
"SCDV,95,竹智簡,5,20061013,1",CWC,Win
"PCDM,104,智附民,33,20160225,1",CWC,Mixed
"IPCM,111,重附民上,4,20230518,1",CWC,Lose
"TCDM,106,智附民,28,20171226,1",CWC,Lose
"KSHM,91,附民上,53,20021008,1",CWC,Lose
"PTDM,106,智重附民,1,20181017,1",CWC,Mixed
"KLDM,99,智重附民,1,20111226,1",CWC,Mixed
"IPCM,102,附民上,5,20130530,1",CWC,Lose
"SLDM,107,智附民,10,20181025,1",CWC,Mixed
"IPCM,106,重附民上,2,20180131,1",CWC,Lose
"TCDM,107,智附民,10,20180531,1",CWC,Mixed
"CYDM,102,智簡附民,2,20131106,1",CWC,Mixed
"IPCM,107,附民上,23,20200723,1",CWC,Lose
"IPCM,102,重附民上,7,20140103,1",CWC,Lose
"PCDM,89,重附民,58,20010409,1",CWC,Lose
"TNDM,109,智附民,12,20210913,1",CWC,Lose
"PCDM,99,智附民,29,20101221,1",CWC,Mixed
"CTDM,105,智附民,2,20160929,1",CWC,Lose
"CHDM,100,智附民,4,20111117,1",CWC,Mixed
"PCDM,112,智附民,3,20230411,1",CWC,Mixed
"IPCM,106,重附民上,5,20180830,1",CWC,Lose
"TYDM,111,智重附民,3,20231225,2",CWC,Lose
"TCDM,110,智附民,11,20210421,1",CWC,Mixed
"TCDM,109,智簡附民,28,20201125,1",CWC,Win
"PCDM,102,智附民,6,20130514,1",CWC,Mixed
"IPCM,109,附民上,9,20200716,1",CWC,Lose
"CYDM,108,智附民,3,20190529,1",CWC,Mixed
"TCDM,100,智簡附民,3,20110330,1",CWC,Lose
"PCDM,97,重附民,20,20090817,1",CWC,Mixed
"CHDM,99,智重附民,2,20110401,1",CWC,Lose
"TCDM,102,智附民,9,20140106,1",CWC,Lose
"TCDM,101,智簡附民,4,20120501,1",CWC,Lose
"TYDM,105,智附民,5,20180622,1",CWC,Mixed
"TCDM,106,智附民,16,20170815,1",CWC,Mixed
"KSDM,104,審智附民,11,20160203,1",CWC,Mixed
"IPCM,109,附民上,15,20201209,1",CWC,Lose
"TPSM,110,台附,14,20210811,1",CWC,Lose
"KSDM,100,智附民,22,20120712,1",CWC,Mixed
"PCDM,107,智附民,7,20180330,1",CWC,Mixed
"SCDV,97,重智,2,20090630,1",CWC,Mixed
"IPCM,106,重附民上,4,20180125,1",CWC,Lose
"IPCM,103,附民上,11,20140331,1",CWC,Lose
"SCDM,102,智簡附民,5,20130826,1",CWC,Lose
"KSDM,100,審智簡附民,13,20110429,1",CWC,Mixed
"TNDM,113,智附民,3,20240408,1",CWC,Lose
"CTDM,108,智簡附民,14,20191227,1",CWC,Mixed
"CYDM,105,智簡附民,5,20161205,1",CWC,Mixed
"PCDM,110,智附民,14,20210531,1",CWC,Mixed
"PCDM,104,智附民,8,20150817,1",CWC,Mixed
"TCDM,108,智附民,11,20190430,1",CWC,Mixed
"KSDM,99,智附民,20,20101229,1",CWC,Mixed
"MLDV,97,重智,2,20090526,1",CWC,Mixed
"TYDM,107,智附民,11,20201124,1",CWC,Mixed
"CTDM,106,智簡附民,18,20180117,1",CWC,Mixed
"TNDM,104,智附民,5,20150828,1",CWC,Lose
"TCDM,108,智簡附民,30,20191224,1",CWC,Mixed
"IPCM,98,重附民上更(一),1,20100104,2",CWC,Lose
"TYDM,100,審智附民,6,20120224,2",CWC,Mixed
"PCDM,110,智簡附民,27,20220120,1",CWC,Mixed
"CHDM,100,智附民,5,20111004,1",CWC,Mixed
"TCDM,104,智簡附民,16,20160330,1",CWC,Mixed
"TYDM,110,智重附民,6,20230330,1",CWC,Mixed
"TYDM,112,桃智簡附民,4,20230927,1",CWC,Mixed
"TCDM,110,智附民,34,20221227,1",CWC,Lose
"TCDM,106,智重附民,14,20170830,1",CWC,Mixed
"KSDM,98,簡附民,13,20091030,1",CWC,Mixed
"IPCM,110,附民上,3,20210429,1",CWC,Lose
"CTDM,111,智附民,2,20220803,1",CWC,Lose
"TCDM,110,智附民,13,20220117,1",CWC,Win
"CTDM,111,智簡附民,10,20221221,1",CWC,Mixed
"KSDM,102,智簡附民,34,20140528,3",CWC,Mixed
"TPDM,110,智附民,6,20220419,1",CWC,Lose
"IPCM,101,附民,1,20120315,1",CWC,Lose
"KSDM,102,智簡附民,33,20140421,1",CWC,Mixed
"TCDM,110,智簡附民,12,20210929,1",CWC,Mixed
"KSDM,110,智簡附民,19,20220106,1",CWC,Mixed
"PTDM,107,智簡附民,2,20181102,1",CWC,Mixed
"IPCM,97,附民上更(一),1,20090226,1",CWC,Lose
"TYDM,104,智附民,4,20160115,1",CWC,Mixed
"TCDM,99,智附民,22,20120430,1",CWC,Lose
"TCDM,105,智附民,13,20160914,1",CWC,Mixed
"SLDM,112,智附民,1,20241226,2",CWC,Lose
"PCDM,111,智簡上附民,2,20220628,1",CWC,Mixed
"SCDM,101,智附民,3,20121214,1",CWC,Mixed
"NTDM,107,智附民,1,20190517,1",CWC,Lose
"KMDM,111,智重附民,1,20220824,1",CWC,Lose
"TCDM,100,智簡附民上,1,20110603,1",CWC,Lose
"PCDM,110,智簡附民,28,20220411,1",CWC,Mixed
"TPDM,104,智附民,8,20160623,1",CWC,Mixed
"CHDM,101,智簡附民,5,20120411,1",CWC,Lose
"IPCM,99,附民,8,20101129,1",CWC,Lose
"PCDM,113,智附民,3,20240628,1",CWC,Mixed
"IPCM,112,附民上,14,20240131,1",CWC,Lose
"SCDM,104,智附民,2,20160826,1",CWC,Lose
"PCDM,102,智簡附民,15,20140331,1",CWC,Mixed
"TYDM,108,智重附民,4,20200730,1",CWC,Mixed
"TCDM,101,智附民,18,20120622,2",CWC,Lose
"TCDM,111,智重附民,26,20230630,1",CWC,Mixed
"KSDM,107,智附民,4,20180621,1",CWC,Mixed
"TPHM,92,附民,44,20030319,1",CWC,Mixed
"CTDM,108,智簡附民,1,20190227,1",CWC,Mixed
"TCDM,103,智簡附民,3,20140303,1",CWC,Lose
"TYDM,113,智附民,5,20240927,1",CWC,Mixed
"TCHM,91,重附民上,411,20030122,1",CWC,Lose
"TCDM,108,智簡附民,20,20191128,1",CWC,Mixed
"PTDM,109,智附民,4,20210126,1",CWC,Mixed
"PTDM,108,智簡附民上,1,20191129,1",CWC,Lose
"KLDM,102,智重附民,1,20141216,2",CWC,Mixed
"IPCM,111,附民上,1,20220830,1",CWC,Lose
"PCDM,97,簡附民上,1,20090306,1",CWC,Lose
"TYDM,110,智附民,6,20220718,2",CWC,Mixed
"KSDM,107,智簡附民,19,20190524,1",CWC,Mixed
"SCDM,106,智附民,8,20180723,1",CWC,Mixed
"TPDM,103,智簡附民,1,20140102,1",CWC,Lose
"IPCM,100,附民上,16,20111109,1",CWC,Lose
"PCDM,100,智附民,2,20110414,1",CWC,Mixed
"PCDM,112,智重附民,8,20240124,1",CWC,Mixed
"CYDM,105,智簡附民,4,20160802,1",CWC,Mixed
"IPCM,109,附民上,13,20210128,1",CWC,Lose
"CYDM,103,智附民,4,20150810,1",CWC,Lose
"CTDM,106,智簡附民,5,20170710,1",CWC,Mixed
"TPDM,100,智簡附民,6,20110616,1",CWC,Mixed
"CTDM,106,智簡附民,3,20170616,1",CWC,Mixed
"IPCM,102,附民上,5,20130530,2",CWC,Lose
"PCDM,105,智簡上附民,4,20160810,1",CWC,Mixed
"TCDM,103,智附民,21,20150108,1",CWC,Mixed
"IPCM,110,附民上,20,20220519,1",CWC,Lose
"TPDV,109,智,38,20201231,2",CWC,Mixed
"KSDM,111,原智附民,1,20220630,1",CWC,Mixed
"ULDM,103,智附民,9,20160130,2",CWC,Mixed
"IPCM,98,附民上,15,20090917,1",CWC,Lose
"SCDM,106,智附民,5,20180511,1",CWC,Mixed
"KSDM,99,審智附民,15,20101231,1",CWC,Mixed
"PCDM,89,附民,248,20001130",CWC,Lose
"PCDM,106,智附民,42,20180426,1",CWC,Mixed
"IPCM,101,重附民上,10,20121004,1",CWC,Lose
"IPCM,108,重附民上,2,20191121,1",CWC,Lose
"TCDM,107,智附民,34,20191017,2",CWC,Lose
"KSDM,107,智附民,6,20190918,1",CWC,Lose
"KSDM,108,智簡附民,24,20200409,1",CWC,Mixed
"TNDM,112,智附民,11,20231103,1",CWC,Mixed
"KSDM,113,智簡附民,6,20240718,1",CWC,Mixed
"CYDM,111,智附民,1,20220829,1",CWC,Mixed
"IPCM,102,附民上,22,20140226,1",CWC,Lose
"PCDM,105,智重附民,2,20161026,1",CWC,Mixed
"PTDM,112,智簡附民,1,20230302,1",CWC,Mixed
"CTDM,111,智附民,4,20240530,1",CWC,Win
"PCDM,108,智附民,19,20200116,1",CWC,Mixed
"IPCM,108,附民上,11,20191127,1",CWC,Lose
"TYDM,101,壢智簡附民,3,20120727,1",CWC,Lose
"TCDM,100,智附民,34,20111102,1",CWC,Lose
"SCDM,110,原智簡附民,1,20210831,1",CWC,Mixed
"IPCM,104,附民上,11,20151231,1",CWC,Lose
"TCDM,108,智簡附民,5,20190225,1",CWC,Mixed
"IPCM,109,重附民上,2,20200618,1",CWC,Lose
"TYDM,113,智簡附民上,2,20240712,1",CWC,Lose
"IPCM,106,附民上,18,20180329,1",CWC,Lose
"TYDM,100,智附民,9,20120308,1",CWC,Lose
"SCDM,111,智簡附民,2,20221209,1",CWC,Mixed
"TPDM,89,附民,232,20000515",CWC,Lose
"TCDM,99,智附民,14,20110314,1",CWC,Mixed
"KSDM,107,智簡附民,6,20180831,1",CWC,Mixed
"CTDM,110,智附民,4,20230621,2",CWC,Mixed
"TCDM,105,智簡上附民,2,20160809,1",CWC,Mixed
"IPCM,102,重附民上,3,20131017,1",CWC,Lose
"CHDM,102,智附民,1,20130220,1",CWC,Mixed
"IPCM,109,重附民上,6,20210128,1",CWC,Lose
"TPDM,100,智簡上附民,1,20110329,1",CWC,Mixed
"FYEM,112,豐智簡附民,7,20231123,1",CWC,Mixed
"TPDM,108,智簡附民,5,20190603,1",CWC,Mixed
"IPCM,99,附民上,2,20100624,1",CWC,Lose
"PCDM,112,智重附民,7,20240227,1",CWC,Mixed
"ULDM,108,智附民,3,20200309,1",CWC,Mixed
"IPCM,103,附民上,27,20150122,2",CWC,Lose
"KSDM,104,智附民,4,20150714,1",CWC,Mixed
"PTDM,113,智簡上附民,1,20240521,1",CWC,Mixed
"KSDM,107,智簡附民上,1,20181122,1",CWC,Lose
"KSDM,104,智簡附民,28,20151021,1",CWC,Mixed
"IPCM,108,附民上,20,20191128,1",CWC,Lose
"TNDM,108,智簡附民,22,20191231,1",CWC,Mixed
"HLDM,103,花智簡附民,1,20140529,1",CWC,Mixed
"TCDM,108,智附民,26,20200331,1",CWC,Lose
"IPCM,101,附民上,13,20120711,1",CWC,Lose
"PCDM,102,智附民,7,20130927,1",CWC,Lose
"KSDM,100,智附民,24,20111223,1",CWC,Mixed
"NTDM,102,智附民,2,20150409,3",CWC,Mixed
"TPDM,101,智簡附民,8,20120613,1",CWC,Mixed
"PCDM,100,智重附民,9,20120329,1",CWC,Mixed
"TNDM,100,智簡上附民,1,20110719,1",CWC,Win
"PCDV,97,智,2,20080505,1",CWC,Mixed
"TPDV,95,智,88,20071019,2",CWC,Win
"TYDM,112,智附民,9,20240730,1",CWC,Mixed
"TNDM,108,智重附民,1,20200414,1",CWC,Mixed
"TCDM,104,智附民,3,20151019,1",CWC,Mixed
"TNDM,109,智簡附民,9,20200618,1",CWC,Mixed
"IPCM,99,附民上,1,20100308,1",CWC,Lose
"PCDM,106,智附民,31,20180209,2",CWC,Mixed
"TYDM,111,智附民,9,20221227,1",CWC,Mixed
"TPDV,96,智,28,20100518,5",CWC,Mixed
"CHDM,102,智附民,6,20130830,1",CWC,Mixed
"IPCM,101,附民,6,20130124,2",CWC,Lose
"TPDM,92,附民,72,20030819,1",CWC,Lose
"IPCM,108,附民上,7,20190822,1",CWC,Lose
"TCDM,106,智附民,22,20171226,1",CWC,Lose
"TPDM,108,智附民,4,20190515,1",CWC,Mixed
"CYDM,99,智附民,8,20110209,1",CWC,Mixed
"ULDM,112,智附民,1,20230614,1",CWC,Mixed
"IPCM,111,重附民,3,20230322,1",CWC,Mixed
"TPDV,97,智,26,20130531,3",CWC,Mixed
"TPDM,107,智附民,21,20181214,1",CWC,Mixed
"IPCM,105,附民上,22,20170831,1",CWC,Lose
"CHDV,96,智,3,20070731,1",CWC,Mixed
"TPDM,107,智附民,2,20180419,1",CWC,Mixed
"CYDM,107,智簡附民,3,20180927,1",CWC,Mixed
"IPCM,101,附民上,11,20120620,1",CWC,Lose
"PCDM,110,智附民,36,20211230,1",CWC,Lose
"TCDM,107,智重附民,2,20190312,1",CWC,Lose
"TYDM,110,桃智簡附民,3,20211206,1",CWC,Mixed
"ILDM,111,智附民,1,20220505,1",CWC,Mixed
"CYDM,111,智簡附民,6,20220829,1",CWC,Mixed
"TYDM,110,智附民,13,20220411,2",CWC,Mixed
"PCDM,105,智附民,11,20170425,1",CWC,Mixed
"PCDM,101,智簡附民上,1,20121030,1",CWC,Lose
"MLDM,111,智重附民,1,20240625,1",CWC,Mixed
"TPDM,97,附民,542,20090211,1",CWC,Lose
"KSDM,102,智附民,9,20130917,1",CWC,Mixed
"TNDM,105,智簡附民,9,20160930,1",CWC,Mixed
"IPCM,110,附民上,10,20210929,1",CWC,Lose
"TCDM,105,智簡附民,2,20160321,1",CWC,Mixed
"KSDM,108,智簡附民,10,20191007,1",CWC,Mixed
"IPCM,106,附民上,1,20170825,1",CWC,Lose
"PCDM,101,智簡附民,14,20120924,1",CWC,Lose
"IPCM,100,附民上,7,20110808,1",CWC,Lose
"CYDM,100,智簡附民,1,20110610,1",CWC,Lose
"TNHM,90,附民上,282,20011120,1",CWC,Lose
"IPCM,106,附民上,5,20170615,1",CWC,Lose
"CTDM,106,智簡附民,8,20170609,1",CWC,Mixed
"TCDM,106,智附民,7,20170331,1",CWC,Lose
"TNDM,102,智簡上附民,1,20131016,1",CWC,Mixed
"TCDV,96,智,42,20081114,3",CWC,Mixed
"PCDM,111,智簡上附民,3,20221130,1",CWC,Mixed
"KSDM,111,智簡附民,13,20221130,1",CWC,Mixed
"TCDM,113,智附民,6,20240722,1",CWC,Win
"TYDM,107,智附民,14,20190715,1",CWC,Mixed
"KSDM,101,智附民,15,20121130,1",CWC,Mixed
"IPCM,106,附民上,3,20170713,1",CWC,Lose
"TCDM,104,智附民,18,20150914,1",CWC,Lose
"PCDM,99,智簡附民上,3,20111031,2",CWC,Lose
"PCDM,97,簡附民,112,20080930,1",CWC,Mixed
"PCDM,98,附民,525,20091231,1",CWC,Win
"IPCM,107,附民上,1,20180613,1",CWC,Lose
"IPCM,103,附民上,23,20141119,1",CWC,Lose
"PTDM,106,智附民,2,20180331,1",CWC,Mixed
"TPDM,88,附民,674,20000303",CWC,Lose
"PCDM,102,智重附民,1,20130222,1",CWC,Lose
"IPCM,98,附民上,10,20091109,1",CWC,Lose
"IPCM,100,附民,14,20120131,1",CWC,Mixed
"KSDM,99,智附民,9,20100726,1",CWC,Mixed
"PTDM,100,智附民,4,20110524,1",CWC,Mixed
"PCDM,110,智附民,15,20210826,1",CWC,Mixed
"MLDM,112,智簡附民,7,20240223,1",CWC,Mixed
"TCDM,106,智附民,9,20170927,1",CWC,Mixed
"HLDV,97,智,3,20090417,3",CWC,Mixed
"IPCM,97,附民上,1,20081120,1",CWC,Lose
"SLDM,107,智重附民,3,20210513,1",CWC,Mixed
"TCDM,110,智附民,23,20220614,1",CWC,Mixed
"KSDM,101,智附民,17,20130411,1",CWC,Mixed
"SLDM,111,智附民,3,20220506,1",CWC,Mixed
"IPCM,108,重附民上,5,20200116,1",CWC,Lose
"CTDM,106,智簡附民,16,20171215,1",CWC,Mixed
"IPCM,107,重附民上,11,20190307,1",CWC,Lose
"IPCM,102,重附民上,5,20130613,1",CWC,Lose
"KSDM,110,智附民,3,20211029,1",CWC,Mixed
"IPCM,105,附民上,8,20160831,1",CWC,Lose
"TYDM,112,智簡附民上,1,20231114,1",CWC,Lose
"KLDM,108,智附民,2,20190415,1",CWC,Mixed
"TYDM,111,桃智簡附民,4,20221226,1",CWC,Mixed
"CHDM,102,智附民,5,20130909,1",CWC,Lose
"TCDM,112,智附民,29,20240425,1",CWC,Mixed
"IPCM,106,附民,5,20170831,1",CWC,Lose
"TPDM,90,附民,138,20010327,1",CWC,Lose
"IPCM,110,重附民上,4,20211203,1",CWC,Lose
"KSDM,101,智附民,3,20120928,1",CWC,Lose
"TCDM,108,智附民,14,20200826,2",CWC,Mixed
"KSDM,93,簡附民,2,20040304,1",CWC,Mixed
"TNDM,106,智簡附民,5,20170428,1",CWC,Mixed
"IPCM,105,附民上,14,20161124,1",CWC,Lose
"ULDM,108,港智簡附民,5,20200707,2",CWC,Mixed
"NTDM,108,投智簡附民,1,20190809,1",CWC,Mixed
"TCDM,101,智附民,14,20120912,2",CWC,Mixed
"TCDM,107,智附民,38,20190424,1",CWC,Mixed
"IPCM,98,附民,3,20091022,1",CWC,Lose
"SLDM,112,智附民,11,20230901,1",CWC,Mixed
"PCDM,109,智附民,1,20200122,1",CWC,Lose
"KSDM,103,智附民,7,20150710,1",CWC,Lose
"TNDV,94,智,13,20080318,3",CWC,Mixed
"TYDM,104,智重附民,1,20170414,1",CWC,Mixed
"TNEV,95,南智簡,1,20060914,1",CWC,Win
"SCDM,102,智附民,2,20130725,1",CWC,Lose
"TYDM,102,智附民,2,20131212,1",CWC,Mixed
"CHDM,109,智簡附民,7,20200526,1",CWC,Mixed
"TYDM,110,智附民,7,20210907,1",CWC,Lose
"IPCM,100,附民,10,20111123,1",CWC,Mixed
"CHDM,110,智簡附民,13,20220211,1",CWC,Mixed
"PCDM,111,智附民,6,20221124,1",CWC,Mixed
"TCDM,108,智簡附民,9,20190516,1",CWC,Mixed
"IPCM,107,附民上,5,20180809,1",CWC,Lose
"TNDM,102,智簡附民,1,20130115,1",CWC,Lose
"TCDM,107,智附民,40,20190327,1",CWC,Mixed
"SDEM,109,沙智簡附民,2,20200728,1",CWC,Mixed
"IPCM,104,附民上,8,20151008,1",CWC,Lose
"IPCM,103,附民上,24,20141119,1",CWC,Lose
"KSDM,110,智簡附民,15,20211020,1",CWC,Mixed
"KSDM,100,智簡上附民,1,20111215,1",CWC,Mixed
"PTDM,100,智簡附民,8,20111108,1",CWC,Lose
"TPDM,108,智重附民,1,20210727,1",CWC,Mixed
"TPDM,89,重附民,44,20000622",CWC,Mixed
"TYDM,112,智重附民,2,20240712,1",CWC,Mixed
"SLDM,108,智重附民,2,20210513,1",CWC,Mixed
"CHDM,100,智簡附民,7,20120314,1",CWC,Mixed
"TCDM,113,智簡附民,9,20241030,1",CWC,Mixed
"SCDM,106,智附民,9,20180222,1",CWC,Mixed
"IPCM,102,重附民上,8,20140116,1",CWC,Lose
"IPCM,104,附民上,22,20160310,1",CWC,Lose
"CYDM,109,智附民,3,20200930,1",CWC,Mixed
"CHDM,105,智重附民,1,20160802,1",CWC,Mixed
"IPCM,101,重附民更(一),2,20150729,1",CWC,Lose
"TYDM,110,審智附民,23,20220325,1",CWC,Mixed
"PCDM,106,智附民,32,20180201,1",CWC,Mixed
"KSDM,109,智簡附民,23,20201023,1",CWC,Mixed
"TPDM,107,智附民,1,20180226,1",CWC,Mixed
"IPCM,109,重附民上,9,20210901,1",CWC,Lose
"TPDM,108,智簡附民,11,20191003,1",CWC,Mixed
"TYDM,110,智附民,10,20211228,1",CWC,Lose
"TPDM,109,智附民,10,20200805,1",CWC,Lose
"TPHM,93,附民,172,20041228,1",CWC,Win
"TNDM,108,智附民,5,20200331,1",CWC,Mixed
"KSDM,102,審智簡附民,4,20130329,1",CWC,Lose
"TPDM,104,智簡附民上,2,20150603,1",CWC,Lose
"TYDM,105,智附民,9,20161222,1",CWC,Lose
"KSDM,102,智附民,11,20131016,1",CWC,Mixed
"TPDM,109,智簡附民,20,20201014,1",CWC,Mixed
"TCDM,109,智簡上附民,4,20200918,1",CWC,Mixed
"CHDM,109,智簡附民上,1,20200610,1",CWC,Lose
"TCDM,106,智簡附民,6,20171115,2",CWC,Mixed
"PCDM,110,智附民,1,20220426,1",CWC,Mixed
"PCDM,110,智附民,35,20220428,1",CWC,Mixed
"KLDM,107,智重附民,1,20181214,1",CWC,Lose
"KSDM,100,智附民,25,20111229,1",CWC,Mixed
"TPDM,106,智重附民,1,20170504,2",CWC,Mixed
"KSDM,111,智附民,8,20221122,1",CWC,Mixed
"IPCM,111,附民,3,20230208,1",CWC,Lose
"TPDV,97,智,25,20080630,1",CWC,Mixed
"CYDM,103,智簡附民,7,20141231,1",CWC,Lose
"CHDM,104,智附民,1,20150805,1",CWC,Lose
"TPDM,100,智附民,17,20110518,1",CWC,Mixed
"TPDM,107,智簡附民,2,20180521,1",CWC,Mixed
"IPCM,103,附民,3,20150205,1",CWC,Mixed
"PCDM,107,智附民,29,20190718,1",CWC,Lose
"TPHM,89,重附民,23,20000726",CWC,Lose
"IPCM,100,附民上,18,20111103,1",CWC,Lose
"NTDM,108,投智簡附民,2,20191212,1",CWC,Mixed
"NTDM,99,智附民,3,20110608,1",CWC,Lose
"IPCM,102,附民上,8,20130530,1",CWC,Lose
"IPCM,110,附民上,22,20220601,1",CWC,Lose
"IPCM,110,重附民上,5,20231031,3",CWC,Lose
"TPDM,89,附民,500,20020422,1",CWC,Lose
"TCDM,102,智附民,4,20130409,1",CWC,Mixed
"TPDM,106,智重附民,2,20180328,1",CWC,Lose
"TYDM,100,桃智簡附民,3,20111115,1",CWC,Mixed
"ULDM,102,智附民,2,20130731,1",CWC,Mixed
"PCDM,105,智簡附民,5,20161123,1",CWC,Mixed
"TPDM,111,智簡上附民,1,20220525,1",CWC,Mixed
"IPCM,105,附民上,1,20160531,1",CWC,Lose
"TCDM,106,智附民更一,1,20170531,1",CWC,Mixed
"TPDM,108,智附民,9,20211230,1",CWC,Mixed
"TPDM,109,智附民,35,20210129,1",CWC,Mixed
"TYDM,108,智重附民,2,20210507,2",CWC,Mixed
"TNDM,109,智簡附民,3,20200318,1",CWC,Mixed
"MLDM,104,智簡附民,3,20151029,1",CWC,Mixed
"KLDM,100,智簡上附民,1,20110803,2",CWC,Mixed
"TYDM,100,審智重附民,4,20120806,1",CWC,Mixed
"TCDM,109,智附民,19,20200922,1",CWC,Mixed
"PCDM,99,智重附民,5,20100802,1",CWC,Mixed
"TPDM,89,附民,2,20000303",CWC,Lose
"TCDM,106,智附民,26,20171229,1",CWC,Mixed
"TPDM,91,附民,360,20031205,1",CWC,Lose
"IPCM,102,重附民,2,20131205,1",CWC,Lose
"TPDM,99,智附民,2,20100528,1",CWC,Lose
"KSDM,100,智附民,26,20111226,1",CWC,Mixed
"PCDM,108,智簡附民,2,20190121,1",CWC,Lose
"PCDM,102,智重附民,4,20140106,1",CWC,Lose
"IPCM,103,附民上,10,20140904,1",CWC,Lose
"CTDM,106,智附民,4,20181228,1",CWC,Mixed
"IPCM,101,附民上,26,20130516,3",CWC,Lose
"IPCM,103,重附民上,9,20141126,1",CWC,Lose
"TCDM,110,智附民,5,20210325,1",CWC,Mixed
"TCDM,106,智簡附民,7,20171130,1",CWC,Mixed
"IPCM,102,重附民上,2,20131205,2",CWC,Lose
"PCDM,105,智附民,3,20160831,1",CWC,Lose
"IPCM,100,附民上,13,20111026,1",CWC,Lose
"TNDM,108,智附民,4,20190822,1",CWC,Mixed
"PCDM,104,智重附民,1,20150511,1",CWC,Mixed
"SCDM,101,智簡附民,1,20130117,1",CWC,Lose
"TYDM,107,智附民,17,20190325,1",CWC,Lose
"TYDM,99,桃智簡附民,1,20110727,1",CWC,Mixed
"TPDM,108,智簡附民,7,20190813,1",CWC,Mixed
"TPHM,92,重附民,32,20040224,1",CWC,Lose
"IPCM,103,重附民上,8,20150702,2",CWC,Lose
"TPDM,88,重附民,150,20020218,1",CWC,Lose
"TPDM,104,智附民,21,20170330,1",CWC,Mixed
"TNDM,108,智簡附民,29,20200108,1",CWC,Mixed
"TLEM,101,六智簡附民,2,20120529,1",CWC,Lose
"IPCM,107,附民上,3,20180531,1",CWC,Lose
"IPCM,108,重附民上,9,20210826,3",CWC,Lose
"IPCM,98,附民上,16,20100121,1",CWC,Lose
"IPCM,105,附民,4,20160331,1",CWC,Lose
"IPCM,101,附民,5,20121025,1",CWC,Mixed
"TPDM,113,智附民,2,20241125,1",CWC,Lose
"TPDM,102,智重附民,6,20140619,1",CWC,Lose
"TPDM,107,智重附民,2,20180524,1",CWC,Lose
"IPCM,101,附民上,28,20130515,1",CWC,Lose
"IPCM,99,附民上,22,20110120,1",CWC,Lose
"TPDM,105,智附民,9,20160628,1",CWC,Lose
"KSDM,99,審簡附民,23,20100611,2",CWC,Mixed
"TNDM,102,智附民,6,20140415,1",CWC,Mixed
"IPCV,109,民營訴,7,20200528,1",CWC,Lose
"SCDM,100,智附民,1,20120604,3",CWC,Mixed
"TPDM,104,智簡附民,6,20151119,1",CWC,Mixed
"CTDM,111,智附民,3,20240530,1",CWC,Win
"PTDM,106,智附民,4,20190103,1",CWC,Mixed
"IPCV,101,民商上,6,20120816,1",CWC,Lose
"PCDM,99,智簡附民,9,20101129,1",CWC,Mixed
"PTDM,102,智簡附民,2,20131129,1",CWC,Lose
"CHDM,101,智簡附民,2,20120215,1",CWC,Lose
"TYDM,101,智重附民,1,20120629,1",CWC,Mixed
"TCDM,103,智簡附民,1,20140227,2",CWC,Mixed
"IPCM,104,重附民上,1,20150625,1",CWC,Lose
"TCDM,105,智附民,9,20160630,1",CWC,Mixed
"TPDM,99,附民緝,14,20101228,1",CWC,Mixed
"IPCM,108,附民上,2,20190509,1",CWC,Lose
"SLDM,108,智重附民,1,20190731,1",CWC,Mixed
"TCDM,111,智簡上附民,1,20220831,1",CWC,Mixed
"TPDM,101,智附民,23,20140721,1",CWC,Lose
"TCDM,108,智簡附民上,1,20190418,1",CWC,Lose
"PTDM,101,智附民,3,20130419,1",CWC,Mixed
"TNDM,102,智附民,5,20150211,1",CWC,Lose
"CTDM,107,智簡附民,7,20181019,1",CWC,Mixed
"TNDM,109,智附民更一,1,20201230,1",CWC,Lose
"HLDM,101,花智簡附民,1,20140731,1",CWC,Lose
"TNDV,97,智,14,20081209,2",CWC,Win
"KSDM,101,審智簡附民,15,20120817,1",CWC,Mixed
"TPDM,89,附民,430,20001120,1",CWC,Lose
"TCDM,109,智簡附民,43,20201207,1",CWC,Lose
"PCDM,111,智簡上附民,5,20230110,2",CWC,Mixed
"CTDM,104,智附民,15,20161117,2",CWC,Mixed
"CTDM,108,智附民,1,20191016,2",CWC,Mixed
"TYDM,99,桃智簡附民,3,20110608,1",CWC,Win
"CYDM,103,智簡附民,6,20150330,1",CWC,Mixed
"IPCM,109,附民上,19,20210304,1",CWC,Lose
"TCDM,108,智簡附民,32,20191224,1",CWC,Mixed
"SLDM,112,智附民,4,20230530,1",CWC,Mixed
"TNHV,93,訴易,20,20050301,1",CWC,Lose
"KSDM,93,簡附民,40,20040617,1",CWC,Win
"TCDM,101,智簡附民,1,20120215,1",CWC,Mixed
"IPCM,109,重附民上,8,20210401,1",CWC,Lose
"TYDM,106,智重附民更(一),1,20191230,1",CWC,Mixed
"TPDM,109,智簡附民,16,20201123,1",CWC,Mixed
"TPDM,107,智重附民,4,20200220,1",CWC,Mixed
"TCDM,111,智簡附民,18,20221017,1",CWC,Mixed
"PCDM,103,智附民,32,20150511,1",CWC,Mixed
"TPDM,98,附民,326,20131224,1",CWC,Lose
"TCDM,111,智簡附民,33,20221230,1",CWC,Mixed
"TPDM,88,附民,576,20000201",CWC,Lose
"TPDM,103,智簡附民,6,20141231,1",CWC,Mixed
"PTDM,109,智附民,1,20200721,3",CWC,Mixed
"CHDM,108,智附民,2,20190423,1",CWC,Mixed
"TCDM,112,智附民,1,20240516,1",CWC,Lose
"PCDM,99,智簡附民上,1,20100630,1",CWC,Lose
"PCDM,101,智簡附民,8,20121228,1",CWC,Mixed
"TPDM,103,智簡附民,19,20150305,1",CWC,Mixed
"CHDM,109,智簡附民,16,20201231,1",CWC,Mixed
"TPDM,101,智附民,12,20121224,1",CWC,Lose
"TCDM,105,智附民,26,20170309,1",CWC,Lose
"CYDM,103,智附民,1,20140922,1",CWC,Mixed
"TPDM,103,智附民,4,20140430,1",CWC,Lose
"PCDM,112,智附民,17,20240124,1",CWC,Lose
"CHDM,106,智附民,1,20180331,1",CWC,Mixed
"TNDM,110,智簡附民,16,20220216,1",CWC,Mixed
"IPCM,108,附民上,23,20200102,1",CWC,Lose
"TCDM,106,智附民,23,20171115,1",CWC,Mixed
"IPCM,100,重附民上,3,20120628,1",CWC,Lose
"TPDM,99,智簡附民,10,20101231,1",CWC,Mixed
"KSDM,106,審智附民,11,20171005,1",CWC,Mixed
"IPCM,104,附民上,4,20160831,1",CWC,Lose
"TYDM,104,智附民,3,20160115,1",CWC,Mixed
"SCDM,100,智附民,2,20120815,1",CWC,Mixed
"IPCM,98,附民,6,20091224,1",CWC,Lose
"ULDM,99,智附民,4,20110429,1",CWC,Mixed
"TCDM,101,智簡附民,11,20121127,1",CWC,Mixed
"IPCM,112,重附民上,4,20241209,1",CWC,Lose
"IPCM,106,附民上,16,20171207,1",CWC,Lose
"TCDM,108,智附民,20,20190625,1",CWC,Lose
"TPDM,106,智重附民,4,20190909,1",CWC,Lose
"TPSM,112,台附,17,20230927,1",CWC,Lose
"TPDM,101,智簡附民,5,20120927,1",CWC,Mixed
"SLDM,109,智附民,3,20200518,1",CWC,Mixed
"TYDM,101,智附民,5,20130628,1",CWC,Lose
"PCDM,103,智簡附民,4,20141113,1",CWC,Mixed
"KSDM,105,智簡附民,8,20160810,1",CWC,Mixed
"IPCM,102,附民,1,20130327,1",CWC,Lose
"IPCM,109,附民上,4,20220817,1",CWC,Lose
"CHDM,111,智簡附民,9,20221207,1",CWC,Mixed
"PCDM,92,附民,363,20030915,1",CWC,Lose
"SLDM,103,智附民,3,20150818,1",CWC,Lose
"TPDM,98,重附民,12,20110719,1",CWC,Mixed
"PCDV,97,智,9,20080522,1",CWC,Win
"PCDM,111,智附民,5,20220713,1",CWC,Lose
"PCDM,102,智附民,12,20141231,1",CWC,Mixed
"TPDM,102,智附民,5,20140207,1",CWC,Lose
"PTDM,112,智附民,3,20240308,1",CWC,Mixed
"TPDM,104,智附民,14,20151007,1",CWC,Lose
"MLDM,112,智附民,1,20230912,1",CWC,Mixed
"TPDM,101,智附民,14,20130729,2",CWC,Mixed
"IPCM,112,附民上,15,20240125,1",CWC,Lose
"TPDM,106,智附民,7,20170720,1",CWC,Lose
"TCDM,100,智簡附民,18,20120203,1",CWC,Mixed
"PCDM,89,附民,421,20010321,1",CWC,Lose
"KSDM,105,智附民,5,20200212,1",CWC,Mixed
"TNDM,111,智附民,1,20220525,1",CWC,Lose
"PTDM,112,智簡附民上,1,20230716,1",CWC,Lose
"TPDM,109,智簡附民,3,20200325,1",CWC,Mixed
"TCDM,108,智附民,8,20190320,1",CWC,Lose
"TNDM,100,智重附民,1,20111028,1",CWC,Mixed
"IPCM,103,附民上,21,20141030,1",CWC,Lose
"PCDM,108,智附民,32,20191226,1",CWC,Mixed
"KSDM,112,智附民,3,20240125,1",CWC,Mixed
"CHDM,108,智簡附民,6,20190628,1",CWC,Mixed
"CHDM,108,智簡附民,13,20190930,1",CWC,Mixed
"TPDM,89,附民,538,20010105,1",CWC,Lose
"TNDM,112,智附民,9,20230927,1",CWC,Mixed
"PCDM,109,智附民,26,20210630,1",CWC,Mixed
"IPCM,109,附民,3,20211125,1",CWC,Lose
"IPCM,99,重附民上,1,20100614,1",CWC,Lose
"SLDM,109,智簡上附民,1,20200618,1",CWC,Lose
"TPDM,94,重附民,93,20090326,1",CWC,Mixed
"CHDM,104,智附民,3,20150930,1",CWC,Mixed
"PCDM,109,智簡附民,13,20210128,1",CWC,Mixed
"TCDM,105,智附民,5,20160922,1",CWC,Lose
"MLDM,109,智簡上附民,3,20210119,1",CWC,Mixed
"PCDM,107,智附民,18,20180525,1",CWC,Lose
"TCDM,108,智簡附民,10,20190528,1",CWC,Mixed
"ILDM,101,智簡附民,1,20120717,1",CWC,Lose
"TCDM,104,智簡附民,19,20160328,1",CWC,Mixed
"KSDM,101,智簡附民上,1,20120412,1",CWC,Lose
"TPDM,102,智重附民,5,20140331,1",CWC,Mixed
"TCDM,101,智簡附民上,1,20120424,1",CWC,Lose
"TPDM,103,智簡附民,13,20141110,1",CWC,Mixed
"TYDM,111,審智附民,18,20230112,1",CWC,Mixed
"IPCM,110,重附民上,5,20231031,4",CWC,Lose
"SCDM,102,智附民,4,20131226,1",CWC,Mixed
"IPCM,99,附民,3,20100531,1",CWC,Lose
"TYDM,100,智重附民,2,20120905,1",CWC,Mixed
"KSDM,97,簡上附民,15,20081118,2",CWC,Mixed
"TPDM,109,智附民緝,1,20220401,1",CWC,Lose
"TYDM,108,智重附民,3,20201124,1",CWC,Mixed
"TPDM,110,智簡附民,14,20211018,1",CWC,Mixed
"IPCM,101,附民上,6,20120418,1",CWC,Lose
"TPDM,104,智簡附民上,3,20150603,1",CWC,Lose
"NTDM,108,埔智簡附民,1,20191113,1",CWC,Mixed
"IPCM,105,附民上,2,20170223,1",CWC,Lose
"SCDM,107,智附民,2,20190618,1",CWC,Mixed
"PCDM,98,附民,195,20091012,1",CWC,Mixed
"IPCM,103,附民,7,20141106,1",CWC,Lose
"TNDM,106,智簡附民,3,20170428,1",CWC,Mixed
"PCDM,99,智附民,8,20100810,1",CWC,Mixed
"PCDM,102,智附民,28,20140331,1",CWC,Mixed
"CYDM,106,原智簡附民,2,20170426,1",CWC,Mixed
"PCDM,109,智簡附民,5,20201116,1",CWC,Mixed
"IPCM,103,附民上,26,20150331,2",CWC,Lose
"KLDM,108,智附民,4,20190415,1",CWC,Mixed
"TCDM,105,智附民,25,20170125,1",CWC,Mixed
"KSDM,103,智簡附民,33,20141125,1",CWC,Mixed
"CTDM,109,智簡上附民,1,20200804,1",CWC,Mixed
"SLDM,110,智附民,6,20220209,2",CWC,Mixed
"IPCM,109,附民上,1,20200709,1",CWC,Lose
"IPCM,98,附民上,9,20090827,1",CWC,Lose
"PTDM,108,智簡附民,2,20190816,1",CWC,Mixed
"TNDM,105,智重附民,1,20170816,1",CWC,Mixed
"CTDM,109,智簡附民,7,20200518,1",CWC,Mixed
"IPCM,108,附民上,22,20200213,1",CWC,Lose
"TPDM,105,智附民,7,20160907,1",CWC,Mixed
"SCDM,102,審智附民,1,20140415,1",CWC,Mixed
"IPCM,104,附民,1,20150529,1",CWC,Mixed
"PCDV,97,重智,4,20081030,3",CWC,Mixed
"PCDM,111,智簡附民,17,20221012,1",CWC,Mixed
"NTDM,99,審投智簡附民,1,20101231,1",CWC,Mixed
"PCDM,102,智附民,29,20140227,1",CWC,Mixed
"IPCM,109,附民上,16,20210224,1",CWC,Lose
"IPCM,109,附民上,17,20210428,1",CWC,Lose
"PCDM,109,智簡上附民,17,20210413,1",CWC,Mixed
"TPDM,111,智附民,10,20230517,1",CWC,Mixed
"SDEM,110,沙智簡附民,3,20211012,1",CWC,Mixed
"MLDM,100,智簡附民,1,20110711,1",CWC,Lose
"TCDM,103,智附民,2,20140117,1",CWC,Lose
"TCDM,105,智簡附民上,1,20160831,1",CWC,Lose
"HLDM,111,智附民,1,20230829,1",CWC,Mixed
"TCDM,110,智附民,4,20210409,1",CWC,Mixed
"KSDM,110,智簡附民,28,20220127,1",CWC,Mixed
"TCDM,108,智附民,59,20200220,1",CWC,Lose
"TPDV,97,智,28,20080430,1",CWC,Mixed
"TPDV,97,智,54,20090403,1",CWC,Mixed
"CHDM,106,智簡附民,2,20171108,1",CWC,Mixed
"IPCM,108,附民上,10,20210728,2",CWC,Lose
"ILDM,107,智附民,5,20181228,1",CWC,Mixed
"TNDM,103,智附民,3,20150828,1",CWC,Lose
"TCDM,111,智附民,18,20221024,1",CWC,Lose
"TPDM,110,智簡附民,6,20210518,1",CWC,Mixed
"TPDM,104,智附民,6,20150527,1",CWC,Mixed
"PCDM,110,智附民,24,20220125,1",CWC,Mixed
"IPCM,108,附民,5,20191031,1",CWC,Mixed
"KSDM,101,審智簡附民,37,20121126,1",CWC,Mixed
"KSDM,103,智附民,5,20140805,1",CWC,Mixed
"PTDM,100,智簡附民,6,20120320,1",CWC,Mixed
"SCDM,110,智附民,4,20231018,2",CWC,Mixed
"TYDM,105,智附民,10,20180326,1",CWC,Mixed
"TYDM,103,智重附民,1,20180731,1",CWC,Lose
"IPCM,109,附民上,14,20201029,1",CWC,Lose
"IPCM,110,附民,4,20211208,1",CWC,Mixed
"TPDM,108,智重附民,2,20200130,2",CWC,Mixed
"TCDM,103,智附民,18,20160122,1",CWC,Lose
"KSDM,111,智簡附民上,1,20221226,1",CWC,Lose
"PTDM,100,智附民,5,20110426,1",CWC,Mixed
"KSDM,108,智附民,7,20210223,1",CWC,Mixed
"SCDM,104,智附民,3,20160520,1",CWC,Lose
"KSDM,111,智附民,10,20230320,1",CWC,Mixed
"KLDM,110,基智簡附民,2,20220125,1",CWC,Mixed
"IPCM,100,重附民上,1,20110801,1",CWC,Lose
"KSDM,112,智簡附民,1,20230425,1",CWC,Mixed
"TYDM,111,智附民,4,20230511,1",CWC,Mixed
"PCDM,105,智簡上附民,1,20160329,1",CWC,Mixed
"TCDM,112,智簡上附民,1,20230216,1",CWC,Lose
"CYDM,101,智簡上附民,1,20121130,1",CWC,Mixed
"PCDM,99,重附民,30,20140718,1",CWC,Lose
"PCDM,110,智簡附民,16,20210823,1",CWC,Mixed
"TPDM,89,附民,595,20001226,1",CWC,Lose
"PCDM,113,智附民,15,20241125,1",CWC,Lose
"TPDM,101,智附民緝,1,20120831,1",CWC,Win
"SCDM,101,審智附民,5,20121023,2",CWC,Mixed
"IPCM,110,附民上,17,20211028,1",CWC,Lose
"KSDM,110,智簡附民,3,20210819,2",CWC,Mixed
"KSDV,95,智,25,20070209,3",CWC,Mixed
"PCDM,107,智重附民,1,20190628,2",CWC,Mixed
"TNDM,101,智簡上附民,1,20121005,1",CWC,Mixed
"MLDM,112,智簡附民,6,20240122,1",CWC,Mixed
"KSDM,98,附民,186,20090831,2",CWC,Mixed
"KSDM,104,審智附民,17,20160318,1",CWC,Mixed
"TCDM,105,智簡附民,10,20161227,1",CWC,Mixed
"PCDM,100,智附民,4,20110414,1",CWC,Mixed
"PTDM,101,智附民,6,20131119,1",CWC,Mixed
"TCDM,103,智附民,6,20150515,3",CWC,Lose
"KSDM,109,智簡上附民,1,20200527,1",CWC,Mixed
"TYDM,100,智重附民,4,20120203,1",CWC,Lose
"TCDM,104,智附民,4,20150818,1",CWC,Mixed
"CHDM,109,智附民,11,20201217,1",CWC,Mixed
"TPDM,104,智附民,20,20170330,1",CWC,Mixed
"PTDM,110,智附民,1,20210910,2",CWC,Mixed
"IPCM,108,附民上,29,20200312,1",CWC,Lose
"PTDM,109,智附民,3,20200729,1",CWC,Lose
"CHDM,104,智附民,6,20160818,1",CWC,Mixed
"CHDM,99,智簡附民,2,20100928,1",CWC,Mixed
"ULDM,105,智附民,9,20170505,1",CWC,Mixed
"IPCM,102,附民上,2,20130327,1",CWC,Lose
"PCDM,111,智附民,10,20230410,2",CWC,Mixed
"IPCM,107,附民上,8,20180830,1",CWC,Lose
"TCDM,108,智簡附民,1,20190306,1",CWC,Mixed
"HLDM,112,花智簡附民,2,20240930,2",CWC,Mixed
"IPCM,98,重附民,2,20090629,1",CWC,Mixed
"IPCM,111,附民,1,20230104,1",CWC,Lose
"KSDM,103,智附民,8,20150714,1",CWC,Mixed
"TPDM,102,智附民,21,20140128,1",CWC,Mixed
"SLDM,112,智附民,13,20231123,1",CWC,Mixed
"IPCM,106,附民上,21,20180222,1",CWC,Lose
"IPCV,110,民商訴,19,20210831,1",CWC,Mixed
"KSDM,104,智附民,13,20151008,1",CWC,Mixed
"SCDM,103,審智附民,6,20141028,1",CWC,Lose
"TCDM,109,智簡附民,32,20201125,1",CWC,Mixed
"IPCM,101,附民上,30,20130515,1",CWC,Lose
"CHDM,103,智重附民,1,20150728,1",CWC,Lose
"NTDM,109,智簡上附民,2,20210422,1",CWC,Mixed
"CHDM,101,智簡附民,11,20121217,1",CWC,Mixed
"TPHM,91,附民,262,20021231,1",CWC,Mixed
"KSDM,101,審智簡附民,8,20120618,1",CWC,Mixed
"TCDM,109,智附民,33,20200930,1",CWC,Lose
"TYDM,104,智附民,2,20170815,1",CWC,Lose
"TCDM,108,智簡附民,24,20191107,1",CWC,Mixed
"IPCM,107,附民上,2,20181130,1",CWC,Lose
"TYDM,112,智簡附民,2,20231031,1",CWC,Mixed
"TNDM,109,智簡附民上,1,20210111,1",CWC,Lose
"TPDM,111,智附民,1,20240718,1",CWC,Lose
"TPDM,104,智重附民,1,20170427,1",CWC,Mixed
"IPCM,104,重附民上,6,20160513,1",CWC,Lose
"TNHM,89,重附民上,279,20000602,1",CWC,Lose
"KSDM,104,審智附民,2,20150909,1",CWC,Mixed
"TNDM,99,智重附民,1,20110128,2",CWC,Mixed
"KSHV,96,訴易,15,20070606,1",CWC,Win
"ILDM,101,智附民,3,20130822,2",CWC,Lose
"PCDM,100,智重附民,2,20110803,1",CWC,Mixed
"TNHM,95,附民,39,20060509,1",CWC,Lose
"PCDM,109,智簡附民,21,20210128,1",CWC,Mixed
"ULDM,107,六智簡附民,2,20181217,1",CWC,Mixed
"IPCM,104,附民上,2,20150416,1",CWC,Lose
"KSDV,97,智,21,20090309,1",CWC,Mixed
"PCDM,99,智簡附民,4,20100628,1",CWC,Mixed
"TYDM,101,壢智簡附民,1,20131224,1",CWC,Mixed
"CTDM,107,智簡附民,11,20180928,1",CWC,Mixed
"TPDM,105,智簡附民,2,20160526,1",CWC,Mixed
"TNDM,106,智簡附民,6,20170929,1",CWC,Mixed
"PCDM,103,智附民,33,20150511,1",CWC,Mixed
"TPDM,103,智附民,3,20140428,1",CWC,Mixed
"PCDM,103,智重附民,3,20150703,1",CWC,Lose
"NTDM,107,智附民,2,20190220,1",CWC,Lose
"PCDM,110,智附民,31,20211025,1",CWC,Lose
"IPCM,108,重附民上,10,20201230,1",CWC,Lose
"IPCM,105,附民上,7,20160929,1",CWC,Lose
"IPCM,102,附民上,3,20130411,1",CWC,Lose
"IPCM,101,重附民上,1,20120328,1",CWC,Lose
"PCDM,106,智附民,23,20180223,1",CWC,Lose
"PCDM,102,智重附民,7,20141107,1",CWC,Mixed
"CYDM,104,智簡附民,3,20150624,1",CWC,Mixed
"IPCM,104,重附民上,8,20160630,1",CWC,Lose
"IPCM,98,附民上,19,20100506,1",CWC,Lose
"TPDM,111,智重附民,2,20230320,1",CWC,Mixed
"TPDM,89,重附民,44,20000622,1",CWC,Mixed
"TCDV,96,智,43,20080729,1",CWC,Mixed
"TPDM,110,智簡附民,2,20210128,1",CWC,Mixed
"PTDM,100,智簡附民,3,20111108,2",CWC,Mixed
"SLDM,110,智附民,9,20220209,2",CWC,Mixed
"IPCM,105,附民,5,20160527,1",CWC,Mixed
"TPDM,101,智附民,18,20140103,1",CWC,Mixed
"KSDM,99,智附民,12,20101013,1",CWC,Mixed
"IPCM,105,附民上,18,20170531,1",CWC,Lose
"KSDM,108,智附民,1,20190628,1",CWC,Mixed
"CHDM,108,智簡附民,18,20191225,1",CWC,Mixed
"PCDM,99,智重附民,2,20101130,3",CWC,Lose
"PCDM,98,附民,602,20100310,1",CWC,Mixed
"TPDM,102,智簡附民,2,20130808,1",CWC,Mixed
"PCDM,110,智附民,33,20220830,1",CWC,Lose
"PTDM,113,智附民,3,20241108,1",CWC,Mixed
"KSDM,113,智簡附民,2,20240906,1",CWC,Mixed
"IPCM,102,附民上,9,20130705,1",CWC,Lose
"PCDM,113,智簡附民,6,20241023,1",CWC,Mixed
"KSDM,106,智附民,12,20180213,1",CWC,Mixed
"TCDM,103,智簡附民,4,20140429,1",CWC,Mixed
"PCDM,98,重附民,6,20140718,1",CWC,Lose
"TPDM,88,附民,714,20000115",CWC,Lose
"KSDM,90,附民,163,20010905,1",CWC,Lose
"CTDM,108,審智附民,3,20200724,2",CWC,Mixed
"IPCM,99,附民上,29,20110328,1",CWC,Lose
"TCDM,109,智簡附民,6,20200910,2",CWC,Mixed
"TCDM,109,智簡附民,40,20210108,1",CWC,Mixed
"PCDV,97,重智,8,20081124,1",CWC,Mixed
"PCDM,110,智簡上附民,7,20211214,1",CWC,Mixed
"PCDM,99,智重附民,2,20101130,2",CWC,Mixed
"KSDM,100,審智簡附民,25,20111208,3",CWC,Mixed
"PCDM,112,智簡附民上,1,20230607,1",CWC,Lose
"TPDM,102,智附民,22,20151223,1",CWC,Mixed
"TNDM,113,智簡上附民,1,20240430,1",CWC,Mixed
"TYDM,100,審智重附民,3,20111229,1",CWC,Mixed
"IPCM,105,重附民上,2,20170126,1",CWC,Lose
"TPDM,109,智簡附民,6,20200506,1",CWC,Mixed
"IPCM,110,附民,1,20210429,1",CWC,Mixed
"SLDM,108,審智附民,1,20190703,1",CWC,Mixed
"TPDM,101,智附民,8,20130123,2",CWC,Mixed
"KSDM,101,審智簡附民,6,20120323,1",CWC,Mixed
"ULDM,110,智附民,2,20210422,1",CWC,Mixed
"TPDM,106,智重附民,5,20180816,1",CWC,Lose
"TCDM,106,智重附民,17,20170913,1",CWC,Lose
"KSDM,108,智簡附民,27,20200410,1",CWC,Mixed
"TPDM,109,智附民,11,20200527,1",CWC,Mixed
"TPDM,104,智簡附民上,4,20151125,1",CWC,Mixed
"IPCM,102,重附民上,1,20130327,1",CWC,Lose
"TPHM,89,重附民,40,20000331",CWC,Lose
"PCDM,108,智附民,6,20190529,1",CWC,Mixed
"TPDM,98,重附民,65,20091009,1",CWC,Lose
"SCDM,107,智簡附民,7,20200603,3",CWC,Mixed
"TPHM,96,重附民,39,20070731,1",CWC,Lose
"TPDM,103,智簡附民,12,20140925,1",CWC,Lose
"SCDM,108,智簡附民,3,20190730,1",CWC,Mixed
"IPCM,106,重附民上,1,20170719,1",CWC,Lose
"CTDM,109,智簡附民,11,20200511,1",CWC,Mixed
"TPDM,100,智簡附民,8,20120629,1",CWC,Mixed
"TCDM,110,智簡附民,18,20211021,1",CWC,Mixed
"KSDM,108,智附民,4,20190912,1",CWC,Mixed
"TPDM,104,智簡附民,2,20150209,1",CWC,Lose
"PCDM,110,智簡附民,1,20210420,1",CWC,Mixed
"KSDM,113,智簡附民,8,20241104,1",CWC,Mixed
"IPCM,108,附民上,18,20191226,1",CWC,Lose
"PCDM,108,智附民,8,20190904,2",CWC,Mixed
"SCDM,103,智附民,1,20150817,1",CWC,Lose
"IPCM,109,附民上,25,20210311,2",CWC,Lose
"SLDM,112,智簡附民上,1,20230823,1",CWC,Lose
"IPCM,101,附民上更(一),1,20120816,1",CWC,Lose
"TYDM,110,智附民,14,20220804,1",CWC,Lose
"KSDM,102,智簡上附民,1,20130918,1",CWC,Mixed
"TCDM,109,智附民,8,20200526,1",CWC,Mixed
"PCDM,111,智簡上附民,9,20230301,1",CWC,Mixed
"TCDM,104,智附民,1,20150825,1",CWC,Mixed
"KSDM,109,智簡附民,12,20201110,1",CWC,Mixed
"IPCM,113,附民上,4,20240926,1",CWC,Lose
"CTDM,108,智簡附民,8,20190606,1",CWC,Mixed
"CTDM,109,智簡附民,18,20200825,1",CWC,Mixed
"PCDM,111,智簡附民上,1,20230308,1",CWC,Lose
"PCDM,107,智重附民,2,20180824,1",CWC,Lose
"KLDM,104,智重附民,2,20160518,1",CWC,Mixed
"ILDM,109,智附民,6,20210322,1",CWC,Mixed
"TPDM,107,智重附民,3,20240301,1",CWC,Lose
"TPDV,101,智,27,20130412,1",CWC,Lose
"CTDM,106,智簡附民,14,20171123,1",CWC,Mixed
"CTDM,106,智簡附民,20,20180125,1",CWC,Mixed
"TCDM,102,智附民,20,20130904,1",CWC,Mixed
"PCDM,107,智附民,12,20191120,1",CWC,Lose
"TCDM,100,智附民,36,20120622,1",CWC,Lose
"TYDM,105,智附民,3,20170607,1",CWC,Mixed
"TCDM,112,智簡附民,19,20240301,1",CWC,Mixed
"TCDM,104,智附民,20,20210125,1",CWC,Mixed
"TPDM,110,智簡附民,10,20211222,1",CWC,Mixed
"TYDM,110,智重附民,1,20220415,1",CWC,Lose
"CHDM,109,智簡附民,10,20200929,1",CWC,Mixed
"IPCM,101,重附民上,2,20120405,1",CWC,Lose
"IPCM,111,附民,2,20240522,1",CWC,Mixed
"IPCM,110,重附民上,8,20240924,1",CWC,Lose
"TCDM,103,智附民,9,20140821,1",CWC,Mixed
"IPCM,100,附民上,15,20111026,1",CWC,Lose
"IPCM,103,附民上,8,20140521,1",CWC,Lose
"TCHV,97,訴,13,20080716,1",CWC,Lose
"KSDM,98,簡附民,10,20090320,1",CWC,Mixed
"PCDM,102,智附民,30,20141231,1",CWC,Mixed
"TNDM,100,智簡附民,2,20110225,1",CWC,Lose
"TYDM,109,審智附民,12,20201130,1",CWC,Mixed
"TCDV,91,訴更,15,20030425,1",CWC,Mixed
"ULDM,109,虎智簡附民,2,20200929,1",CWC,Mixed
"TPHM,90,重附民上,37,20020411,1",CWC,Lose
"ULDM,112,智附民,3,20240625,1",CWC,Lose
"CHDM,108,智附民,8,20191230,1",CWC,Mixed
"TCDM,108,智附民,15,20190430,1",CWC,Mixed
"TTDM,108,智附民,1,20210422,1",CWC,Lose
"PTDM,101,智附民,1,20120229,1",CWC,Mixed
"KSDV,95,智,25,20070209,2",CWC,Mixed
"KSDV,92,智,4,20050930,2",CWC,Mixed
"SCDM,100,智附民,3,20120130,1",CWC,Mixed
"CTDM,108,智簡附民,4,20190418,1",CWC,Mixed
"IPCM,109,附民上,23,20210324,1",CWC,Lose
"TCDM,106,智附民,15,20180827,1",CWC,Mixed
"TPDM,97,附民,378,20081031,1",CWC,Mixed
"IPCM,99,重附民,2,20100712,1",CWC,Lose
"HLDM,102,花智簡附民,2,20130809,1",CWC,Lose
"TPDM,100,智簡上附民,3,20111123,1",CWC,Mixed
"CHDM,105,智附民,1,20161201,1",CWC,Mixed
"PCDM,110,智附民,9,20210915,1",CWC,Mixed
"PCDM,109,智簡附民,6,20210128,1",CWC,Mixed
"TYDM,108,智附民,15,20200407,1",CWC,Mixed
"KSDM,102,智簡附民,16,20130909,1",CWC,Win
"CTDM,111,審智附民,6,20230531,1",CWC,Mixed
"PCDM,110,智附民,11,20220518,1",CWC,Lose
"CTDM,113,智簡附民,4,20240913,1",CWC,Win
"TPDM,104,智附民,7,20151104,1",CWC,Lose
"MLDM,112,智簡附民,2,20240222,1",CWC,Mixed
"IPCM,98,附民,1,20090326,1",CWC,Mixed
"KSDM,100,審智簡附民,38,20120110,1",CWC,Mixed
"SLDM,107,審智附民,3,20180426,1",CWC,Mixed
"CHDM,103,智簡附民,1,20140704,1",CWC,Lose
"CHDM,100,智重附民,1,20110322,1",CWC,Lose
"TCDM,102,智附民,8,20130916,1",CWC,Lose
"PTDM,102,智附民,5,20140808,1",CWC,Mixed
"CHDM,100,智簡附民,2,20110812,1",CWC,Mixed
"PCDM,98,簡附民,415,20100409,1",CWC,Mixed
"TYDM,105,壢智簡附民,7,20170825,1",CWC,Mixed
"KSDM,107,智簡附民,10,20181128,1",CWC,Mixed
"TYDM,106,智附民,2,20180614,1",CWC,Mixed
"TYDM,111,智附民,15,20240419,1",CWC,Mixed
"IPCM,107,附民上,14,20181220,1",CWC,Lose
"KSDM,108,智簡附民,11,20191007,1",CWC,Mixed
"PCDM,99,智簡附民,16,20110805,2",CWC,Mixed
"TPDV,96,智,62,20080131,2",CWC,Mixed
"KSDM,99,智附民,1,20100415,1",CWC,Mixed
"PCDM,112,智簡上附民,4,20231220,1",CWC,Lose
"TNDM,113,智簡附民,1,20240130,1",CWC,Mixed
"TYDM,102,壢智簡附民,1,20130715,1",CWC,Mixed
"TCDM,107,智附民,37,20190910,1",CWC,Mixed
"TCDM,103,智附民,17,20141231,1",CWC,Mixed
"TCDM,100,智附民,5,20110323,1",CWC,Mixed
"HUEM,106,虎智簡附民,1,20180131,1",CWC,Mixed
"PCDM,108,智附民,16,20200616,1",CWC,Mixed
"KSDM,100,審智簡附民,32,20111219,1",CWC,Mixed
"TCDM,105,智簡附民,4,20160527,1",CWC,Mixed
"TYDM,112,桃智簡附民,5,20231130,1",CWC,Lose
"IPCM,99,附民上,9,20100826,1",CWC,Lose
"TCDM,100,智附民,4,20120109,1",CWC,Lose
"IPCM,110,附民上,12,20210826,1",CWC,Lose
"IPCM,102,附民上,11,20130822,1",CWC,Lose
"TPDM,99,智附民,3,20100322,1",CWC,Lose
"SLDM,108,智附民,10,20200821,1",CWC,Lose
"CTDM,106,智簡附民,19,20180531,1",CWC,Mixed
"IPCM,110,附民上,18,20211110,1",CWC,Lose
"TCDV,97,智,6,20080909,1",CWC,Mixed
"PCDV,96,重智,7,20080415,1",CWC,Mixed
"IPCM,100,重附民,2,20110706,1",CWC,Win
"SLDM,104,智附民,1,20150617,1",CWC,Mixed
"IPCM,97,重附民上,2,20081106,1",CWC,Lose
"TCDM,100,智簡附民,17,20111230,1",CWC,Mixed
"TPDM,102,智重附民,9,20140818,1",CWC,Mixed
"IPCM,107,附民上,4,20180712,1",CWC,Lose
"CTDM,106,智簡附民,2,20170519,1",CWC,Mixed
"CTDM,111,智簡附民,2,20220629,1",CWC,Mixed
"SLDM,111,智重附民,1,20230530,2",CWC,Mixed
"CYDM,106,智簡附民,4,20170331,1",CWC,Mixed
"PCDM,112,智附民,21,20240131,1",CWC,Mixed
"KSDM,107,審智附民,10,20181126,1",CWC,Mixed
"IPCM,108,附民上,27,20201022,2",CWC,Lose
"TNDM,99,智簡上附民,1,20100909,1",CWC,Mixed
"TPDM,100,智附民,27,20111221,1",CWC,Mixed
"TNDV,95,智,11,20060523,1",CWC,Mixed
"TPDM,110,智簡附民上,1,20220223,1",CWC,Lose
"IPCM,99,重附民,1,20100204,1",CWC,Lose
"CYDM,101,智簡附民,3,20130131,1",CWC,Lose
"SDEM,108,沙智簡附民,6,20191127,1",CWC,Mixed
"ULDM,100,智附民,7,20111213,1",CWC,Mixed
"IPCM,111,附民上,18,20230413,1",CWC,Lose
"CTDM,112,審智附民,9,20240429,1",CWC,Mixed
"KSDM,99,智附民,10,20100730,1",CWC,Lose
"TNDM,110,智附民更二,1,20211025,1",CWC,Lose
"TPDM,100,智附民,21,20111230,2",CWC,Mixed
"TCDM,110,智附民,30,20220224,1",CWC,Lose
"PCDM,102,智附民,25,20140617,1",CWC,Mixed
"TPSM,110,台附,28,20211111,1",CWC,Lose
"TYDM,112,智附民,5,20231225,2",CWC,Lose
"IPCM,103,附民上,26,20150331,3",CWC,Lose
"PCDM,106,智簡上附民,2,20170831,1",CWC,Mixed
"TCDM,106,智附民,24,20180719,1",CWC,Lose
"TCDM,105,智簡附民,1,20160226,1",CWC,Mixed
"TCDM,110,智附民,20,20211014,1",CWC,Lose
"TPDM,100,智附民,2,20110415,1",CWC,Mixed
"IPCM,105,附民上,15,20161124,1",CWC,Lose
"KSDV,95,智,28,20070315,1",CWC,Win
"PCDV,97,智,10,20080703,1",CWC,Win
"IPCM,111,重附民,2,20221124,1",CWC,Lose
"IPCM,97,重附民,1,20090326,1",CWC,Win
"IPCM,108,附民上,26,20200422,1",CWC,Lose
"TYDM,112,智附民,6,20230714,1",CWC,Lose
"TPDM,109,智附民,28,20201224,1",CWC,Lose
"TCDM,102,智附民,35,20140211,1",CWC,Mixed
"PCDM,103,智簡附民,15,20141021,1",CWC,Lose
"TCDM,100,智附民,8,20111230,1",CWC,Mixed
"IPCM,112,附民上,7,20241009,1",CWC,Lose
"KSDM,101,智附民,14,20121130,1",CWC,Mixed
"CHDM,108,智簡附民,11,20191209,1",CWC,Mixed
"IPCM,100,附民上,12,20110905,1",CWC,Lose
"CHDM,104,智附民,4,20150930,1",CWC,Mixed
"TPDM,110,智簡附民,4,20210427,1",CWC,Mixed
"PCDM,106,智附民,34,20180201,1",CWC,Mixed
"IPCM,107,附民,6,20181206,1",CWC,Mixed
"TPDM,91,重附民,137,20030303,1",CWC,Lose
"IPCM,99,附民上,26,20110516,1",CWC,Lose
"PCDM,101,智簡附民,2,20120710,1",CWC,Mixed
"TYDM,107,智附民,18,20231229,1",CWC,Lose
"TCDM,109,智簡附民,5,20200512,1",CWC,Mixed
