Date,Call_IV_Mean,Put_IV_Mean,Call_IV_Std,Put_IV_Std,Call_Count,Put_Count,Call_Volume,Put_Volume,PCR (Trade Count),PCR (Volume)
2023-01-03,0.03057440728295247,0.07223611945739988,0.03057764229208982,0.03990284646904942,3734,3887,199267.0,204890.0,1.0409748259239422,1.0282184205111735
2023-01-04,0.04102897458346578,0.030683136036904715,0.03247745816173142,0.03385200217964803,3247,3706,177565.0,201532.0,1.1413612565445026,1.1349759243094077
2023-01-05,0.08162499035960023,0.11422121105811278,0.020617412975641007,0.03969596724758651,1201,1177,64297.0,62091.0,0.9800166527893422,0.9656904676734529
2023-01-06,0.06957954337291505,0.10960195201970352,0.02981851404713747,0.039619157190060386,1639,1886,89180.0,101151.0,1.1507016473459426,1.1342341332137251
2023-01-09,0.03955624127443266,0.12177889994592321,0.05410053498589908,0.04736287111209062,2648,4534,141212.0,255081.0,1.7122356495468278,1.8063691470979804
2023-01-10,0.05791480391536912,0.075606749872745,0.037881606740647396,0.05083446898233293,2511,3726,139985.0,211004.0,1.4838709677419355,1.5073329285280566
2023-01-11,0.05020978602691162,0.03968268063415469,0.04423730348892824,0.056406253572054234,3387,4263,194322.0,242178.0,1.258635961027458,1.2462716522061321
2023-01-12,0.15455329874440774,0.16077567398191692,0.009831928120903185,0.027778111918769593,797,761,43514.0,37820.0,0.9548306148055207,0.8691455623477502
2023-01-13,0.14716571314659188,0.14340715140091254,0.016777103160855202,0.02436706416233113,1584,1430,90376.0,77024.0,0.9027777777777778,0.8522616623882446
2023-01-16,0.12085801167964864,0.15414158953222845,0.011587603321749563,0.025968846164892232,1157,1141,67232.0,64867.0,0.986171132238548,0.9648232984293194
2023-01-17,0.11436791315691483,0.14423011067381616,0.009979491964209285,0.02654383109623661,849,969,45897.0,51781.0,1.1413427561837455,1.1282001002244155
2023-01-30,0.08390824165763404,0.17453525478697268,0.05029976533974456,0.10761155394665593,450,395,27580.0,21511.0,0.8777777777777778,0.7799492385786801
2023-01-31,0.0852729042937368,0.04197320044259985,0.04314277214614806,0.05567846194261119,2382,1766,127507.0,90109.0,0.7413937867338372,0.7066984557710557
2023-02-01,0.0327830797401996,0.06865618398796115,0.05192192063757602,0.050172987087726696,2813,2699,156332.0,147364.0,0.9594738713117668,0.9426349052017501
2023-02-02,0.08887739627709375,0.15116525549898654,0.03484850167279585,0.042204475235014416,1424,1591,77746.0,82330.0,1.1172752808988764,1.0589612327322306
2023-02-03,0.09488886736396056,0.1297331447491602,0.02774223517175825,0.04203429832448533,1355,1283,74924.0,70137.0,0.9468634686346864,0.936108590037905
2023-02-06,0.12436360102299651,0.07859940901529983,0.040674827892398346,0.05790438519778368,2040,1520,118833.0,81373.0,0.7450980392156863,0.6847676992081324
2023-02-07,0.08211058579397067,0.08809514916815053,0.036706195589784434,0.04269698198640563,2091,2493,119635.0,130769.0,1.1922525107604016,1.0930664103314247
2023-02-08,0.04736206790361161,0.09554923462049557,0.0655376563981404,0.07258540355272292,2714,3948,146191.0,214804.0,1.4546794399410463,1.4693380577463728
2023-02-09,0.15591631695999564,0.18278156960670136,0.024795289763612813,0.023969529025258018,987,1121,55180.0,60476.0,1.1357649442755826,1.0959768031895614
2023-02-10,0.18005830182932941,0.1731238675163581,0.039566516199531734,0.04522109637977249,1930,1589,111899.0,85925.0,0.8233160621761658,0.767879963181083
2023-02-13,0.23837829432116972,0.27315464406703405,0.06210798491998899,0.058963454842377305,2312,1730,133028.0,93814.0,0.7482698961937716,0.7052199536939592
2023-02-14,0.25706370688293867,0.34300127800654556,0.09299221976898277,0.06675037881933596,1527,1968,84209.0,108670.0,1.2888015717092338,1.290479639943474
2023-02-15,0.16331449638548562,0.24159946889750006,0.05771123101159677,0.13051816772679248,187,230,10055.0,14903.0,1.2299465240641712,1.4821481849825957
2023-02-16,0.13697424781509562,0.16271791919141743,0.024890288255320362,0.04975270812059422,279,448,15755.0,22708.0,1.6057347670250897,1.4413202158045064
2023-02-17,0.13437952254963922,0.2118348413615507,0.03206891865460812,0.11259359720241163,175,197,9470.0,11464.0,1.1257142857142857,1.210559662090813
2023-02-20,0.11784092056988885,0.17823699429618034,0.02565481041280852,0.05492676571867724,206,330,11199.0,18093.0,1.6019417475728155,1.6155906777390838
2023-02-21,0.10218703320764778,0.19192998494447952,0.03033796950055876,0.12292018074062322,147,263,8037.0,14489.0,1.7891156462585034,1.8027871096180166
2023-02-22,0.10728984606725728,0.13565951574161592,0.055337012235201384,0.046845712500689383,656,523,37814.0,26348.0,0.7972560975609756,0.6967789707515735
2023-02-23,0.0643124953296431,0.1141661838233393,0.04143912308745696,0.04247784043465534,1503,1955,85886.0,111193.0,1.300731869594145,1.2946580350697436
2023-02-24,0.1044302035880201,0.0661051880808305,0.04284787118031474,0.04354183341650061,1576,1782,92221.0,101797.0,1.130710659898477,1.1038375207382267
2023-03-01,0.026256967614320812,0.09135991404866606,0.03860121533386898,0.07230879807248777,3207,3660,181832.0,203994.0,1.1412535079513564,1.121881736987989
2023-03-02,0.09090867119851634,0.14762228629098312,0.02187369895890415,0.04881427358802716,1349,1126,76943.0,62587.0,0.8346923647146034,0.8134203241360488
2023-03-03,0.10563856739900444,0.11343631530473695,0.05561213793893332,0.03899762433308675,1267,1386,71294.0,81507.0,1.0939226519337018,1.1432518865542682
2023-03-06,0.08880985670961933,0.11789228547074707,0.03929834968796242,0.04701922837232053,1646,2729,91233.0,155469.0,1.657958687727825,1.7040873368189142
2023-03-07,0.060552052187088375,0.10741298936651385,0.04180529204317426,0.04994412891496719,1192,2167,65173.0,125977.0,1.8179530201342282,1.9329630368404094
2023-03-08,0.045740783753680285,0.09146824712289235,0.05009354947101211,0.0685612514117708,3506,2596,211638.0,149435.0,0.7404449515116942,0.7060877536170252
2023-03-09,0.16063193748156876,0.16870594269579645,0.03495567391232302,0.046355670910102634,1058,1094,62863.0,62594.0,1.0340264650283555,0.9957208532841259
2023-03-10,0.1789617533177464,0.16875605885647327,0.04294305583798778,0.08831269380043755,3095,1874,184769.0,105224.0,0.6054927302100162,0.5694894706363081
2023-03-13,0.1664421870379823,0.34337227194800685,0.05961819358857397,0.08212405420343914,2888,1871,163404.0,105456.0,0.6478531855955678,0.6453697583902475
2023-03-14,0.3339686630385342,0.3242233390797707,0.09128459144808632,0.13632374977657633,3453,2215,199962.0,119270.0,0.6414711844772661,0.5964633280323262
2023-03-15,0.15247878652689473,0.21673925190444798,0.013652083006214892,0.02886951449176344,145,84,8748.0,3742.0,0.5793103448275863,0.4277549154092364
2023-03-16,0.1589976888128357,0.2258606532767968,0.024645386752377107,0.03669121889262692,298,229,16659.0,11535.0,0.7684563758389261,0.6924185125157573
2023-03-17,0.13513149460075355,0.23019111790414568,0.023382372705290547,0.024173454754781398,105,101,6100.0,4807.0,0.9619047619047619,0.7880327868852459
2023-03-20,0.15440104399846094,0.2241869937095369,0.014986656520432965,0.029610962151488687,89,117,4128.0,6668.0,1.3146067415730338,1.6153100775193798
2023-03-21,0.12963131519278168,0.22610392472749785,0.014047130986074565,0.027717205680865806,73,125,3561.0,6401.0,1.7123287671232876,1.7975287840494243
2023-03-22,0.11196357706349662,0.2296347945295245,0.020241097230733803,0.030885838983463417,222,265,11058.0,14755.0,1.1936936936936937,1.3343280882618918
2023-03-23,0.11672297129197212,0.1929578647595474,0.026749657681558594,0.04598654210980518,247,441,13443.0,25699.0,1.785425101214575,1.9117012571598602
2023-03-24,0.13102364148376142,0.17075849058792353,0.021285648375842976,0.030808293517267653,170,305,9379.0,16992.0,1.7941176470588236,1.8117070050111952
2023-03-27,0.13289478237016458,0.15354679099483054,0.018422964639710437,0.04109024924377178,208,165,10000.0,8754.0,0.7932692307692307,0.8754
2023-03-28,0.12035580834388998,0.13298932545269776,0.029343163463965836,0.03758768540144068,254,212,14242.0,12137.0,0.8346456692913385,0.8521977250386181
2023-03-29,0.08855263798264344,0.13233164471684586,0.029257772361487525,0.044971942678271176,357,470,22230.0,24871.0,1.3165266106442577,1.1188034188034188
2023-03-30,0.0696500553884941,0.1106731342280488,0.016604579710495553,0.03685943533072933,939,1664,52721.0,100229.0,1.77209797657082,1.9011209954287664
2023-03-31,0.08556262097250437,0.08915832465540412,0.028363367768337876,0.039356651685439725,1310,1473,74796.0,87483.0,1.1244274809160306,1.1696213701267448
2023-04-06,0.05447789697932043,0.07068467932178532,0.050497896202185255,0.05611555137337113,2181,2222,124269.0,129942.0,1.018798716185236,1.0456509668541631
2023-04-07,0.08253305590688712,0.11369011206208456,0.02345424690519778,0.037675738921747755,725,1021,42016.0,66906.0,1.4082758620689655,1.5923933739527798
2023-04-10,0.08408264856811404,0.10322602811137889,0.033995160176583605,0.04506528783954646,965,1377,54508.0,77204.0,1.4269430051813472,1.416379247082997
2023-04-11,0.05333093751443573,0.09152115909833948,0.03512697219015822,0.05329644209550416,1941,2428,106830.0,138994.0,1.2509015971148891,1.301076476645137
2023-04-12,0.04281218248595807,0.0796126336052383,0.04446827610596151,0.06630576871570758,1963,2198,105591.0,128916.0,1.119714722363729,1.2208995084808365
2023-04-13,0.15244698567899484,0.10571212870864947,0.030015858155894838,0.044335827767933426,1545,1107,89788.0,61943.0,0.7165048543689321,0.6898806076535839
2023-04-14,0.09848982320870005,0.13848008420150154,0.03769104726397771,0.042245655999366784,1428,1808,82704.0,103281.0,1.2661064425770308,1.2488029599535693
2023-04-17,0.11659308323015696,0.17779357986934582,0.0472859930934275,0.04075125688570461,1314,1450,73965.0,78695.0,1.1035007610350076,1.063949165145677
2023-04-18,0.2172910876933842,0.11448030375381803,0.12162180263995725,0.0859582475983595,1784,1849,102321.0,98460.0,1.0364349775784754,0.9622658105374263
2023-04-19,0.12663127599937277,0.1578876819205638,0.012735835115340923,0.022102636802505404,130,85,6844.0,5274.0,0.6538461538461539,0.7706019871420222
2023-04-20,0.1188489498080181,0.157149948116849,0.016099697103336315,0.036143658669850455,146,106,7684.0,5681.0,0.726027397260274,0.739328474752733
2023-04-21,0.12328444410295421,0.1429255813104016,0.028528819902099087,0.04305971167760284,182,169,10907.0,9232.0,0.9285714285714286,0.8464288988722839
2023-04-24,0.10633966631567568,0.14878132814646192,0.033746966638515445,0.04928125801904032,186,121,10414.0,6700.0,0.6505376344086021,0.6433647013635491
2023-04-25,0.12589806639018308,0.12177641440884353,0.03195766394426775,0.05717988703844077,326,330,20805.0,19584.0,1.0122699386503067,0.9413121845710166
2023-04-26,0.08338886810979346,0.12010076849015587,0.02537754680823418,0.04262686732708752,706,526,40143.0,25837.0,0.7450424929178471,0.6436240440425479
2023-04-27,0.06852312872832053,0.09915166359908083,0.02699785460528775,0.03331840064576316,1326,1273,74747.0,71196.0,0.9600301659125189,0.9524930766452165
2023-04-28,0.04575979088968308,0.09651965780650602,0.03541017106719774,0.034962437097772164,1425,1865,83794.0,106777.0,1.3087719298245615,1.2742797813685944
2023-05-02,0.038375203246290464,0.07619797889419597,0.034006872058148535,0.03858555691588018,1650,2546,93738.0,140901.0,1.543030303030303,1.5031364014593869
2023-05-03,0.034660102483644116,0.04675623336069802,0.03388717778159654,0.04516804528130505,2993,2568,167752.0,143042.0,0.858002004677581,0.8526992226620249
2023-05-04,0.07934629990789854,0.13158605681908608,0.023118321245047344,0.02873325796777607,1075,1250,56964.0,72429.0,1.1627906976744187,1.2714872551084895
2023-05-05,0.08009844401871988,0.10657728844536206,0.02070531709648893,0.03054589827338114,1659,1747,92559.0,102270.0,1.053044002411091,1.1049168638382005
2023-05-08,0.0744508570031393,0.0912279624340128,0.02505560161764237,0.03944992428831585,1497,2536,81650.0,142508.0,1.694054776219105,1.7453521126760563
2023-05-09,0.04103958737608217,0.07274790888085672,0.029417088316594744,0.030726209385583306,1675,1646,98938.0,92761.0,0.9826865671641791,0.9375669611271705
2023-05-10,0.03980091980688782,0.05656007030898162,0.03970223680841019,0.05296192973480265,3625,2312,210712.0,133602.0,0.6377931034482759,0.6340502676639205
2023-05-11,0.1351186969643018,0.09531198848099943,0.02232229872535782,0.04360705395948239,2036,1706,119045.0,95128.0,0.8379174852652259,0.7990927800411609
2023-05-12,0.10455199501042615,0.1320359917210943,0.028934551800855607,0.03191107718347102,2068,1634,113167.0,89657.0,0.7901353965183753,0.7922539256143576
2023-05-15,0.1376254252465326,0.16078335557641146,0.031171783669286066,0.05639264734969566,1730,1464,89895.0,76580.0,0.846242774566474,0.8518827520996718
2023-05-16,0.12612920398195349,0.21667839915302553,0.093287357136964,0.09462035591605052,2199,2499,118347.0,141037.0,1.136425648021828,1.1917243360625955
2023-05-17,0.09334849049800391,0.18741607262781407,0.027905087463521997,0.07046592788491779,190,110,10834.0,5710.0,0.5789473684210527,0.5270444895698726
2023-05-18,0.11948194145808927,0.20419247037651955,0.02583702000371503,0.07464445828841831,401,192,21266.0,10012.0,0.47880299251870323,0.4707984576319007
2023-05-19,0.11764798075528879,0.17694560867162473,0.021914570825464028,0.011787207726414579,138,90,9034.0,4597.0,0.6521739130434783,0.5088554350232455
2023-05-22,0.11928679505246818,0.20589151795429506,0.004929743201356168,0.07635314526291875,46,57,2672.0,3574.0,1.2391304347826086,1.3375748502994012
2023-05-23,0.11556258781260317,0.20957848384278271,0.00839476005780343,0.08072406829662165,94,99,5008.0,7513.0,1.053191489361702,1.5001996805111821
2023-05-24,0.10038264569859616,0.1886255911770134,0.013893574236808795,0.07056006430012007,122,125,7687.0,8301.0,1.0245901639344261,1.0798751138285416
2023-05-25,0.08951136619117031,0.17318853657229816,0.025201455822788356,0.03999438612179833,351,385,20928.0,22383.0,1.0968660968660968,1.0695240825688073
2023-05-26,0.10401002963201766,0.21067709116979183,0.03443257114981577,0.0663446994098881,504,412,28524.0,26038.0,0.8174603174603174,0.9128453232365727
2023-05-29,0.11700562226830033,0.17386738753856223,0.029055500901001414,0.05652788910094445,456,303,25530.0,17333.0,0.6644736842105263,0.6789267528397963
2023-05-30,0.0976428460702203,0.13890789618314198,0.02845317441768008,0.04996824963362882,224,331,12537.0,21635.0,1.4776785714285714,1.725691951822605
2023-05-31,0.1070899545754005,0.11625437846333439,0.026877624162339176,0.04148953886219898,966,1075,54234.0,61310.0,1.1128364389233953,1.130471659844378
2023-06-01,0.08643127707238175,0.0895225202170657,0.019851782470384303,0.025355094626494285,1458,1367,90154.0,80129.0,0.9375857338820301,0.8888013842979791
2023-06-02,0.07133552212138586,0.11057652202288722,0.03679847643377886,0.06510050677740711,1824,2792,100299.0,157321.0,1.530701754385965,1.568520124826768
2023-06-05,0.08379862755242769,0.07193025941392428,0.028857922140244647,0.07434497164909885,2739,2540,158445.0,144612.0,0.9273457466228551,0.912695257029253
2023-06-06,0.047238678132321514,0.060719882259756115,0.0322037397363345,0.033328116659451554,1883,1917,108336.0,112305.0,1.0180562931492299,1.0366360212671688
2023-06-07,0.024073838360142458,0.06683908725924696,0.04157097640994987,0.053398698608631806,3072,3957,172361.0,225433.0,1.2880859375,1.3079118826184577
2023-06-08,0.11017483934525732,0.07787205002128471,0.02821364851248317,0.04349850018035705,2510,1720,153863.0,97473.0,0.6852589641434262,0.6335051311881349
2023-06-09,0.07508420788159524,0.11560412802718949,0.03157801156332669,0.0513164216121362,1561,1857,88743.0,108576.0,1.1896220371556694,1.2234880497616714
2023-06-12,0.0842527946251569,0.11188877453401568,0.029767602395858864,0.07191925085773658,1679,2387,93079.0,139760.0,1.4216795711733174,1.5015202140117534
2023-06-13,0.052726386217836284,0.12290392036227102,0.04608256462681422,0.06948046860946855,3242,3620,192352.0,218338.0,1.1165946946329426,1.1350960738645817
2023-06-14,0.06316879486901408,0.0743547392916312,0.050202700151470825,0.06639100605647877,4164,3974,243508.0,225509.0,0.9543707973102786,0.926084563956831
2023-06-15,0.12517911123260697,0.17811715030308814,0.04986992178717274,0.03160872005335751,1890,1548,110687.0,87357.0,0.819047619047619,0.7892254736328567
2023-06-16,0.13108116113835522,0.14942418009487113,0.02704017850829856,0.045829690193498744,1851,1552,104231.0,84323.0,0.8384656942193409,0.8090011608830386
2023-06-19,0.14469239076832643,0.19293032827939924,0.04888157005156473,0.06294129080125895,2239,1803,132308.0,101417.0,0.8052702099151406,0.766522054599873
2023-06-20,0.16291099668055664,0.17927700138832856,0.08773793795750771,0.07758930308077538,2844,2114,173457.0,121548.0,0.7433192686357243,0.7007385115619433
2023-06-21,0.09587445425395173,0.18375060883331515,0.019527261826878292,0.027022271002255127,81,57,3684.0,4151.0,0.7037037037037037,1.1267643865363735
2023-06-26,0.1133338243161966,0.18334407417066836,0.02882250952249478,0.05070418004421045,291,276,17015.0,14585.0,0.9484536082474226,0.85718483690861
2023-06-27,0.11433821103254298,0.15780362869214828,0.03851857192258056,0.05760407810701656,432,217,26207.0,11899.0,0.5023148148148148,0.45403899721448465
2023-06-28,0.05614861691806077,0.1329365016784891,0.028502269719651786,0.0384371732616911,466,490,29671.0,28247.0,1.0515021459227467,0.9520070102119915
2023-06-29,0.05149990778265197,0.09869177993914631,0.029617255670929182,0.028579847536553318,1504,1483,88252.0,84700.0,0.9860372340425532,0.9597516203598785
2023-06-30,0.0413491249651151,0.10816390840676181,0.03456400175411409,0.03742511917265289,1367,1772,78720.0,100485.0,1.296269202633504,1.2764862804878048
2023-07-03,0.03707880885778133,0.08783382343382323,0.03662292683832361,0.03421365536138822,1542,2637,91495.0,153124.0,1.7101167315175096,1.6735777911361276
2023-07-04,0.026964583731102065,0.06096836445853359,0.027029089503875545,0.035106194371444806,1686,2437,94954.0,139352.0,1.4454329774614472,1.4675737725635571
2023-07-05,0.038916390704457085,0.042571335849033005,0.03353183877572099,0.054502097779302296,2571,2733,151515.0,169242.0,1.0630105017502918,1.116998316998317
2023-07-06,0.10992577586446838,0.07336713370561432,0.02774692212062301,0.04590384309728694,2815,2397,167897.0,135552.0,0.8515097690941386,0.8073521266014283
2023-07-07,0.08726764414408415,0.11160213761826109,0.021963622708502765,0.03049762330958675,2930,2754,167534.0,157125.0,0.9399317406143345,0.9378693280169995
2023-07-10,0.08510469437824855,0.08610775499445053,0.0286059057805814,0.040223673365927366,2929,2810,172840.0,158206.0,0.9593717992488904,0.9153320990511455
2023-07-11,0.03304100690047157,0.11226214539458534,0.03752688532047395,0.04448388331450877,2552,4176,142049.0,242434.0,1.6363636363636365,1.7066927609486868
2023-07-12,0.0322877061547835,0.08833876078882724,0.04340031025775466,0.06005960143885636,3790,4651,220129.0,266150.0,1.2271767810026386,1.2090637762402954
2023-07-13,0.1551777856263881,0.13957068065060985,0.04189885145949929,0.05691506102133538,2857,3373,172139.0,190836.0,1.1806090304515227,1.1086157117213415
2023-07-14,0.09418274014722063,0.18111608829102493,0.03641686017148524,0.03639774194857346,1869,2428,108573.0,139783.0,1.2990904226859283,1.287456365763127
2023-07-17,0.1398145821193895,0.21747471000889002,0.04332380674763887,0.05135452144025477,1512,2021,84215.0,106949.0,1.3366402116402116,1.2699519088048448
2023-07-18,0.22040585784004418,0.16909323499339254,0.07764103058094203,0.10401210210643798,3126,2564,179329.0,141112.0,0.8202175303902751,0.7868889025199494
2023-07-19,0.13789332819257638,0.17894668667284921,0.014695496783106488,0.04122759996198981,104,67,5237.0,3084.0,0.6442307692307693,0.5888867672331487
2023-07-20,0.12064217139173483,0.16986388089201396,0.014511372745507525,0.018611082404246797,99,109,4749.0,5342.0,1.101010101010101,1.1248683933459676
2023-07-21,0.11966823700295541,0.17486949846272448,0.027619995800960546,0.05725405347822572,332,202,18703.0,11713.0,0.608433734939759,0.6262631663369513
2023-07-24,0.10124959593525606,0.13634941469893014,0.03212756052922719,0.031625507316399154,207,127,13043.0,7182.0,0.6135265700483091,0.5506401901403052
2023-07-25,0.09608267324279014,0.1324421679152482,0.036301807675503575,0.03704513348332815,412,288,23875.0,15592.0,0.6990291262135923,0.6530680628272252
2023-07-26,0.09372339742123591,0.11718294757628492,0.028954966512655864,0.031204377998981677,594,444,35745.0,27228.0,0.7474747474747475,0.7617289131347041
2023-07-27,0.06678060295281492,0.10042426941496631,0.027025986189691188,0.030896172139616096,1456,1814,85592.0,104833.0,1.245879120879121,1.2247990466398728
2023-07-28,0.06167837916298813,0.08828549385466768,0.02313680569256868,0.028636909131290945,2108,2227,128179.0,133007.0,1.0564516129032258,1.0376660763463594
2023-07-31,0.08924782556335198,0.04367750777372631,0.03800716064428054,0.04176377525149911,3923,3466,235533.0,200056.0,0.8835075197552893,0.8493756713496623
2023-08-01,0.03764520994355776,0.07847934459952455,0.028382719310158323,0.03735151384389114,2483,2399,140558.0,135621.0,0.9661699556987515,0.9648757096714523
2023-08-02,0.0643044223322105,0.03362447361566237,0.044977575017049604,0.055548926144146506,6400,4869,375044.0,274726.0,0.76078125,0.7325167180384168
2023-08-04,0.10194508074741036,0.1481087679586451,0.027056202455063957,0.03335609285011749,2204,1753,124268.0,95737.0,0.7953720508166969,0.7704075063572279
2023-08-07,0.06435577918442081,0.14032680550903012,0.038216431136731614,0.04210638173866168,2246,2942,128202.0,172169.0,1.3098842386464826,1.3429509680036193
2023-08-08,0.09384202440641194,0.08455772586874707,0.041680305459876416,0.04998335009984755,2899,3125,167409.0,177429.0,1.077957916522939,1.059853412898948
2023-08-09,0.05722418378289783,0.08391752776190736,0.05056039753912802,0.06096763939297725,4931,4308,280367.0,237124.0,0.8736564591360779,0.8457628750887229
2023-08-10,0.1832997745796208,0.14297683286435264,0.03223121355352097,0.05748406975174977,2615,2196,165623.0,125381.0,0.8397705544933078,0.7570264999426408
2023-08-11,0.17992790993979224,0.13083316850362994,0.03271003972140959,0.04381953126009131,2618,2316,157215.0,124484.0,0.8846447669977082,0.7918073975129599
2023-08-14,0.2364204580552738,0.15840502755338887,0.06877693763127507,0.10124101461499797,4616,2379,278831.0,138361.0,0.5153812824956673,0.49621813930301867
2023-08-15,0.21470023168044017,0.2288503395802249,0.07818682349284704,0.1124678325407364,2908,2253,170635.0,127651.0,0.7747592847317745,0.7480938846074955
2023-08-16,0.13156754108466986,0.19673379802555668,0.007508857651790978,0.03721498070738455,72,72,4178.0,4408.0,1.0,1.0550502632838679
2023-08-17,0.12604652137592828,0.22226128728201616,0.03314902073363236,0.08702244579951636,169,182,8902.0,10769.0,1.0769230769230769,1.2097281509773086
2023-08-18,0.16022353900589273,0.16943862147174785,0.028151200151707398,0.018546885850304114,183,367,9583.0,23284.0,2.0054644808743167,2.4297192945841593
2023-08-21,0.14536755205670063,0.17465251137255305,0.013251434687249979,0.014518003350444954,143,158,8607.0,8558.0,1.1048951048951048,0.9943069594516092
2023-08-22,0.14400852379328072,0.17667430252965474,0.017305281997170834,0.01706857378956423,101,209,5382.0,16841.0,2.0693069306930694,3.1291341508732815
2023-08-23,0.12257715093316007,0.1877369386615184,0.01670315282832006,0.01663013658709984,168,200,9906.0,13127.0,1.1904761904761905,1.3251564708257622
2023-08-24,0.12247099806642829,0.18846108613421547,0.023647134974986966,0.04295789527444721,215,395,11597.0,23607.0,1.8372093023255813,2.03561265844615
2023-08-25,0.1459101417880494,0.15553715820904018,0.022476897675218998,0.03855191643223653,367,263,20409.0,16119.0,0.7166212534059946,0.7897986182566514
2023-08-28,0.13353076258329247,0.18052116515668581,0.023030774945555436,0.022432857007801614,323,264,17899.0,13356.0,0.8173374613003096,0.7461869378177551
2023-08-29,0.10777626906997381,0.16000541426411805,0.02918528838494672,0.03401514536675668,254,225,15478.0,13401.0,0.8858267716535433,0.8658095361157773
2023-08-30,0.09099547954376581,0.12643500502188096,0.027971803083842117,0.042204710375506244,415,751,24253.0,46215.0,1.8096385542168674,1.9055374592833876
2023-08-31,0.08108810196823385,0.07589930796126318,0.021522954049544914,0.03100716206919968,1286,1370,76167.0,80054.0,1.0653188180404354,1.0510325994196963
2023-09-01,0.075080568893517,0.07498780036695832,0.024559339314579844,0.033534455777351986,1219,1346,72998.0,79252.0,1.1041837571780149,1.0856735800980848
2023-09-04,0.0319601195745788,0.08867194033404373,0.032097041996620244,0.035041336115075754,1623,1753,94168.0,106270.0,1.0800985828712262,1.1285149944779542
2023-09-05,0.035520296438980394,0.06358031221996749,0.029277246716032827,0.033957897071653614,1157,1482,63150.0,85489.0,1.2808988764044944,1.3537450514647664
2023-09-06,0.037511902222669376,0.044098902511710475,0.02973249157893156,0.04340567334120021,2521,2715,148124.0,169570.0,1.0769535898452995,1.1447840998082688
2023-09-07,0.09219615431911889,0.09393437364066266,0.02036119975654102,0.024098925911075857,1537,1423,90938.0,82382.0,0.9258295380611581,0.9059139193736392
2023-09-08,0.07334589078665388,0.1016740910513161,0.021889484649621115,0.02585180512032806,1530,1391,91835.0,80383.0,0.9091503267973856,0.8752980889639026
2023-09-11,0.09317687733776295,0.06512818736895115,0.029780970620046057,0.046424720763229406,2474,1461,149956.0,88545.0,0.5905416329830234,0.5904732054736056
2023-09-12,0.037647368660843235,0.09779057158668311,0.03878979558433615,0.04357649934491338,2016,1940,116057.0,109809.0,0.9623015873015873,0.9461643847419803
2023-09-13,0.04663460165378001,0.06018073412691585,0.04572387921250019,0.056036693926757045,2470,2949,143809.0,176230.0,1.1939271255060728,1.2254448608918773
2023-09-14,0.08875830241456942,0.17216949198875714,0.056975696848008385,0.03893776841632473,1569,2202,91342.0,128297.0,1.4034416826003824,1.4045783976702941
2023-09-15,0.08381061905372125,0.16497495714198235,0.028972912644892258,0.029400000939792524,1132,1965,63877.0,115063.0,1.7358657243816253,1.8013212893529753
2023-09-18,0.1977189193034742,0.09978809282886306,0.10504586309346729,0.07181833738455583,1966,1519,116517.0,83276.0,0.7726347914547305,0.7147111580284422
2023-09-19,0.20860172352360098,0.1147858695556097,0.17044463803972593,0.13345835800155764,2366,2044,138344.0,110259.0,0.863905325443787,0.7969915572775111
2023-09-20,0.13907044748465247,0.13105040750947497,0.02750627706911426,0.018537707968714665,83,119,4142.0,7535.0,1.4337349397590362,1.819169483341381
2023-09-21,0.15605027710806027,0.11524290611065134,0.04704183862358521,0.037266297757685585,283,184,16892.0,11510.0,0.6501766784452296,0.6813876391191096
2023-09-22,0.11896811615004291,0.16110593578280008,0.020018252333211417,0.033041887003276614,188,130,10794.0,7265.0,0.6914893617021277,0.673059106911247
2023-09-25,0.11097812897579665,0.14441717404860172,0.025099869596081587,0.028153708407936576,160,357,9735.0,20440.0,2.23125,2.0996404725218283
2023-09-26,0.1218493303008515,0.12063417853218025,0.024059937809668957,0.031380014852804575,312,398,18837.0,24522.0,1.2756410256410255,1.3017996496257367
2023-09-27,0.0958212432846343,0.1327670386719717,0.050916150457086,0.03615249093751356,371,507,22946.0,30006.0,1.366576819407008,1.307678898282925
2023-09-28,0.06747862922961274,0.09454557508741666,0.0206651687969987,0.030881870948734087,1502,1608,87063.0,94974.0,1.070572569906791,1.0908652355191069
2023-10-02,0.04312263830733419,0.08934978006494153,0.03536454220065138,0.04385051446926015,1610,2607,89522.0,151919.0,1.619254658385093,1.6970018542927996
2023-10-03,0.06004830739146837,0.04883615621011634,0.0346611746548129,0.04875088431150662,2052,2235,114977.0,123181.0,1.0891812865497077,1.0713534011150057
2023-10-04,0.059339892022641866,0.03686724709176891,0.0496573284918938,0.044834706574113876,4859,3919,288513.0,225078.0,0.8065445564931055,0.7801312245895332
2023-10-05,0.06472953691487314,0.1271951952402534,0.03736168603897345,0.03700021178524936,1539,1982,87822.0,110248.0,1.2878492527615335,1.255357427523855
2023-10-06,0.07887042519303576,0.10517396260847629,0.043298548915062775,0.02841375998653855,1489,1534,86999.0,88212.0,1.0302216252518468,1.0139426889964251
2023-10-11,0.06917230799420648,0.08977072110702591,0.05667824689020507,0.07171151760876952,3958,4488,233579.0,264217.0,1.1339060131379484,1.1311676135269009
2023-10-12,0.09703270938570831,0.16376368049788173,0.029546680234816172,0.03177569113588516,1584,1608,89335.0,90576.0,1.0151515151515151,1.0138915318744053
2023-10-13,0.1257621171935598,0.1414715045643785,0.021298880419389724,0.03353167665610625,1783,1427,102367.0,82915.0,0.8003365114974762,0.8099778248849727
2023-10-16,0.18882118048831428,0.17605439443435797,0.05074942698535062,0.06220132172732888,2731,1784,161515.0,98837.0,0.6532405712193335,0.611936971798285
2023-10-17,0.20551996387119525,0.1282462364398084,0.07771109109751172,0.09193692674947702,3516,2342,196147.0,131959.0,0.6660978384527872,0.6727556373536174
2023-10-18,0.15585256878157341,0.16128715451867542,0.032083293593581086,0.03910096836238463,185,166,10215.0,7525.0,0.8972972972972973,0.7366617719040627
2023-10-19,0.12744944990366416,0.19605596468928396,0.0145083595372628,0.03939662439149891,150,230,8523.0,10556.0,1.5333333333333334,1.238531033673589
2023-10-20,0.1255148647256225,0.20011888346154377,0.026751610885537652,0.04393483994569085,240,236,14658.0,11776.0,0.9833333333333333,0.8033838177104653
2023-10-23,0.15277241168379188,0.17208128084747853,0.025499245200918345,0.038627098072459676,231,330,13500.0,17186.0,1.4285714285714286,1.273037037037037
2023-10-24,0.11802779714637789,0.18226826032661497,0.029111415182707767,0.05626240049897106,432,365,22623.0,18477.0,0.8449074074074074,0.816735181010476
2023-10-25,0.09810764134669571,0.13349575076351355,0.031285227873287726,0.06799619824298882,653,828,37956.0,49385.0,1.2679938744257273,1.3011118136789968
2023-10-26,0.10417000882681277,0.08626382186293588,0.029122677318936183,0.045963616179153094,2355,1652,141979.0,92091.0,0.7014861995753715,0.6486240922953395
2023-10-27,0.07858153952142155,0.1083969196998587,0.02575780392803518,0.035333241126,1658,1574,97437.0,84347.0,0.9493365500603136,0.8656567833574514
2023-10-30,0.06788806769984841,0.0893984804639174,0.028239799892747285,0.03897502212406021,2202,2106,127263.0,116891.0,0.9564032697547684,0.9184994853178065
2023-10-31,0.07802625800125275,0.047082400241832,0.03584502804812127,0.04856494535938628,4348,2047,253998.0,110887.0,0.47079116835326584,0.43656642965692644
2023-11-01,0.04776610854239978,0.050916990671663824,0.04763128882466809,0.048160742256952625,3791,3158,225341.0,182773.0,0.833025586916381,0.8110951846312922
2023-11-02,0.07242767134147143,0.1416555655314519,0.040954054612298646,0.03690710042461469,2198,2364,121138.0,135804.0,1.0755232029117379,1.1210685334081791
2023-11-03,0.06829049496605329,0.11345101815882082,0.030267055917730545,0.02705566587022615,1738,2252,98619.0,127981.0,1.2957422324510932,1.2977316744237926
2023-11-06,0.06868675455085957,0.10932789974682133,0.04537616783905104,0.03985219839574037,2352,2958,137800.0,173787.0,1.2576530612244898,1.261153846153846
2023-11-07,0.04645715639741833,0.09159623205195427,0.03846411262671007,0.03780697456716923,1489,1891,89939.0,113597.0,1.269979852249832,1.2630449526901566
2023-11-08,0.039075090034554436,0.0772324742142463,0.047961344159852315,0.059089014544928854,3063,4143,196427.0,246555.0,1.3525954946131244,1.255199132502151
2023-11-09,0.11302207874603781,0.15625617642639525,0.01744049658370566,0.03167708920445438,1489,1209,84968.0,68358.0,0.8119543317662861,0.8045146408059505
2023-11-10,0.12860325271108142,0.12489444977637539,0.0325167987239306,0.04267327819964325,1521,1492,88645.0,90274.0,0.9809335963182118,1.0183766709910316
2023-11-13,0.17904544943557132,0.16547960565714837,0.05330287135458634,0.07168480565305274,3017,3878,175929.0,235975.0,1.28538283062645,1.3413081413524774
2023-11-14,0.1960172938118702,0.18831643578504753,0.06410509549668143,0.13549961506685287,1651,2642,93258.0,151403.0,1.6002422774076317,1.6234853846318815
2023-11-15,0.12677256473774812,0.17994471733277018,0.012894752253715693,0.04086184101787337,218,205,12505.0,10807.0,0.9403669724770642,0.8642143142742903
2023-11-16,0.1271281262926738,0.18222603208648921,0.012905118278101443,0.06176615156781445,157,302,8269.0,15451.0,1.9235668789808917,1.8685451687023824
2023-11-17,0.12865335799197877,0.17093229699361417,0.014689237907583053,0.045787024788026015,109,234,6223.0,13153.0,2.146788990825688,2.1136107986501687
2023-11-20,0.12982144293138467,0.19697565861986244,0.013379111625790228,0.0721625931088807,113,100,6491.0,6087.0,0.8849557522123894,0.9377599753504853
2023-11-21,0.11778616652303271,0.16444726482161903,0.010639114345290279,0.02090685259728541,274,327,15941.0,17054.0,1.1934306569343065,1.0698199611065806
2023-11-22,0.122080082029696,0.15427123728499242,0.017667184798111208,0.03474499867569627,190,220,10083.0,12068.0,1.1578947368421053,1.1968660120995736
2023-11-23,0.09972195273823138,0.1481011236082361,0.017918165733055266,0.025528908234900897,165,155,10682.0,8241.0,0.9393939393939394,0.771484740685265
2023-11-24,0.10507007316206166,0.11890169845260506,0.02670704855130644,0.026909472189708752,149,109,10849.0,6513.0,0.7315436241610739,0.6003318278182321
2023-11-27,0.11563076385753096,0.11094810998509845,0.02683351318587789,0.04252892254855864,252,166,17085.0,8758.0,0.6587301587301587,0.5126134035703834
2023-11-28,0.09288474013928273,0.12630286823684503,0.02929064021938151,0.03648688671298715,376,280,24525.0,14788.0,0.7446808510638298,0.6029765545361876
2023-11-29,0.0839300605640398,0.09132871842633873,0.03591417258259897,0.03409068943032911,736,731,48000.0,47378.0,0.9932065217391305,0.9870416666666667
2023-11-30,0.05662449019186048,0.08925067396892672,0.025998918514631025,0.02503534768248942,1535,1741,88524.0,104102.0,1.1342019543973942,1.1759748768695495
2023-12-01,0.055802385760150765,0.08611717725191473,0.025875595408144214,0.027112691453300742,1751,1493,105593.0,85940.0,0.8526556253569388,0.813879707935185
2023-12-04,0.06193070667268761,0.0626519367377813,0.025304332079197193,0.031356876453663994,1732,1445,102797.0,85043.0,0.8342956120092379,0.827290679689096
2023-12-05,0.04984575617918083,0.06012897332308284,0.03196142866558988,0.029911496458487292,2767,2614,171420.0,149555.0,0.9447054571738345,0.8724477890561195
2023-12-06,0.0398009326615561,0.03643713010389315,0.035609925653410326,0.03570533675113334,3559,3448,221559.0,205612.0,0.9688114638943524,0.9280236866929351
2023-12-07,0.09904044316258755,0.07311395067847733,0.021609290601678946,0.022676545992926546,1403,1168,83369.0,66001.0,0.8325017818959373,0.7916731638858568
2023-12-08,0.08033859917757766,0.08740189855353066,0.024374738793429787,0.02676099182613522,1493,1801,89437.0,110376.0,1.2062960482250502,1.234120106890884
2023-12-11,0.06965221691131836,0.09019465626841705,0.023394566858182513,0.02278990981550813,1459,1802,87599.0,112511.0,1.2350925291295407,1.2843868080685852
2023-12-12,0.07454615390098451,0.0701384187412771,0.03196956981167959,0.04748477731804901,1461,1792,88120.0,108048.0,1.2265571526351813,1.22614616432138
2023-12-13,0.050999726139038436,0.05511295542172749,0.04216794967441574,0.043451858584722426,3110,2424,186318.0,142605.0,0.7794212218649518,0.7653849869577819
2023-12-14,0.0852829704034273,0.14352110879075275,0.03584311746775496,0.07230611685397606,1511,1611,90672.0,95367.0,1.0661813368630046,1.05178004235045
2023-12-15,0.11718443956237148,0.100219456476189,0.0192781395308919,0.02772121246520878,1557,1711,100831.0,101964.0,1.098908156711625,1.0112366236574069
2023-12-18,0.1320063500554065,0.15769767849056243,0.042360158628136475,0.0617858560565333,1432,1676,84012.0,96721.0,1.170391061452514,1.1512760081893063
2023-12-19,0.13755439438423425,0.16676375202674776,0.0596777788099684,0.13309167391932747,2534,2055,156661.0,116644.0,0.8109707971586425,0.7445631012185547
2023-12-20,0.09990104448153446,0.13295111151808614,0.023312624598707237,0.0316846623334696,106,87,6242.0,4233.0,0.8207547169811321,0.6781480294777315
2023-12-21,0.11469186434100764,0.14905452364237745,0.04527778599008007,0.06897829240625408,207,137,13365.0,8360.0,0.6618357487922706,0.6255144032921811
2023-12-22,0.09665736069248075,0.19409770263816994,0.029948718747211268,0.07005090150741027,141,151,7449.0,8512.0,1.070921985815603,1.142703718619949
2023-12-25,0.09148860988811709,0.11342409927105575,0.03389660770145249,0.04639590371260751,95,158,5174.0,8265.0,1.6631578947368422,1.5974101275608814
2023-12-26,0.11569357517566169,0.1260726822226145,0.046383375393835524,0.04751153106768069,364,224,27736.0,13034.0,0.6153846153846154,0.46993077588693394
2023-12-27,0.06597285276938034,0.10690788483444258,0.037182346190859986,0.05142868474392866,744,500,47317.0,29117.0,0.6720430107526881,0.6153602299384999
2023-12-28,0.054232444684831765,0.09233226746741675,0.031842986082333095,0.04954015307252033,785,591,46071.0,33311.0,0.7528662420382166,0.7230361832823251
2023-12-29,0.04458928254611399,0.0743687942936571,0.027292035084397787,0.03836062783499713,702,774,41964.0,42503.0,1.1025641025641026,1.0128443427699934
