Date,Call_IV_Mean,Call_IV_Std,Put_IV_Mean,Put_IV_Std,PCR_Value
2019/01/02,0.022832793,0.010693672,0.024659416,0.011228356,1.15
2019/01/03,0.027391745,0.011062102,0.029583085,0.011615207,1.15
2019/01/04,0.029609598,0.015930785,0.031978366,0.016727324,1.15
2019/01/11,0.012367432,0,0.013356827,0,1.15
2019/02/11,0.044399189,0.006044425,0.047951124,0.006346647,1.15
2019/02/12,0.023523954,0,0.02540587,0,1.15
2019/02/13,0.023523954,0,0.02540587,0,1.15
2019/02/14,0.043553602,0.020929815,0.047037891,0.021976306,1.15
2019/02/18,0.043553602,0.020538569,0.047037891,0.021565498,1.15
2019/02/19,0.044737934,0.003010388,0.048316969,0.003160907,1.15
2019/02/22,0.012367432,1.81939E-18,0.013356827,1.91036E-18,1.15
2019/02/25,0.012601801,0.000681634,0.013609945,0.000715716,1.15
2019/02/26,0.017945693,0.006441221,0.019381349,0.006763282,1.15
2019/03/04,0.031865995,0.013901216,0.034415275,0.014596277,1.15
2019/03/05,0.124965795,0.07782467,0.134963058,0.081715903,1.15
2019/03/06,0.061024027,0.048008081,0.065905949,0.050408485,1.15
2019/03/07,0.031452147,0.022543425,0.033968319,0.023670597,1.15
2019/03/08,0.030560378,0.026060001,0.033005208,0.027363001,1.15
2019/03/11,0.051077705,0.022077789,0.055163921,0.023181679,1.15
2019/03/12,0.03711473,0.0232888,0.040083908,0.02445324,1.15
2019/03/13,0.042520829,0.05035272,0.045922495,0.052870356,1.15
2019/03/14,0.028698598,0.009564495,0.030994486,0.01004272,1.15
2019/03/15,0.089721578,0.085894223,0.096899304,0.090188934,1.15
2019/03/18,0.036126387,0.025297536,0.039016498,0.026562413,1.15
2019/03/19,0.036930957,0.031356203,0.039885434,0.032924013,1.15
2019/03/20,0.025626817,0.017523103,0.027676962,0.018399258,1.15
2019/03/21,0.013847154,0.000699219,0.014954927,0.000734179,1.15
2019/03/22,0.0190087,0.012940733,0.020529396,0.01358777,1.15
2019/03/25,0.024181816,0.011289318,0.026116361,0.011853784,1.15
2019/03/26,0.026037748,0.016152012,0.028120767,0.016959613,1.15
2019/03/27,0.044199067,0,0.047734993,0,1.15
2019/04/01,0.016915903,0.019785797,0.018269176,0.020775086,1.15
2019/04/02,0.010733979,0.0153151,0.011592698,0.016080855,1.15
2019/04/03,0.017364985,0.017127075,0.018754184,0.017983429,1.15
2019/04/08,0.011824626,0.012410373,0.012770596,0.013030892,1.15
2019/04/09,0.011928574,0.010397708,0.01288286,0.010917593,1.15
2019/04/10,0.015395739,0.009715348,0.016627398,0.010201115,1.15
2019/04/11,0.013231863,0.008378457,0.014290412,0.00879738,1.15
2019/04/12,0.014668463,0.004728406,0.01584194,0.004964827,1.15
2019/04/15,0.01275964,0.005210486,0.013780411,0.00547101,1.15
2019/04/16,0.011046765,0.004873869,0.011930506,0.005117562,1.15
2019/04/17,0.022708173,0.019487577,0.024524827,0.020461956,1.15
2019/04/18,0.048772228,0.012053717,0.052674006,0.012656403,1.15
2019/04/19,0.037905703,0.010190959,0.04093816,0.010700507,1.15
2019/04/22,0.032472264,0.008106513,0.035070046,0.008511839,1.15
2019/04/23,0.022418062,0.007481082,0.024211507,0.007855136,1.15
2019/04/24,0.027747013,0.014446032,0.029966774,0.015168334,1.15
2019/05/02,0.029183373,0.022339545,0.031518043,0.023456522,1.15
2019/05/03,0.056170186,0.018713739,0.060663801,0.019649426,1.15
2019/05/06,0.048236423,0.031988508,0.052095337,0.033587933,1.15
2019/05/07,0.028468006,0.017381656,0.030745446,0.018250739,1.15
2019/05/08,0.03232683,0.016782903,0.034912977,0.017622048,1.15
2019/05/09,0.02845843,0.01216133,0.030735104,0.012769397,1.15
2019/05/10,0.015794824,0.012356941,0.01705841,0.012974788,1.15
2019/05/13,0.013614507,0.01071543,0.014703668,0.011251201,1.15
2019/05/14,0.023026046,0.020192672,0.02486813,0.021202306,1.15
2019/05/15,0.018221273,0.010641786,0.019678975,0.011173876,1.15
2019/05/16,0.016891045,0.006870105,0.018242329,0.00721361,1.15
2019/05/17,0.013443692,0.000287312,0.014519188,0.000301677,1.15
2019/05/20,0.013268487,0.000728758,0.014329966,0.000765196,1.15
2019/05/21,0.012696142,0.000561379,0.013711834,0.000589448,1.15
2019/05/22,0.016820499,0.004937748,0.018166139,0.005184636,1.15
2019/05/23,0.031859606,0,0.034408374,0,1.15
2019/06/03,0.044127558,0.03062667,0.047657763,0.032158004,1.15
2019/06/04,0.046149482,0.03696539,0.04984144,0.038813659,1.15
2019/06/05,0.032157983,0.023317056,0.034730621,0.024482909,1.15
2019/06/06,0.03640054,0.028804445,0.039312583,0.030244667,1.15
2019/06/10,0.040190296,0.031164756,0.043405519,0.032722994,1.15
2019/06/11,0.029326228,0.018890522,0.031672326,0.019835048,1.15
2019/06/12,0.043081105,0.022109427,0.046527593,0.023214898,1.15
2019/06/13,0.037095605,0.019783835,0.040063254,0.020773027,1.15
2019/06/14,0.037876746,0.0212674,0.040906886,0.02233077,1.15
2019/06/17,0.130119087,0.109180839,0.140528614,0.114639881,1.15
2019/06/18,0.032859732,0.017951118,0.03548851,0.018848674,1.15
2019/06/19,0.02673687,0.013037311,0.02887582,0.013689176,1.15
2019/06/20,0.020341854,0.010818648,0.021969202,0.011359581,1.15
2019/06/21,0.018517946,0.011830148,0.019999382,0.012421655,1.15
2019/06/24,0.021023452,0.014263341,0.022705328,0.014976508,1.15
2019/06/25,0.024249595,0.015259088,0.026189563,0.016022042,1.15
2019/06/26,0.016383132,0.011560452,0.017693782,0.012138475,1.15
2019/07/01,0.021303829,0.021644994,0.023008135,0.022727244,1.15
2019/07/02,0.026214499,0.018070615,0.028311659,0.018974146,1.15
2019/07/03,0.019524256,0.015224156,0.021086197,0.015985364,1.15
2019/07/04,0.016680297,0.01413311,0.018014721,0.014839766,1.15
2019/07/05,0.014423637,0.014105524,0.015577528,0.014810801,1.15
2019/07/08,0.0200464,0.013849891,0.021650112,0.014542386,1.15
2019/07/09,0.028763268,0.02006258,0.03106433,0.021065709,1.15
2019/07/10,0.023216853,0.01116831,0.025074202,0.011726725,1.15
2019/07/11,0.017526927,0.01362565,0.018929081,0.014306932,1.15
2019/07/12,0.016885462,0.011390531,0.018236299,0.011960058,1.15
2019/07/15,0.026387764,0.036622286,0.028498785,0.0384534,1.15
2019/07/16,0.018743882,0.017513858,0.020243393,0.018389551,1.15
2019/07/17,0.012668914,0.008134529,0.013682427,0.008541256,1.15
2019/07/18,0.014260037,0.007125567,0.01540084,0.007481846,1.15
2019/07/19,0.010327683,0.006420092,0.011153897,0.006741097,1.15
2019/07/22,0.007619204,0.006388162,0.00822874,0.00670757,1.15
2019/07/23,0.008279656,0.004581491,0.008942029,0.004810566,1.15
2019/07/24,0.012156123,0.007859725,0.013128613,0.008252711,1.15
2019/07/25,0.014673558,0.00685825,0.015847443,0.007201163,1.15
2019/07/26,0.010407135,0.006872983,0.011239706,0.007216632,1.15
2019/07/29,0.01116545,0.005110976,0.012058686,0.005366524,1.15
2019/07/30,0.01119699,0.00617692,0.012092749,0.006485766,1.15
2019/07/31,0.012228727,0.008305089,0.013207025,0.008720344,1.15
2019/08/01,0.019806864,0.014998553,0.021391413,0.015748481,1.15
2019/08/02,0.022524613,0.017711448,0.024326582,0.01859702,1.15
2019/08/05,0.033932233,0.023947361,0.036646812,0.02514473,1.15
2019/08/06,0.035423218,0.028932189,0.038257075,0.030378798,1.15
2019/08/07,0.039638562,0.038964232,0.042809647,0.040912444,1.15
2019/08/08,0.035127967,0.02959654,0.037938204,0.031076367,1.15
2019/08/12,0.023897135,0.014008979,0.025808906,0.014709428,1.15
2019/08/13,0.04060584,0.038020163,0.043854307,0.039921172,1.15
2019/08/14,0.040133263,0.033109185,0.043343924,0.034764644,1.15
2019/08/15,0.038856704,0.023746286,0.04196524,0.024933601,1.15
2019/08/16,0.029128487,0.018840681,0.031458766,0.019782715,1.15
2019/08/19,0.025673178,0.014080457,0.027727032,0.01478448,1.15
2019/08/20,0.028384141,0.018377807,0.030654872,0.019296698,1.15
2019/08/21,0.036669159,0.018022197,0.039602691,0.018923306,1.15
2019/08/22,0.014609231,0.002944144,0.01577797,0.003091351,1.15
2019/08/26,0.014863868,0.004145227,0.016052977,0.004352488,1.15
2019/08/27,0.032833811,0.007836771,0.035460516,0.00822861,1.15
2019/08/28,0.013517917,0,0.014599351,0,1.15
2019/09/02,0.109982205,0.048505972,0.118780782,0.050931271,1.15
2019/09/03,0.087101077,0.034122002,0.094069163,0.035828102,1.15
2019/09/04,0.023685869,0.01444355,0.025580738,0.015165727,1.15
2019/09/05,0.019571576,0.018297195,0.021137302,0.019212055,1.15
2019/09/06,0.011314557,0.013147737,0.012219721,0.013805124,1.15
2019/09/09,0.016230731,0.023417243,0.01752919,0.024588105,1.15
2019/09/10,0.01412361,0.013080464,0.015253499,0.013734488,1.15
2019/09/11,0.019770084,0.013966288,0.021351691,0.014664602,1.15
2019/09/12,0.028759973,0.031163243,0.031060771,0.032721405,1.15
2019/09/16,0.013388609,0.011205805,0.014459698,0.011766095,1.15
2019/09/17,0.010527943,0.015499711,0.011370178,0.016274697,1.15
2019/09/18,0.02225795,0.007497603,0.024038586,0.007872483,1.15
2019/09/19,0.018395421,0.007761291,0.019867055,0.008149355,1.15
2019/09/20,0.012402567,0.005869634,0.013394772,0.006163116,1.15
2019/09/23,0.009547261,0.00548902,0.010311042,0.005763471,1.15
2019/09/24,0.011725694,0.006452514,0.012663749,0.00677514,1.15
2019/09/25,0.010273124,0.006339384,0.011094974,0.006656353,1.15
2019/10/01,0.041958261,0.021693352,0.045314922,0.022778019,1.15
2019/10/02,0.036810171,0.016939627,0.039754985,0.017786608,1.15
2019/10/03,0.024092385,0.013126858,0.026019775,0.013783201,1.15
2019/10/04,0.021543982,0.01326004,0.023267501,0.013923042,1.15
2019/10/07,0.018133321,0.014051076,0.019583987,0.01475363,1.15
2019/10/08,0.02715881,0.017776229,0.029331515,0.01866504,1.15
2019/10/09,0.024147874,0.015287422,0.026079704,0.016051793,1.15
2019/10/14,0.050738426,0.021696098,0.0547975,0.022780903,1.15
2019/10/15,0.0561984,0.021386681,0.060694271,0.022456016,1.15
2019/10/16,0.063139365,0.027172795,0.068190515,0.028531435,1.15
2019/10/17,0.084174122,0.016793955,0.090908052,0.017633653,1.15
2019/10/18,0.090982688,0.021176203,0.098261303,0.022235013,1.15
2019/10/21,0.076758117,0.018113196,0.082898766,0.019018856,1.15
2019/10/22,0.086577336,0.026295691,0.093503523,0.027610475,1.15
2019/10/23,0.078687595,0.028184869,0.084982603,0.029594112,1.15
2019/10/24,0.105471731,0.023660556,0.113909469,0.024843584,1.15
2019/10/25,0.114552698,0.026799283,0.123716914,0.028139247,1.15
2019/10/28,0.110049359,0.027237726,0.118853308,0.028599612,1.15
2019/10/29,0.108083033,0.03075613,0.116729676,0.032293937,1.15
2019/10/30,0.095801635,0.029750401,0.103465766,0.031237922,1.15
2019/11/01,0.132107111,0.036355952,0.14267568,0.03817375,1.15
2019/11/04,0.164170679,0.055153086,0.177304333,0.057910741,1.15
2019/11/05,0.190538516,0.058754961,0.205781598,0.061692709,1.15
2019/11/06,0.175052864,0.060713387,0.189057094,0.063749056,1.15
2019/11/07,0.193726354,0.046093395,0.209224463,0.048398065,1.15
2019/11/08,0.188788423,0.043702683,0.203891497,0.045887817,1.15
2019/11/11,0.151038918,0.040339303,0.163122031,0.042356268,1.15
2019/11/12,0.144602912,0.037498915,0.156171145,0.039373861,1.15
2019/11/13,0.129395721,0.038612001,0.139747379,0.040542602,1.15
2019/11/14,0.1550805,0.033357458,0.16748694,0.035025331,1.15
2019/11/15,0.167215413,0.038370269,0.180592646,0.040288783,1.15
2019/11/18,0.165332845,0.039808777,0.178559473,0.041799216,1.15
2019/11/19,0.171765221,0.045559296,0.185506439,0.047837261,1.15
2019/11/20,0.153327332,0.047498045,0.165593519,0.049872947,1.15
2019/11/21,0.167579466,0.034477404,0.180985823,0.036201274,1.15
2019/11/22,0.169148947,0.03427084,0.182680863,0.035984383,1.15
2019/11/25,0.167217294,0.037442931,0.180594677,0.039315077,1.15
2019/11/26,0.166383073,0.039650958,0.179693719,0.041633506,1.15
2019/11/27,0.145801109,0.042154524,0.157465197,0.04426225,1.15
2019/12/02,0.154627359,0.042167716,0.166997548,0.044276101,1.15
2019/12/03,0.148329745,0.042424451,0.160196124,0.044545673,1.15
2019/12/04,0.136242007,0.044392482,0.147141367,0.046612107,1.15
2019/12/05,0.184018056,0.043628464,0.198739501,0.045809887,1.15
2019/12/06,0.188415466,0.045996146,0.203488704,0.048295953,1.15
2019/12/09,0.187474108,0.046355829,0.202472037,0.04867362,1.15
2019/12/10,0.16890921,0.045402668,0.182421947,0.047672801,1.15
2019/12/11,0.16506572,0.049392697,0.178270978,0.051862332,1.15
2019/12/12,0.23947853,0.061523874,0.258636812,0.064600068,1.15
2019/12/13,0.265899449,0.062431758,0.287171404,0.065553346,1.15
2019/12/16,0.243681287,0.058632302,0.26317579,0.061563917,1.15
2019/12/17,0.24798218,0.073700249,0.267820755,0.077385262,1.15
2019/12/18,0.240854687,0.071780599,0.260123062,0.075369629,1.15
2019/12/19,0.256813016,0.044920368,0.277358057,0.047166386,1.15
2019/12/20,0.247971844,0.042712338,0.267809591,0.044847955,1.15
2019/12/23,0.229789102,0.044907348,0.24817223,0.047152716,1.15
2019/12/24,0.219024013,0.048041072,0.236545934,0.050443125,1.15
2019/12/25,0.192137442,0.049996691,0.207508437,0.052496526,1.15
