,Title,Count
0,違反商標法,14684
1,違反著作權法,6923
2,商標異議,4926
3,新型專利舉發,3395
4,商標評定,2823
5,損害賠償,2786
6,新型專利異議,2431
7,侵害專利權有關財產權爭議等,2160
8,聲請單獨宣告沒收,2097
9,商標註冊,1955
10,商標法,1944
11,發明專利舉發,1853
12,違反著作權法等,1572
13,侵權行為損害賠償,1157
14,侵害專利權有關財產權爭議,1127
15,偽造文書等,975
16,著作權法,961
17,發明專利申請,959
18,侵害著作權有關財產權爭議,842
19,聲請交付審判,799
20,聲請沒收,797
21,侵害著作權有關財產權爭議等,737
22,詐欺等,677
23,聲請秘密保持命令,675
24,聲請單獨宣告沒收（智慧財產案件）,671
25,服務標章,619
26,損害賠償等,581
27,訴訟救助,553
28,保全證據,547
29,宣告沒收,520
30,違反藥事法等,503
31,發明專利異議,500
32,專科沒收,491
33,聲請沒收（智慧財產案件）,472
34,聲請單獨宣告沒收扣押物,450
35,請求損害賠償,443
36,聲請單獨宣告沒收扣押物（智慧財產案件）,443
37,侵害商標權有關財產權爭議等,423
38,營利事業所得稅,396
39,商標廢止註冊,394
40,違反商標法等,375
41,聲請宣告沒收,341
42,排除侵害專利權等,335
43,排除侵害商標權行為等,324
44,聲請定暫時狀態之處分,314
45,專科沒收(智慧財產案件),310
46,違反專利法,297
47,商標廢止,272
48,侵害商標權有關財產權爭議,264
49,新型專利申請,261
50,偽造文書,261
51,聲請裁定沒收違禁物,243
52,假扣押,234
53,著作權法等,234
54,給付違約金,228
55,請求賠償損害,224
56,聲請定應執行刑,222
57,詐欺,219
58,新式樣專利舉發,200
59,違反營業秘密法等,197
60,宣告沒收(智慧財產案件),195
61,有關專利事務,194
62,違反藥事法,193
63,聲請再審,192
64,返還不當得利,191
65,公平交易法,187
66,進口貨物核定完稅價格,173
67,聲明異議,165
68,聲請確定訴訟費用額,160
69,新式樣專利異議,159
70,假處分,151
71,聲請單獨宣告沒收（智慧財產案,150
72,服務標章異議,146
73,宣告沒收（智慧財產案件）,146
74,單獨宣告沒收,144
75,排除侵害等,139
76,聲請單獨宣告沒收扣押物（智慧,138
77,聲請核發秘密保持命令,135
78,聲請迴避,133
79,清償債務,129
80,交付法庭錄音光碟,125
81,違反商標法附帶民訴,124
82,違反海關緝私條例,118
83,公平交易法損害賠償等,115
84,侵權行為損害賠償等,111
85,損害賠償（專利權）,111
86,專利權損害賠償,110
87,毒品危害防制條例,108
88,商標撤銷,106
89,營業秘密損害賠償等,106
90,宣告沒收物,105
91,因違反著作權法案附帶民訴,103
92,排除侵害,99
93,排除侵害專利權,98
94,排除侵害著作權行為等,96
95,著作權集體管理團體條例,95
96,誣告,94
97,給付違約金等,94
98,給付貨款,92
99,背信等,92
100,聲請撤銷緩刑,91
101,聲請返還擔保金,89
102,聲請交付保護管束,87
103,公平交易法除去侵害等,87
104,國家賠償,86
105,排除侵害商標權行為,84
106,履行契約,84
107,妨害名譽,84
108,新式樣專利申請,83
109,設計專利舉發,81
110,支付命令,79
111,背信,78
112,營業秘密限制閱覽,78
113,違反營業秘密法,77
114,所得稅法,76
115,返還不當得利等,75
116,證券交易法等,73
117,確認專利權等,73
118,毒品危害防制條例等,72
119,聲請裁定單獨宣告沒收,72
120,商標法等,70
121,返還提存物,69
122,聲請限制閱覽,67
123,營業秘密損害賠償等（勞動）,66
124,公共危險,66
125,菸酒管理法等,66
126,綜合所得稅,65
127,藥事法等,64
128,定暫時狀態之處分,62
129,確認僱傭關係存在等,61
130,損害賠償（智慧財產權）,61
131,專利權授權契約事件,58
132,給付報酬,58
133,定應執行刑,57
134,其他智慧財產權事件,56
135,聲請宣告沒收違禁物,54
136,,53
137,聲請宣告沒收(智慧財產案件),52
138,專利權移轉登記,51
139,給付工程款,51
140,聲請撤銷秘密保持命令,49
141,有關著作權事務,49
142,聲請准許提起自訴,48
143,返還價金,46
144,專利權其他契約爭議事件,46
145,聲請單獨宣告沒收違禁物,46
146,聲請定其應執行刑,46
147,履行契約等,45
148,有關商標事務,45
149,聲請返還提存物,43
150,專利法,43
151,營業秘密損害賠償,42
152,裁定股票收買價格,42
153,債務不履行損害賠償,41
154,違反著作權法等罪,41
155,著作利用強制授權申請,40
156,菸酒管理法,40
157,俸給,39
158,給付資遣費等,39
159,竊盜,39
160,著作權授權契約事件,39
161,確定訴訟費用額,38
162,政府採購法,38
163,債務人異議之訴,38
164,違反菸酒管理法,37
165,違反菸酒管理法等,37
166,證券交易法,37
167,商標權移轉登記,37
168,解任董事職務,37
169,使用專利權權利金,36
170,聲請裁定單獨宣告沒收(智慧財產案件),36
171,違反證券交易法等,36
172,變換提存物,36
173,第三人異議之訴,35
174,確認請求權不存在,35
175,聲請閱卷,34
176,考試,34
177,返還擔保金,34
178,有關核發證明事務,33
179,撤銷緩刑,33
180,排除侵害商標專用權行為等,32
181,營業秘密法等,32
182,給付價金,32
183,有關教育事務,31
184,侵害著作權有關人格權爭議等,31
185,聲請假扣押,30
186,貪污治罪條例等,30
187,違反公平交易法等,30
188,妨害農工商,30
189,公平交易法損害賠償,30
190,返還價金等,29
191,損害賠償（商標專用權）,29
192,聲請秘密保持令,28
193,發明專利申請延長專利權期間,28
194,著作權團體集體管理條例,28
195,不當行使專利權所生損害賠償爭議,28
196,偽造文書等罪,27
197,妨害秘密罪,27
198,給付買賣價金,27
199,違反藥事法等罪,26
200,請求排除侵害商標權行為等,26
201,誣告等,26
202,聲請發還扣押物,26
203,妨害電腦使用等,26
204,著作權其他契約爭議事件,26
205,侵占,26
206,解除契約等,25
207,專利權權利歸屬,25
208,營業秘密損害賠償（勞動）,25
209,提供行政資訊,25
210,損害賠償等（專利權）,25
211,確認本票債權不存在,25
212,貪污等,24
213,違反證券交易法,24
214,侵權行為損害賠償（專利權）,24
215,妨害秘密,24
216,聲請回復原狀,24
217,業務侵占等,24
218,再審之訴,24
219,營業秘密排除侵害等,23
220,給付票款,23
221,給付報酬等,23
222,排除侵害著作權行為,23
223,停止執行,23
224,勞工退休金條例,23
225,聲請停止執行,23
226,發明專利申請案主張優先權,22
227,給付貨款等,22
228,回復原狀等,22
229,違反毒品危害防制條例,22
230,侵占等,22
231,聲請強制執行,21
232,著作權損害賠償,21
233,商標權權利歸屬等,21
234,著作權其他契約爭議事件等,21
235,確認著作權不存在,21
236,有關公平交易事件,21
237,加重詐欺等,21
238,專利權申請權歸屬,21
239,虛報進口貨物,20
240,聲請解除保全證據,20
241,聲請保全證據,20
242,侵害專利權損害賠償,20
243,給付服務費,20
244,聲請撤銷假扣押裁定,20
245,確認著作權等,20
246,排除侵害商標專用權行為,20
247,聲請限期起訴,20
248,專利年費,20
249,給付薪資等,20
250,專利權權利歸屬等,20
251,發還擔保金,20
252,請求排除侵害專利權等,20
253,營業秘密排除侵害等（勞動）,19
254,偽證等,19
255,設計專利申請,19
256,商標權其他契約爭議事件,19
257,著作權權利歸屬等,19
258,給付承攬報酬,19
259,專利權損害賠償等,19
260,給付委任報酬,19
261,聲請確定訴訟費用,19
262,公平交易法等,19
263,專利權移轉登記等,19
264,因違反商標法案提起附帶民事訴訟,18
265,返還借款,18
266,依職權確定訴訟費用額,18
267,偽證,18
268,專利權授權契約事件等,18
269,清償借款,18
270,宣告破產,18
271,聲請假處分,18
272,撤銷定暫時狀態處分裁定,18
273,聲請定應執行之刑,17
274,食品安全衛生管理法等,17
275,聲請返還擔保物,17
276,妨害電腦使用,17
277,違反營業秘密等,17
278,著作權權利歸屬,17
279,政府資訊公開法,17
280,商標移轉,17
281,貪污治罪條例,16
282,損害賠償（著作權）,16
283,違反貪污治罪條例等,16
284,給付薪資,16
285,妨害公務,16
286,返還保證金,16
287,業務侵占,16
288,返還加盟金等,16
289,給付權利金,16
290,有關智慧財產權事務,16
291,營業秘密排除侵害,16
292,損害賠償(專利權),16
293,單獨宣告沒收(智慧財產案件),16
294,有關專利權事務,16
295,請求國家賠償聲請再審,16
296,教師升等,16
297,選派檢查人,15
298,判決書登報,15
299,交付審判,15
300,妨害電腦使用罪,15
301,妨害農工商罪,15
302,違反農藥管理法等,15
303,聲請返還證物,15
304,懲治走私條例等,15
305,專利權報酬爭議,15
306,廣播電視法,15
307,植物品種及種苗法損害賠償等,14
308,行使權利,14
309,藥事法,14
310,違反懲治走私條例等,14
311,妨害電腦使用罪等,14
312,給付使用報酬等,14
313,懲戒,14
314,違反商業會計法等,14
315,偽造有價證券等,14
316,請求損害賠償等,14
317,緊急處置,14
318,請求侵害專利權有關財產權爭議,14
319,債務不履行損害賠償等,13
320,違反證券交易法等罪,13
321,聲請判決書遮隱,13
322,請求侵權行為損害賠償,13
323,洗錢防制法等,13
324,貪污,13
325,給付資遣費,13
326,營業稅,13
327,妨害風化,13
328,著作權報酬爭議,13
329,防止侵害專利權行為,13
330,商標權授權契約事件等,13
331,選任臨時管理人,12
332,聲請扣押,12
333,聲請變更擔保物,12
334,植物品種及種苗法損害賠償,12
335,常業詐欺等,12
336,排除侵害（專利權）,12
337,確認僱傭關係存在,12
338,違反銀行法等,12
339,誹謗,12
340,給付服務費等,12
341,違反貪污治罪條例,12
342,違反公平交易法,12
343,妨害自由,12
344,確認僱傭關係等,12
345,請求侵害專利權有關財產權爭議等,12
346,商標權權利歸屬,12
347,給付工資等,12
348,確認著作權存在,11
349,聲請羈押,11
350,聲請單獨宣告沒收違禁物（智慧財產案件）,11
351,確認著作權授權關係不存在,11
352,傷害等,11
353,不當行使智慧財產權爭議事項,11
354,違法失職,11
355,加重詐欺,11
356,虛報進口貨物產地,11
357,違反槍砲彈藥刀械管制條例等,11
358,聲請核發秘密保持令,11
359,請求解任董事職務,11
360,排除侵害專利權行為,11
361,職權命第三人參與沒收程序,11
362,確認商標權等,11
363,違反公司法等,11
364,誹謗等,11
365,公平交易法除去侵害,11
366,回復原狀,11
367,個人資料保護法等,11
368,給付工資,11
369,扣繳稅款,11
370,妨害農工商等,11
371,營業秘密法,10
372,違反律師法,10
373,返還加盟金,10
374,塗銷商標權移轉登記,10
375,返還所有物等,10
376,聲請參與沒收程序,10
377,違反營業秘密法等罪,10
378,確認著作權,10
379,違法,10
380,聲請限制閱卷,10
381,不當行使專利權所生損害賠償爭議等,10
382,停止侵害專利權行為等,10
383,確認董事會決議無效,10
384,違反律師法等,10
385,傷害,10
386,商標權移轉登記等,10
387,聲請秘密保持命令（勞動）,10
388,違反個人資料保護法等,10
389,不當行使專利權所生損害賠償爭,9
390,假扣押（勞動）,9
391,履行協議,9
392,專利權其他契約爭議,9
393,違反專利法等,9
394,瀆職,9
395,使用著作權權利金,9
396,確認專利權等（勞動）,9
397,聲請解除限制出境,9
398,定暫時狀態處分,9
399,公司法,9
400,返還定金,9
401,給付價款,9
402,確認請求權不存在等,9
403,違反懲治走私條例,9
404,假釋中付保護管束,9
405,促進產業升級條例,9
406,聲請裁定單獨宣告沒收(智慧財?,9
407,損害賠償(著作權),9
408,違反食品安全衛生管理法等,8
409,請求清算展延,8
410,撤銷股東會決議,8
411,全民健康保險,8
412,履行合約,8
413,限期起訴,8
414,瀆職等,8
415,定暫時狀態假處分,8
416,確認債權存在,8
417,確認行政處分無效,8
418,聲請定暫時狀態處分,8
419,政府資訊公開,8
420,任用,8
421,給付懲罰性違約金,8
422,團體標章,8
423,違反槍砲彈藥刀械管制條例,8
424,沒入保證金,8
425,工商登記,8
426,請求公平交易法損害賠償等,8
427,聲請沒入保證金,8
428,本票裁定,8
429,因（刑事罪名）附帶民訴,8
430,聲請撤銷定暫時狀態處分,8
431,因違反著作權法案提起附帶民事訴訟,8
432,確認授權關係不存在,8
433,確認專利申請權,8
434,侵權行為損害賠償等(智財),7
435,商業會計法等,7
436,請求營業秘密損害賠償等,7
437,確認著作權不存在等,7
438,給付權利金等,7
439,違反食品衛生管理法等,7
440,發明專利申請更正專利權讓與登記,7
441,妨害公務等,7
442,請求損害賠償聲請假扣押,7
443,商標權損害賠償,7
444,違反毒品危害防制條例等罪,7
445,申請閱覽卷宗,7
446,其他契約爭議事件,7
447,違反公司法,7
448,排除侵害等（專利權）,7
449,違反積體電路電路布局保護法,7
450,聲請核發秘密保持命令等,7
451,請求確認專利權等,7
452,銀行法等,7
453,發明專利申請更正,7
454,專利權當然消滅,7
455,給付租金,7
456,聲請變更裁判擔保物,7
457,違反洗錢防制法等,7
458,請求履行契約,7
459,聲請秘密保持命令等,7
460,聲請核發錄音光碟,7
461,有關稅捐事務,7
462,請求排除侵害著作權行為等,7
463,給付代墊款,7
464,交通裁決,7
465,宣告確定判決准予強制執行,7
466,公司重整,7
467,聲請再審（給付土地使用補償金）,7
468,確認本票債權不存在等,7
469,除權判決,7
470,定其應執行刑,7
471,聲請付與卷證,7
472,申請更正政府資訊,7
473,專利權回復名譽等,7
474,違反政府採購法,6
475,請求排除侵害,6
476,返還公法上不當得利,6
477,確認權利人卷證之訴,6
478,停止侵害等（專利權）,6
479,商標權授權契約事件,6
480,侵害專利權有關財產權爭議等聲請再審,6
481,確認股東會決議無效等,6
482,假釋中交付保護管束,6
483,假扣押聲明異議,6
484,其他智慧財產權聲請訴訟救助,6
485,違反毒品危害防制條例等,6
486,強盜等,6
487,競業禁止等,6
488,懲治走私條例,6
489,返還費用,6
490,專利權授權契約,6
491,證券交易稅,6
492,損害賠償（專利權）等,6
493,侵害專利權,6
494,聲請定應執行刑並諭知易科罰金折算標準,6
495,不當得利,6
496,確認授權書偽造,6
497,妨害自由等,6
498,請求侵權行為損害賠償等,6
499,違反著作權法聲請再審,6
500,給付承攬報酬等,6
501,有關人事行政事務,6
502,違反農藥管理法,6
503,返還買賣價金,6
504,聲請具保停止羈押,6
505,聲請停止強制執行,6
506,因偽造文書案附帶民訴等,6
507,確認未侵害專利權,6
508,分割共有物,6
509,侵害專利權有關財產權爭議聲請再審,6
510,所得稅,6
511,停止侵害專利權行為,6
512,因違反著作權法案附帶民訴等,6
513,發明專利申請案生物材料寄存,6
514,侵害著作權有關財產權爭議（勞,6
515,給付費用,6
516,給付服務報酬,6
517,銀行法,6
518,遷讓房屋等,6
519,商標專用權移轉登記,6
520,返還投資款,6
521,給付賠償金,6
522,使用商標權,6
523,發明專利申請回復原狀,6
524,返還資料等,5
525,廢棄物清理法,5
526,離婚,5
527,侵害商標權,5
528,商標權其他契約爭議事件等,5
529,專利權移轉登記等（勞動）,5
530,請求專利權移轉登記,5
531,返還買賣價金等,5
532,虛報出口貨物,5
533,返還報酬等,5
534,加重詐欺等罪,5
535,違反營業秘密,5
536,促進民間參與公共建設法,5
537,給付工程款等,5
538,違反動物用藥品管理法等,5
539,停止審判,5
540,贓物,5
541,請求使用專利權權利金,5
542,退休,5
543,請求確認僱傭關係存在等,5
544,食品衛生管理法,5
545,債務人異議之訴等,5
546,聲請核定訴訟代理人酬金,5
547,請求損害賠償等上訴而聲請訴訟救助暨選任訴訟代理人,5
548,變更提存物,5
549,侵害專利權有關財產權爭議聲請訴訟救助,5
550,限制卷證閱覽,5
551,獎懲等,5
552,違反著作權法刑事附帶民事訴訟,5
553,展期清算,5
554,妨害秘密等,5
555,請求營業秘密損害賠償,5
556,確認商標權不存在,5
557,確認網域名稱使用權存在,5
558,發明專利申請專利範圍更正,5
559,商標異議等,5
560,不當行使智慧財產權爭議事項（勞動）,5
561,定應執行之刑,5
562,給付退休金等,5
563,返還模具等,5
564,給付租金等,5
565,違反廢棄物清理法等,5
566,因違反證券交易法附帶民訴等,5
567,給付買賣價金等,5
568,排除侵害等（商標專用權）,5
569,聲請撤銷假扣押,5
570,塗銷所有權移轉登記等,5
571,建築法,5
572,撤銷假扣押,5
573,電信法,5
574,光碟管理條例,5
575,變更捐助章程,5
576,請求侵害著作權有關財產權爭議等,5
577,聲請交付電磁紀錄,5
578,著作權授權契約,5
579,債務不履行,5
580,聲請撤銷假處分裁定,5
581,損害賠償(交通),5
582,商品檢驗法,4
583,機關團體作業組織所得稅,4
584,撤銷詐害行為,4
585,違反著作權法等罪定應執行刑,4
586,侵害專利權有關財產權爭議再審聲請再審,4
587,請求違約金,4
588,違反著作權法附帶民訴損害賠償,4
589,確認債權不存在,4
590,因詐欺案附帶民訴等,4
591,請求為一定行為,4
592,解除限制出境,4
593,有關行政執行事務,4
594,違反發展觀光條例,4
595,返還保證金等,4
596,妨害信用,4
597,聲請參加訴訟,4
598,請求給付資遣費等,4
599,違反藥事法聲請再審,4
600,聲請撤銷羈押處分,4
601,原住民族工作權保障法,4
602,勞動基準法,4
603,性騷擾防治法,4
604,違反稅捐稽徵法等,4
605,聲請假扣押聲明異議,4
606,違反著作權法損害賠償,4
607,移轉專利權等,4
608,聲請緊急處分,4
609,聲請閱覽卷宗,4
610,返還授權金,4
611,妨害名譽等,4
612,履行債務,4
613,清算事件,4
614,個人資料保護法,4
615,返還借款等,4
616,返還款項,4
617,聲請裁定股票收買價格,4
618,返還代墊款,4
619,返還股票等,4
620,聲請裁定單獨宣告沒收(智慧財眾,4
621,違反組織犯罪防制條例等,4
622,退撫基金,4
623,竊盜等,4
624,其他－專利權,4
625,進口貨物核定稅則號別,4
626,請求公平交易法除去侵害等,4
627,撤銷仲裁判斷,4
628,違反社會秩序維護法,4
629,請求履行合約,4
630,確認著作財產權,4
631,請求回復原狀等聲請訴訟救助,4
632,夫妻剩餘財產分配,4
633,請求排除侵害商標專用權行為等,4
634,賭博,4
635,聲請交付光碟,4
636,返還履約保證金等,4
637,菸害防制法,4
638,聲請判決書遮蔽,4
639,給付獎金,4
640,返還保證書,4
641,請求商標權移轉登記,4
642,臺灣地區與大陸地區人民關係條例,4
643,侵害著作權有關財產權爭議聲請法官迴避,4
644,國家賠償等,4
645,專利權回復名譽,4
646,拒卻鑑定人,4
647,恐嚇取財,4
648,更生事件,4
649,侵害著作權損害賠償,4
650,停止強制執行,4
651,確認代理經銷關係不存在,4
652,恐嚇,4
653,破產宣告,4
654,移轉股份及交付代收款項,4
655,聲請選任特別代理人,4
656,給付加班費等,4
657,聲請裁判書遮隱,4
658,侵害專利權有關財產權爭議等聲請核定第三審律師酬金,4
659,毀損,4
660,發明專利申請案主張優先權等,4
661,專利師法,4
662,侵害著作權有關財產權爭議（勞動）,4
663,組織犯罪防制條例等,4
664,核發秘密保持令,4
665,返還補助款,4
666,確認法律關係存在,4
667,撤銷假處分,4
668,請求排除侵害商標權行為,4
669,聲請訴訟救助抗告聲請訴訟救助,4
670,聲請裁定單獨宣告沒收(智慧財略,4
671,回復繼承權等,4
672,違反食品安全衛生管理法等罪,4
673,返還所有物,4
674,請求排除侵害專利權,4
675,損害賠償等（著作權）,4
676,公示催告,4
677,過失傷害,4
678,確認行政處分違法,4
679,給付酬金,4
680,確認債權不存在等,4
681,許可執行,4
682,印花稅,4
683,請求返還不當得利,4
684,違反電子遊戲場業管理條例等,4
685,建築執照,4
686,給付委任報酬等,4
687,請求確認著作權不存在等,4
688,聲請調解,4
689,塗銷商標權移轉登記等,4
690,確認股東出資數額,4
691,違反著作權法刑事附帶民事訴訟損害賠償,4
692,給付扣押款,4
693,聲請補充判決,4
694,不當行使著作權所生損害賠償爭議,4
695,聲請沒收扣押物,3
696,有關關務事務,3
697,確認委任關係不存在,3
698,聲請核發秘密保持命令及限制閱覽,3
699,偽造文書等罪聲請再審,3
700,確認股東會決議無效,3
701,假處分再審,3
702,請求回復原狀等,3
703,確認權利存在,3
704,請求確認著作權不存在,3
705,禁止閱覽,3
706,給付職業災害補償等,3
707,侵害商標權有關人格權爭議,3
708,損害賠償等(智財),3
709,海關查扣侵犯商標權標的物,3
710,離婚等,3
711,頂替,3
712,請求給付違約金,3
713,公司法等,3
714,請求著作權權利歸屬等,3
715,授權契約債務不履行等,3
716,清償貨款,3
717,請求提供複製本等,3
718,裁定股份收買價格,3
719,因違反證券交易法附帶民訴,3
720,返還專利權,3
721,侵權行為,3
722,著作權其他契約爭議,3
723,返還支票等,3
724,確認著作財產權共有關係存在等,3
725,確認合夥關係存在等,3
726,防止侵害著作權行為等,3
727,確認和解契約無效等,3
728,請求侵害商標權有關財產權爭議,3
729,給付授權費,3
730,確認專利租賃契約（智慧財產權）,3
731,競業禁止,3
732,聲請撤銷扣押,3
733,侵權行為損害賠償（著作權）,3
734,聲請停止審判,3
735,停止侵害等,3
736,聲請交付檢察署錄音光碟,3
737,給付票款等,3
738,聲請禁止閱卷,3
739,聲請裁定單獨宣告沒收(智慧財符,3
740,返還違約金,3
741,遺產稅,3
742,請求使用著作權權利金,3
743,聲請裁定單獨宣告沒收(智慧財瓷,3
744,毀損債權,3
745,妨害農工商罪等,3
746,強制執行,3
747,移轉商標權,3
748,限制檢閱營業秘密,3
749,債務不履行等,3
750,請求確認著作權存在,3
751,確認違約金債權不存在,3
752,確認法律關係基礎事實,3
753,確認專利申請權不存在,3
754,損害賠償等（商標專用權）,3
755,確認著作權有效等,3
756,土壤及地下水污染整治法,3
757,侵害專利權有關財產權爭議等再審之訴,3
758,請求給付違約金等,3
759,確認買賣關係不存在,3
760,返還公司借名登記土地等,3
761,塗銷所有權移轉登記,3
762,發明專利更正,3
763,營業秘密排除侵害（勞動）,3
764,核發秘密保持命令,3
765,變更章程,3
766,確認租賃關係存在,3
767,違反銀行法,3
768,返還貨款等,3
769,給付管理費等,3
770,有關文化事務,3
771,其他智慧財產權聲請訴訟救助抗告聲請訴訟救助,3
772,損失補償,3
773,請求國家賠償,3
774,確認著作權授權關係不存在等,3
775,請求排除侵害著作權行為等聲請閱覽卷宗,3
776,違反貪污治罪條例等罪,3
777,土地增值稅,3
778,損害賠償暨排除侵害,3
779,清償債務等,3
780,聲請撤銷秘密保持命令等,3
781,違反電業法等,3
782,聲請法官迴避,3
783,通知受擔保利益人行使權利,3
784,繼續審判,3
785,給付機票款,3
786,選任仲裁人,3
787,野生動物保育法等,3
788,訴訟救助及選任訴訟代理人,3
789,請求專利權損害賠償,3
790,廢止著名商標或標章認定要點等規定,3
791,商標法損害賠償,3
792,請求專利權移轉登記等,3
793,侵害著作權有關人格權爭議,3
794,給付設計費,3
795,聲請撤銷處分,3
796,有關彩券事務,3
797,聲請裁定單獨宣告沒收(智慧財異,3
798,其他,3
799,兒童及少年性交易防制條例等,3
800,侵害專利權有關財產權爭議再審,3
801,聲請付與卷證影本,3
802,呈報清算展期,3
803,詐欺等罪,3
804,違反著作權等,3
805,返還租賃房屋等,3
806,損害賠償聲請訴訟救助,3
807,租佃爭議,3
808,聲請發還保證金,3
809,偽造有價證券,3
810,聲請裁定公司解散,3
811,拍賣抵押物,3
812,請求排除侵害等,3
813,聲請秘密保持令等,3
814,妨害性自主,3
815,侵害著作權等,3
816,品種權撤銷,3
817,給付契約款,3
818,行使歸入權,3
819,專利所有權移轉登記,3
820,確認股東會決議不成立等,3
821,聲請提案予大法庭裁判,3
822,確認董事會決議無效等,3
823,有線廣播電視法,3
824,侵權行為損害賠償(交通),3
825,聲請供擔保撤銷定暫時狀態處分執行,3
826,聲請再審議,3
827,移轉商標權等,3
828,房屋稅,3
829,所有權移轉登記等,3
830,聲請不公開判決,3
831,聲請管收,3
832,返還欠款等,3
833,專利等,3
834,聲請人為專利權報酬爭議事件，聲請裁判憲法審查。,3
835,清償債款,3
836,供訴訟費用之擔保,3
837,確認契約關係不存在,3
838,除去侵害,3
839,違反著作權法等損害賠償,3
840,侵權行為損害賠償（商標權）,3
841,請求損害賠償刑事附帶民事訴訟,3
842,損害賠償（侵害專利權有關財產權爭議）,3
843,回復名譽,3
844,確認權利存在等,3
845,聲明異議(假扣押),3
846,給付買賣價金尾款,3
847,侵害專利權有關財產權爭議等再抗告聲請選任訴訟代理人,3
848,著作侵權行為損害賠償,3
849,發明專利再審查申請,3
850,違反道路交通管理處罰條例,3
851,聲請裁判書不公開,3
852,排除侵害(專利權),3
853,選任訴訟代理人,3
854,請求侵害商標權有關財產權爭議等,3
855,違反廢棄物清理法,3
856,聲請核發密秘保持命令,3
857,返還借名登記物,3
858,返還報酬,3
859,所有權移轉登記,3
860,撤銷移轉商標權事件等,3
861,食品安全衛生管理法,3
862,確認商標權授權關係不存在等,3
863,防止侵害專利權行為等,3
864,違反商標法刑事附帶民事訴訟,3
865,給付股票,3
866,繳費申領專利證書,2
867,貿易法,2
868,侵害專利權有關財產權爭議等聲請交付法庭錄音光碟,2
869,返還訂金,2
870,給付加盟金,2
871,請求專利權授權契約等因追加被告抗告聲請訴訟救助,2
872,聲請減刑,2
873,性別平等教育法,2
874,請求清算合夥事務等,2
875,返還權利金等,2
876,排除侵害等(移轉管轄),2
877,出資額移轉登記等,2
878,損害賠償（著作權等）,2
879,撤銷不動產移轉登記等,2
880,聲請裁定單獨宣告沒收(智慧財畢,2
881,給付委任契約款,2
882,確認商標移轉法律關係不存在,2
883,有關農業事務,2
884,損害賠償 等,2
885,侵害專利權有關財產權爭議等聲請閱卷,2
886,確認股東身分及合夥關係不存在,2
887,解除契約請求返還價金及權利金,2
888,專利權授權契約等追加被告,2
889,違反商標法等罪,2
890,違反營業秘密法聲請撤銷秘密保持命令,2
891,確認合夥關係不存在,2
892,就業保險法,2
893,商標授權登記,2
894,確認商標權移轉法律關係不存在,2
895,選派清算人,2
896,聲請免責,2
897,損害賠償(智財),2
898,請求專利權權利歸屬,2
899,返還金錢,2
900,返還不動產所有權,2
901,違反食品衛生管理法,2
902,依職權裁定返還裁判費,2
903,返還原始碼安裝等,2
904,給付職業災害補償金等,2
905,違反商標法刑事附帶民事訴訟損害賠償,2
906,聲請假執行聲明異議,2
907,聲請撤銷沒收,2
908,侵害專利權有關財產權爭議等再審聲請再審,2
909,返還剩餘儲值款,2
910,免職,2
911,聲請撤銷扣押處分等,2
912,給付契約價金,2
913,確認專利權共有事件,2
914,不服搜索,2
915,裁定收買股份價格,2
916,家庭暴力防治法之殺人未遂,2
917,違反營業秘密法聲請撤銷秘密保持命令等,2
918,給付申請費,2
919,行使偽造信用卡罪等,2
920,返還消費借貸款,2
921,返還投資金,2
922,給付分潤現金等,2
923,洩漏工商秘密罪等,2
924,給付價款等,2
925,協同辨理商標變更登記,2
926,分割遺產,2
927,減少價金等,2
928,返還共有物等,2
929,違反商標法聲請再審,2
930,聲請撤銷假處分,2
931,分配合夥利益等,2
932,發明專利舉發等,2
933,公保,2
934,請求確認專利申請權等,2
935,侵害商標權有關財產權爭議等（,2
936,聲請人為詐欺等案件，聲請裁判憲法審查。,2
937,損害賠償   等,2
938,給付獎金等,2
939,聲請人為侵害著作權有關財產權爭議等事件，聲請裁判憲法審查。,2
940,生技新藥產業發展條例,2
941,禁止財產處分登記,2
942,聲請人因請求侵害專利權有關財產權爭議事件，聲請統一見解,2
943,違反煙酒管理法等,2
944,返還獎勵金等,2
945,給付房租代付款,2
946,公共危險等,2
947,聲請人為違反著作權法案件，聲請法規範及裁判憲法審查。,2
948,請求給付退休金等,2
949,撤銷贈與行為等,2
950,確認專利權授權關係存在,2
951,撤銷契約等,2
952,違反商業會計法,2
953,限期命起訴,2
954,聲請撤銷證據保全裁定,2
955,請求國家賠償再審聲請再審,2
956,請求著作權權利歸屬,2
957,請求分配剩餘財產,2
958,新型專利申請案申請修正說明書,2
959,請求損害賠償（侵害著作權有關財產權爭議）等,2
960,請求履行契約等,2
961,履行契約（專利權）,2
962,解任臨時管理人,2
963,補助費,2
964,侵害專利權有關財產權爭議等（,2
965,選任主任仲裁人,2
966,返還定金等,2
967,給付報酬（智慧財產權）,2
968,回復名譽等,2
969,返還所有權狀等,2
970,著作權轉讓等,2
971,限制閱覽等,2
972,請求確認股東會決議無效,2
973,專利權報酬爭議等,2
974,司法,2
975,損害賠償（智慧財產權）等,2
976,返還出資額,2
977,不當得利等,2
978,損害賠償暨排除專利侵害,2
979,偕同辦理合夥財產結算等,2
980,裁定收買股票價格,2
981,請求著作權授權契約,2
982,給付合夥利益,2
983,確認獨家總經銷關係存在等,2
984,聲請催告行使權利,2
985,國家賠償聲請再審,2
986,除去侵害等,2
987,聲請人因違反著作權法之再審案件，聲請裁判憲法審查。,2
988,損害賠償（專利法）,2
989,侵害著作權有關財產權爭議等再審聲請再審,2
990,拋棄商標專用權,2
991,侵權行為損害賠償（專利法）,2
992,返還投資款等,2
993,侵害專利權有關財產權爭議聲請訴訟救助聲請再審,2
994,公示送達,2
995,聲請提供有價證券為擔保,2
996,重新審理,2
997,停止侵害（專利權）,2
998,偽造有價證券等罪,2
999,請求返還報酬等,2
1000,聲請定其應執行刑等,2
1001,聲請付與卷宗證物影本,2
1002,違反電業法,2
1003,給付契約價款,2
1004,給付資遺費,2
1005,聲請供擔保免假處分,2
1006,公司解散,2
1007,撤銷定暫時狀態之處分,2
1008,違反著作權法定應執行刑,2
1009,娛樂稅,2
1010,酌減違約金等,2
1011,損害賠償（侵害著作權）,2
1012,請求排除侵害商標專用權等,2
1013,給付居間報酬,2
1014,侵權行為損害賠償（商標法）,2
1015,國際貿易,2
1016,請求提出帳簿等,2
1017,給付借款,2
1018,重利,2
1019,請求損害賠償為訴之追加,2
1020,防止侵害著作權行為,2
1021,行政契約,2
1022,恐嚇等,2
1023,拆屋還地,2
1024,給付服務費用及損害賠償等,2
1025,請求移轉商標權,2
1026,請求給付資遣費,2
1027,侵害專利權損害賠償等,2
1028,專業加給,2
1029,聲請閱卷等,2
1030,聲請人為侵害著作權有關財產權爭議事件，聲請裁判憲法審查。,2
1031,貪污等罪,2
1032,移轉股份,2
1033,消債職權免責事件,2
1034,請求返還借款,2
1035,因違反專利法附帶民訴,2
1036,回復繼承權,2
1037,期貨交易法等,2
1038,給付款項等,2
1039,退學,2
1040,確認決議無效等,2
1041,刑事違反銀行法等,2
1042,確認出資額存在,2
1043,給付報酬金,2
1044,洩漏業務上知悉工商秘密罪,2
1045,請求確認著作權授權關係不存在,2
1046,防止侵害等,2
1047,返還資金,2
1048,履行離婚協議,2
1049,槍砲彈藥刀械管制條例,2
1050,確認契約關係存在,2
1051,有關人民團體事務,2
1052,宣告解散,2
1053,專利權授權契約等追加被告聲請訴訟救助,2
1054,違反營業秘密法限制閱覽,2
1055,請求一定行為,2
1056,返還股金等,2
1057,確認未侵害商標權,2
1058,請求損害賠償（智財）,2
1059,違反臺灣省內菸酒專賣暫行條例,2
1060,辦理合夥決算等,2
1061,請求為一定行為等,2
1062,加重詐欺等罪定應執行刑,2
1063,給付旅費,2
1064,給付價金等,2
1065,專利侵權,2
1066,科技設備監控,2
1067,確認契約有效存在,2
1068,級俸,2
1069,撤銷協議書約定,2
1070,撤銷商標權移轉行為等,2
1071,土地重劃,2
1072,給付合約款等,2
1073,停止訴訟,2
1074,違反食品安全衛生管理法,2
1075,公然侮辱,2
1076,聲請定應執行之刑並諭知易科罰金之折算標準,2
1077,消費者保護法,2
1078,聲請核發營業秘密裁定,2
1079,確認著作財產權授權關係存在,2
1080,確認給付報酬關係存在等,2
1081,證明標章,2
1082,聲請人為發明專利申請事件，聲請法規範及裁判憲法審查,2
1083,確認專賣店合約優先權存在等,2
1084,取回占有標的物,2
1085,聽取法庭錄音光碟,2
1086,確認契約無效,2
1087,遷讓房屋,2
1088,聲請承認仲裁判斷,2
1089,請求侵害商標權有關財產權爭議聲請再審聲請選任訴訟代理人,2
1090,侵害營業秘密、著作權等,2
1091,聲請人為排除侵害商標權行為事件，聲請裁判憲法審查。,2
1092,請求損害賠償（專利權）,2
1093,聲請塗銷禁止處分登記,2
1094,聲請付與卷內筆錄影本,2
1095,偽造文書附帶民訴損害賠償,2
1096,給付授權金(專利權),2
1097,刑事補償,2
1098,詐欺聲明異議,2
1099,聲請個人資料保密,2
1100,排除侵害 等,2
1101,塗銷登記等,2
1102,聲請人為侵害專利權有關財產權爭議等事件，聲請裁判憲法審查,2
1103,第三人撤銷訴訟,2
1104,背信等罪,2
1105,聲請延長羈押,2
1106,其他契約爭議,2
1107,聲請撤銷秘密保持令,2
1108,違反商標法損害賠償,2
1109,移轉商標專用權,2
1110,聲請撤銷限制閱覽,2
1111,聲請定應執行之刑等,2
1112,聲請易科罰金,2
1113,履行協議等,2
1114,塗銷暨移轉商標登記等,2
1115,返還預付金,2
1116,給付顧問費,2
1117,違反嚴重特殊傳染性肺炎防治及,2
1118,分配合夥利益,2
1119,違反道路交通管理處罰條例聲明異議,2
1120,撤銷協議,2
1121,侵害著作權有關財產爭議等,2
1122,違反醫師法等,2
1123,返還商標註冊費,2
1124,變換擔保物,2
1125,商標權授權契約,2
1126,營業秘密限制閱覽等,2
1127,動物傳染病防治條例,2
1128,確認僱傭關係存等,2
1129,違反著作權法等罪附帶民訴損害賠償,2
1130,違反醫師法,2
1131,侵害著作權有關財產權爭議等聲請法官迴避,2
1132,贈與稅,2
1133,頂替罪,2
1134,移轉管轄,2
1135,侵害著作權有關財產權爭議等（,2
1136,因專利權其他契約爭議聲請訴訟救助抗告聲請訴訟救助,2
1137,撤銷假處分裁定,2
1138,排除侵害（商標專用權）等,2
1139,返還租賃物等,2
1140,拍賣質物,2
1141,侵害著作權,2
1142,廢止商標授權登記申請,2
1143,請求確認董事會決議無效,2
1144,請求國家賠償再審,2
1145,違反專利法聲請再審,2
1146,其他－商標權,2
1147,採購,2
1148,請求移轉股份,2
1149,違法商標法,2
1150,違反野生動物保育法,2
1151,侵害專利權有關財產權爭議聲請法官迴避,2
1152,撤銷營業秘密限制閱覽,2
1153,常業詐欺,2
1154,解聘,2
1155,請求返還不當得利等,2
1156,解除合約等,2
1157,殺人未遂等,2
1158,侵害商標權損害賠償,2
1159,聲請裁定發還扣押物,2
1160,專利權授權移轉登記等,2
1161,確認專利權,2
1162,走私等,2
1163,確認證書真偽等,2
1164,變更股東名簿記載,2
1165,附帶民訴,2
1166,返還和解金,2
1167,返還公司股份等,2
1168,違反菸酒專賣條例,2
1169,返還簽約金,2
1170,請求侵害著作權有關財產權爭議,2
1171,給付年終獎金,2
1172,確認商標權存在,2
1173,瀆職附帶民事訴訟損害賠償,2
1174,給付保險金等,2
1175,侵害著作權有關財產權爭議等上訴聲請選任訴訟代理人,2
1176,侵害著作權損害賠償等,2
1177,交付法庭錄音光碟等,2
1178,聲請返還裁判費,2
1179,聲請查扣犯罪所得,2
1180,聲明異議(訴訟救助),2
1181,聲請交付法庭錄音光碟,2
1182,強制執行聲明異議,2
1183,發明專利申請分割,2
1184,醫療法,2
1185,因侵害商標權有關財產權爭議,2
1186,損害賠償等（智財）,2
1187,違反台灣省內菸酒專賣暫行條例,2
1188,確認專利申請權存在,2
1189,返還承攬報酬等,2
1190,酌定律師酬金,2
1191,返還出資,2
1192,違反著作權法聲請法官迴避,2
1193,排除對公司名稱專用權之侵害等,2
1194,退還稅款,2
1195,妨害祕密,2
1196,聲請定其應執行刑及易科罰金,2
1197,價金返還,2
1198,給付授權金,2
1199,違反商標法附帶民訴等,2
1200,侵害商標權之損害賠償,2
1201,不當得利等（專利權權利歸屬）,2
1202,電子遊戲場業管理條例,2
1203,違反著作權,2
1204,給付管理費,2
1205,違約損害賠償,2
1206,確認專利權不存在,2
1207,假處分聲明異議,2
1208,聲請人因加重詐欺案件，聲請法規範、裁判憲法審查及暫時處分,2
1209,返還履約保證金,2
1210,聲請拷貝法庭錄音光碟,2
1211,確認授權使用關係等,2
1212,侵害專利權有關財產權爭議聲請,2
1213,侵害商標權有關財產權爭議等再審之訴,2
1214,給付諮詢費,2
1215,返還研究費用等,2
1216,確認商標使用權存在,2
1217,外國商務仲裁判斷聲請承認,2
1218,請求解任董事職務等,2
1219,請求排除侵害專利權等聲請核定第三審律師酬金,2
1220,請求停止侵害專利權行為等聲請訴訟救助再抗告聲請選任訴訟代理人,2
1221,請求競業禁止,2
1222,侵害著作權有關人格權爭議等聲請法官迴避,1
1223,確認收視權存在等,1
1224,不服羈押等,1
1225,侵害著作權有關財產權爭議等上訴聲請訴訟救助暨選任訴訟代理人,1
1226,侵害著作權有關財產權爭議聲請法官迴避抗告聲請訴訟救助,1
1227,給付使用報酬費等,1
1228,聲請選派檢查人,1
1229,商標重複申請,1
1230,行政資訊公開法,1
1231,請求依約退款等,1
1232,侵害商標權有關財產權爭議聲請訴訟救助,1
1233,因業務侵占附帶民訴等,1
1234,貪汙治罪條例,1
1235,給付墊款等,1
1236,暫時處分,1
1237,請求清償債務強制執行再抗告聲請選任訴訟代理人,1
1238,確認扺押債權不存在等,1
1239,關稅法,1
1240,返還商標,1
1241,確認契約不存在(專利權),1
1242,給付報酬金等,1
1243,侵害著作權有關財產權爭議等聲請再審,1
1244,農業發展條例,1
1245,債務不履行之損害賠償,1
1246,侵害專利權爭議聲請訴訟救助,1
1247,一、台　陳錦堂與禕峰科技有限公司間請求公平交易法損害賠償等上訴事件。,1
1248,聲請庭訊錄音譯文,1
1249,返還獎勵金,1
1250,肇事逃逸罪等,1
1251,侵害商標權有關財產權爭議等聲請限制閱覽,1
1252,家暴妨害名譽,1
1253,損害賠償再審,1
1254,確認授權契約關係不存在,1
1255,請求專利權其他契約爭議抗告聲請訴訟救助,1
1256,聲請姓名遮隱,1
1257,協同登記,1
1258,不得為特定競業行為,1
1259,給付專利授權權利金等,1
1260,請求侵害著作權損害賠償,1
1261,侵害專利權爭議等聲請訴訟救助並聲請選任訴訟代理人,1
1262,聲請變換提存物,1
1263,拆屋還地等,1
1264,限制出境,1
1265,外國或港澳仲裁判斷聲請裁定承認,1
1266,聲請判決書封存等,1
1267,"聲請人一至五十二（除聲請人三外）主張如附表二所列各該確定終局裁判
，分別所適用之刑事訴訟法第 17 條第 8  款規定、中華民國 80 年 8 
月 16 日核定修正之最高法院第二次發回更審以後之",1
1268,偽造文書等罪定應執行刑,1
1269,侵權行為損害賠償：專利法,1
1270,給付加班費,1
1271,遮隱個資,1
1272,聲請沒入保証金,1
1273,給付貨款暨違約金等,1
1274,給付委任報酬費用,1
1275,聲請提案大法庭,1
1276,返還顧問費,1
1277,不服搜索等,1
1278,一、台　趙素卿即加賀精品行等與德國商里莫華有限公司（RIMOWA GmbH）間公平交易法除去侵害等上訴更正裁定事件。,1
1279,違反著作權法附帶民事訴訟,1
1280,請求返還不當得利等追加之訴,1
1281,請求確認專利權授權關係存在,1
1282,通知行使權利,1
1283,請求損害賠償強制執行聲明異議聲請選任訴訟代理人聲請再審,1
1284,請求確認董事會決議無效聲請定暫時狀態之處分,1
1285,公民投票法,1
1286,損害賠償專利權）,1
1287,給付技術服務費,1
1288,補繳裁判費,1
1289,確認損害債權之金額等,1
1290,請求行使歸入權,1
1291,著作財產權人不明著作利用許可,1
1292,醫療器材管理法等,1
1293,違反著作權法等附帶民事訴訟,1
1294,違反著作權法延長限制出境出海,1
1295,煙酒管理法,1
1296,違反藥事法更正錯誤裁定,1
1297,聲請保全扣押,1
1298,請求除去侵害等,1
1299,違反毒品危害防制條例等罪定應執行刑,1
1300,解除承攬契約等,1
1301,侵權行為等,1
1302,返還讓渡金等,1
1303,侵害服務標章（商標專用權）,1
1304,商標權權利歸屬等聲請訴訟參加,1
1305,智慧財產權聲請訴訟救助,1
1306,聲請核發秘密保持命令聲請更正,1
1307,請求給付工資,1
1308,因不當行使專利權所生損害賠償爭議,1
1309,因陳軒浩違反著作權法聲請發還扣押物,1
1310,專利權報酬爭議（勞動）,1
1311,違反信用合作社法,1
1312,請求停止侵害專利權行為等聲請訴訟救助聲請再審,1
1313,侵害專利權有關財產權爭議等聲請訴訟救助暨選任訴訟代理人,1
1314,違反營業秘密法刑事附帶民事訴訟,1
1315,給付軟體金鑰等,1
1316,給付代辦費用,1
1317,電腦處理個人資料保護法,1
1318,排除侵害商標專用權行為（損害賠償等）,1
1319,請求專利權移轉登記等（勞動智財）聲請移轉管轄,1
1320,偽造文書等罪刑事附帶民事訴訟請求損害賠償,1
1321,商業會計法,1
1322,業務過失致死,1
1323,請求回復原狀強制執行聲明異議抗告並聲請訴訟救助,1
1324,給付輔助費,1
1325,妨害電腦使用等罪,1
1326,請求損害賠償等聲請訴訟救助暨選任訴訟代理人,1
1327,返還本票,1
1328,因妨害密秘附帶民訴,1
1329,請求履行債務,1
1330,確認設計權存在等,1
1331,違反水土保持法,1
1332,違反保護令罪,1
1333,請求復職等,1
1334,返還暫付款,1
1335,辭任遺產管理人,1
1336,請求確認法律關係基礎事實,1
1337,請求損害賠償等再抗告，聲請選任訴訟代理人,1
1338,年終獎金,1
1339,聲請閱覽卷證,1
1340,聲明異議（清算）,1
1341,請求排除侵害專利權等聲請限制閱覽,1
1342,請求回復原狀,1
1343,判決認可,1
1344,請求排除侵害著作權行為聲請受命法官迴避,1
1345,確認商標並存註冊同意書無效,1
1346,給付授權費用等,1
1347,返還印鑑章,1
1348,確認職務調動無效等,1
1349,請求確認商標權權利歸屬等,1
1350,工廠管理輔導法,1
1351,回復原狀返還不當得利等,1
1352,原住民就業代金,1
1353,違反著作權等損害賠償,1
1354,違反著作權法等刑事附帶民事訴訟,1
1355,發明創作獎助,1
1356,請求排除侵害著作權等聲請假處分,1
1357,違反藥事法聲請扣押財產,1
1358,確認委任關係不存在等,1
1359,強制執行〈聲請訴訟救助〉抗告聲請訴訟救助,1
1360,聲請檢閱卷證,1
1361,聲請付與卷內筆錄影本等,1
1362,聲請限期起訴（勞動）,1
1363,違反加盟契約賠償,1
1364,撤銷定暫時狀態處分,1
1365,侵權專利權有關財產權爭議,1
1366,侵害專利權有關財產權爭議等再抗告聲請訴訟救助暨選任訴訟代理人,1
1367,一、台　魏永彬因與富貿汽車有限公司等間侵害專利權有關財產權爭議等聲請再審訴訟救助（本院110年度台聲字第3657、3658號）聲請再審事件。,1
1368,請求回復原狀等聲請訴訟救助抗告聲請訴訟救助,1
1369,給付生活費用強制執行聲請訴訟救助,1
1370,專利侵權行為損害賠償,1
1371,侵害商標權有關財產權爭議聲請訴訟救助暨選任訴訟代理人,1
1372,給付作業服務費等,1
1373,確認著作財產權不存在等,1
1374,交還土地等,1
1375,給付音樂著作使用報酬,1
1376,侵害著作權等（智財）,1
1377,給付代理費,1
1378,返還價款,1
1379,違反食品安全衛生管理法等罪聲,1
1380,核發密祕保持令,1
1381,詐欺聲請再審,1
1382,確認商標權授權契約存在,1
1383,辦理商標專用權移轉登記,1
1384,回復登記等,1
1385,違反著作權法聲請指定管轄,1
1386,專利權授權契約等,1
1387,頂替等,1
1388,離婚等(含未成年子女親權酌定?,1
1389,業務過失傷害,1
1390,請求返還不當得利抗告並聲請訴訟救助,1
1391,變更專利人名義,1
1392,給付特別股股息,1
1393,給付會款,1
1394,行使偽造文書等,1
1395,協同辦理專利權授權登記,1
1396,違反藥事法裁定更正,1
1397,返還貨品等,1
1398,違反廢棄物清理法等罪,1
1399,一、台　魏永彬因與金元三汽車股份有限公司等間侵害專利權有關財產權爭議等聲請再審訴訟救助（本院111年度台聲字第421、422號）聲請再審事件。,1
1400,聲請更生程序,1
1401,關於專利權授權契約,1
1402,聲請撤銷羈押,1
1403,請求確認著作權權利歸屬,1
1404,不當行使智慧財產權爭議聲請核定第三審律師酬金,1
1405,檢察官聲請單獨宣告沒收,1
1406,聲請拒卻鑑定人,1
1407,請求返還所有物等,1
1408,違反政府採購法等,1
1409,違反食品安全衛生管理法等罪具保及限制住居,1
1410,發明專利案更正申請專利範圍,1
1411,給付運費等,1
1412,聲請假扣押（聲明異議）,1
1413,撤銷調解,1
1414,執行異議之訴,1
1415,第三人異議之訴等,1
1416,損害賠償（違反營業秘密法）,1
1417,有關大眾捷運系統事務,1
1418,商標專用權損害賠償,1
1419,加重詐欺等罪聲請撤銷沒收,1
1420,請求確認商標權移轉法律關係不存在,1
1421,抗告事件,1
1422,給付顧問費等,1
1423,稿費支給要點,1
1424,移轉專利權登記,1
1425,請求損害賠償等(智財),1
1426,指定遺產管理人,1
1427,給付補償金,1
1428,請求確認契約關係存在,1
1429,確認契約關係不存在（專利權）,1
1430,侵害營業秘密損害賠償等聲請核發秘密保持命令,1
1431,請求資遣費等,1
1432,返還土地等,1
1433,解任清算人,1
1434,違反營業秘密法等罪刑事附帶民訴損害賠償,1
1435,遴任法官,1
1436,請求違反商標法刑事附帶民事訴訟,1
1437,聲請人一至五十二（除聲請人三外）主張如附表二所列各該確定終局裁判，分別所適用之刑事訴訟法第17條第8款規定、中華民國80年8月16日核定修正之最高法院第二次發回更審以後之民、刑事上訴案件分案實施要點第2點規定（或98年、101年修正條文）、最高法院83年度第8次刑事庭庭長會議決定二、最高法院刑事案件分案實施要點第9點第1項第1款及第2款、最高法院29年上字第3276號刑事判例，各有牴觸憲法疑義，聲請解釋憲法、法規範憲法審查及補充司法院釋字第178號解釋；聲請人三十九併就最高法院111年度台上字第2479號刑事判決，另聲請人三僅就最高法院111年度台抗字第657號刑事裁定，各聲請裁判憲法審查。,1
1438,拆除地上物,1
1439,加給,1
1440,請求繼續審理,1
1441,專利權移轉變更,1
1442,返還違約金等,1
1443,侵害著作權有關財產權爭議再審聲請訴訟救助,1
1444,侵入住宅等,1
1445,請求其他智慧財產權聲請訴訟救助聲請訴訟救助,1
1446,請求確認著作權等,1
1447,請求損害賠償等（返還不當得利）,1
1448,新型專利技術報告等,1
1449,契約糾紛,1
1450,確認發行權等,1
1451,排除商標權侵害等,1
1452,聲請選任臨時管理人,1
1453,確認合夥關係存在,1
1454,請求損害賠償聲請假扣押就司法事務官之處分提出異議,1
1455,薪俸,1
1456,返還權利金,1
1457,第三人聲請閱卷,1
1458,侮辱,1
1459,侵害專利權有關財產權爭議等聲請命供訴訟費用擔保,1
1460,給付股利,1
1461,損害賠償（違反著作權法等）,1
1462,暫時狀態之假處分,1
1463,侵權行為損害賠償（著作權法）,1
1464,偽造文書等罪刑事附帶民事訴訟,1
1465,分派賸餘財產,1
1466,終止契約等,1
1467,侵害專利權發有關財產權爭議,1
1468,侵害商標權有關財產權爭議再審,1
1469,漁港法,1
1470,請求回復原狀等聲請訴訟救助抗告而聲請訴訟救助,1
1471,專利權授權契約等追加被告抗告聲請訴訟救助,1
1472,返還學費,1
1473,返還商標未移轉費用,1
1474,回復工作原職等,1
1475,給付預付款,1
1476,請求返還提存物,1
1477,清償欠款等,1
1478,給付工資等(智財),1
1479,返還不當得利   等,1
1480,政治檔案條例,1
1481,請求解除契約等,1
1482,排除侵害暨損害賠償,1
1483,侵害著作權有關財產權爭議（勞動）再抗告而聲請選任訴訟代理人,1
1484,專利代理人,1
1485,請求著作權其他契約爭議事件,1
1486,契約爭議,1
1487,性別工作平等法,1
1488,請求專利權回復名譽,1
1489,確認契約不存在等,1
1490,確認離婚無效,1
1491,給付合夥出資或返還合夥出資,1
1492,網域名稱爭議,1
1493,福利互助金,1
1494,聲明異議（返還提存物）,1
1495,因詐欺案附帶民訴,1
1496,定暫時狀態處分聲請緊急處置,1
1497,排除侵害專利權等就訴訟標的價額之核定,1
1498,電子遊戲場業管理條例等,1
1499,戒嚴時期不當叛亂暨匪諜審判案件補償金,1
1500,確認土地使用關係不存在等,1
1501,給付學費,1
1502,請求損害賠償上訴聲請訴訟救助暨選任訴訟代理人,1
1503,妨害兵役等,1
1504,履行契約給付義務等,1
1505,定收買股票價格,1
1506,違反期貨交易法等,1
1507,公益侵占,1
1508,確認股東權不存在,1
1509,聲請人認智慧財產及商業法院110年度刑智上易字第49號刑事判決，及其所適用之刑事訴訟法第158條之4規定，牴觸憲法，依憲法訴訟法第59條第1項規定，聲請法規範及裁判憲法審查。,1
1510,聲請遮隱,1
1511,其他請求,1
1512,請求確定商標權權利歸屬等,1
1513,違反公職人員選舉罷免法等罪,1
1514,給付墊款,1
1515,請求協同辦理合夥清算,1
1516,請求返還資料等,1
1517,返還代墊款等,1
1518,刑事附帶民事訴訟聲請假扣押聲請再審,1
1519,侵害專利權有關財產權爭議等再審聲請訴訟救助聲請再審,1
1520,返還畫作等,1
1521,給付頭款,1
1522,聲請於裁判書中不公開被告姓名等,1
1523,請求損害賠償（侵害商標權）,1
1524,塗銷專利權登記等,1
1525,損害賠償再審之訴,1
1526,請求確認商標權等,1
1527,撤銷參與沒收程序,1
1528,妨害性自主等,1
1529,侵害著作權有關財產權爭議聲請訴訟救助及選任律師為其訴訟代理人,1
1530,詐欺聲明異議及停止刑罰執行,1
1531,違反著作權法聲請再審及停止刑罰執行,1
1532,回復原狀等抗告聲請訴訟救助,1
1533,聲請人為請求排除侵害商標權行為等事件，聲請法規範及裁判憲法審查。,1
1534,違返著作權法請求損害賠償,1
1535,因國家賠償案件,1
1536,請求營業秘密排除侵害（勞動）,1
1537,塗銷土地所有權移轉登記等,1
1538,確認股權,1
1539,撤銷定暫時狀態之處分裁定,1
1540,詐欺聲請再審及停止刑罰執行,1
1541,排除侵害著作權行為等聲請撤銷秘密保持命令,1
1542,證據保全,1
1543,請求營業秘密排除侵害等（移轉管轄）,1
1544,給付退休金,1
1545,因違反著作權法等案件,1
1546,請求確認專利權權利歸屬等聲請核發秘密保持命令,1
1547,囑託訊問,1
1548,公平交易法除去侵害等上訴聲請訴訟救助及選任訴訟代理人,1
1549,稅捐稽徵法等,1
1550,返還印鑑章等,1
1551,查閱合夥帳簿,1
1552,請求不當得利,1
1553,侵害著作權有關財產權爭議等再審,1
1554,聲請裁定單獨宣告沒收(智慧財添,1
1555,聲請閱覽拷貝光碟,1
1556,給付監工費等,1
1557,返還房屋等,1
1558,確認專利所有權,1
1559,給付廣告費用,1
1560,請求返還專利權,1
1561,停止侵害專利權行為等聲請訴訟救助,1
1562,確認雙方經紀合約存在,1
1563,製造機具輸出入申報,1
1564,給付災害救助金,1
1565,給付節目製作費,1
1566,違反懲治走私條例等罪,1
1567,專利權移轉登記事件,1
1568,溢領工作酬勞,1
1569,工會法,1
1570,請求返還貨款等,1
1571,詐欺定應執行刑,1
1572,返還專利等,1
1573,違反通訊保障及監察法等,1
1574,違反專利,1
1575,違反著作權法聲請交付法庭錄音光碟,1
1576,給付帳款等,1
1577,請求損害賠償聲請假處分聲請訴訟救助,1
1578,專利權其他契約爭議等事件再審之訴,1
1579,返還投資金等,1
1580,返還出資額等,1
1581,改任臨時管理人,1
1582,請求商標授權登記等,1
1583,分配表異議之訴,1
1584,排除專利權侵害,1
1585,返還股份等,1
1586,傳染病防治法,1
1587,一、台　魏永彬因與華擎機械工業股份有限公司等間侵害專利權有關財產權爭議聲請再審訴訟救助（本院110年度台聲字第3132、3133號）聲請再審事件。,1
1588,妨害性自主交付法庭錄音光碟,1
1589,侵害著作權有關人格權爭議等聲請核定第三審律師酬金,1
1590,請求專利權授權契約等,1
1591,商標權其他契約爭議,1
1592,給付製版費等,1
1593,聲請羈押等,1
1594,請求給付報酬,1
1595,執行異議聲請訴訟救助聲請訴訟救助,1
1596,返還合夥出資等,1
1597,妨害性自主罪等,1
1598,違反組織犯罪防治條例等,1
1599,請求返還價金,1
1600,技師法,1
1601,給付績效考核獎金,1
1602,給付加工材料代購費用等,1
1603,因違反專利法案提起附帶民事訴訟,1
1604,仲裁判斷聲請裁定認可,1
1605,食品衛生管理法等,1
1606,排除侵害聲請裁定停止訴訟程序,1
1607,給付違約賠償金,1
1608,新型專利申請案主張優先權,1
1609,懲處,1
1610,撤銷緩刑等,1
1611,確認經紀關係不存在等,1
1612,給付撤銷金,1
1613,請求辦理負責人變更登記等,1
1614,有線電視法,1
1615,侵害著作權有關財產權爭議聲請核定第三審律師酬金,1
1616,清算完結,1
1617,違反證券投資信託及顧問法,1
1618,違反著作權法等罪請求損害賠償,1
1619,聲請定暫時狀態之處分（勞動）,1
1620,因陳請法官迴避等事件,1
1621,請求損害賠償強制執行聲明異議再抗告聲請選任訴訟代理人,1
1622,聲請裁定單獨宣告沒收(智慧財盒,1
1623,請求違反商標法等損害賠償,1
1624,聲請撤銷緩刑等,1
1625,侵害商標有關財產權爭議等,1
1626,改定受監護宣告人監護人,1
1627,給付技術移轉費,1
1628,侵害著作權有關人格權爭議等上訴而聲請選任訴訟代理人,1
1629,損害賠償上訴聲請訴訟救助,1
1630,確認專利申請權等,1
1631,請求損害賠償（商標專用權）,1
1632,返還銀行保證書,1
1633,排除侵害商標權有關財產權爭議等,1
1634,確認工程款存在,1
1635,私運貨物進口,1
1636,強制執行再抗告聲請訴訟救助,1
1637,給付買賣價款,1
1638,請求損害賠償聲請許可訴訟繫屬事實登記,1
1639,請求排除侵害專利權等上訴聲請對相對人甘存孝核發秘密保持命令,1
1640,一、台　國碩科技工業股份有限公司與Koninklijke  Philips  N.V.（荷蘭商皇家飛利浦股份有限公司）間侵害專利權有關財產權爭議等聲請退還裁判費事件。,1
1641,公平交易法除去侵害等聲請核定第三審律師酬金,1
1642,請求排除侵害商標權行為等聲請核定第三審律師酬金,1
1643,返還動產,1
1644,居留事件,1
1645,請求公平交易法損害賠償等聲請再審,1
1646,綜合所得稅罰鍰,1
1647,擔保訴訟費用,1
1648,聲請不公開年籍資料,1
1649,撤銷商標並存註冊同意書,1
1650,請求營業秘密損害賠償事件,1
1651,履行協議書,1
1652,返還押金,1
1653,閱覽卷宗,1
1654,違反著作權法附帶民事訴訟損害賠償,1
1655,請求確認僱傭關係等聲請撤銷定暫時狀態處分,1
1656,國軍老舊眷村改建條例,1
1657,請求交付程式碼,1
1658,給付代墊款等,1
1659,請求確認董事會決議無效（聲請移轉管轄）,1
1660,聲請訴訟救助再抗告聲請訴訟救助,1
1661,解散清算,1
1662,返還製程配方,1
1663,確認信徒關係存在等,1
1664,商標權其他契約爭議事件就核定訴訟標的價額部分,1
1665,請求給付工程款（確認債權不存在）,1
1666,給付違約金(智財),1
1667,著作權契約爭議等,1
1668,違反動物用藥品管理法,1
1669,聲請核發秘密保持命令聲請再審,1
1670,侵害專利權有關財產權爭議等聲請保全證據,1
1671,請求撤銷仲裁判斷之訴,1
1672,請求侵害著作權有關財產爭議等,1
1673,請求損害賠償抗告並聲請訴訟救助,1
1674,"聲請人認智慧財產及商業法院 110  年度刑智上易字第 49 號刑事判決，
及其所適用之刑事訴訟法第 158  條之 4  規定，牴觸憲法，依憲法訴訟
法第 59 條第 1  項規定，聲請法規範及",1
1675,聲請排除侵害著作權行為強制執,1
1676,公平交易法損害賠償等（勞動）,1
1677,商標權爭議聲請定暫時狀態之處分,1
1678,請求專利權報酬爭議等,1
1679,確認契約不存在（智慧財產權）,1
1680,請求返還價金強制執行聲明異議,1
1681,退休等,1
1682,貪污聲請交付法庭錄音光碟,1
1683,返還商標授權費,1
1684,正字標記,1
1685,給付專利衍生利益金,1
1686,宣示許可執行外國確定判決,1
1687,損害賠償等(智慧財產權),1
1688,返還專櫃營業收入等,1
1689,因專利權其他契約爭議聲請訴訟救助,1
1690,給付款項,1
1691,侵害專利權有關財產權爭議（勞,1
1692,請求排除侵害專利權聲請撤銷秘密保持命令,1
1693,請求秘密保持命令,1
1694,違反商標法聲請秘密保持命令,1
1695,聲請定暫時狀態假處分,1
1696,給付遲延利息,1
1697,請求排徐侵害商標專用權行為,1
1698,請求侵害著作權損害賠償訴訟救助聲請選任訴訟代理人,1
1699,履行合約等,1
1700,請求排除侵害等（移轉管轄）,1
1701,請求撤銷評選決議,1
1702,確認所有權等,1
1703,請求侵害專利權有關財產權爭議等再審,1
1704,違反商標法聲請交付法庭錄音光碟,1
1705,刑事,1
1706,妨害電腦使用罪附帶民訴損害賠償,1
1707,侵害專利權有關財產權爭議等聲請核發秘密保持命令,1
1708,請求商標變更登記等,1
1709,公務人員退休資遣撫卹法,1
1710,確認商標使用權,1
1711,專利權移轉登記（勞動）,1
1712,假處分等,1
1713,請求損害賠償（專利權）再審,1
1714,請求排除侵害商標權行為等再審,1
1715,侵害著作權有關人格權爭議等聲請法官迴避聲請再審而聲請訴訟救助,1
1716,撤銷詐害債權,1
1717,訴訟費用之徵收,1
1718,請求回復原狀訴訟救助抗告聲請訴訟救助,1
1719,一、台　中國砂輪企業股份有限公司因與宋健民間請求使用專利權權利金聲請退還裁判費事件。,1
1720,給付合約款等再審之訴,1
1721,請求註銷公司股權登記,1
1722,請求營業秘密損害賠償等（商標）,1
1723,確認婚姻關係不存在,1
1724,保全處分,1
1725,聲請撤銷定暫時狀態處分裁定,1
1726,農產品生產及驗證管理法,1
1727,返還特留分,1
1728,請求損害賠償等聲請假扣押,1
1729,聲請單獨宣告沒收（智慧財產權,1
1730,給付損害著作賠償金,1
1731,減少價金,1
1732,著作財產權人不明著作利用許可授權,1
1733,假扣押聲請訴訟救助再抗告並聲請訴訟救助,1
1734,藏匿人犯,1
1735,確認合約合法終止等,1
1736,請求拆屋還地等訴訟救助聲請訴訟救助,1
1737,因申請提供資訊事件,1
1738,代位請求分割遺產,1
1739,確認懲戒處分無效等,1
1740,請求排除侵害著作權等,1
1741,"聲請人因侵害著作權有關財產權爭議（勞動）事件，聲請統一解釋法律及
命令。",1
1742,給付輔導費等,1
1743,請求假扣押依職權裁定更正,1
1744,給付股東盈餘分配,1
1745,排除侵害專利權等關於核定訴訟標的價額部分,1
1746,確認著作權專屬授權關係不存在,1
1747,給付施工費用,1
1748,違反兒童及少年性交易防制條例,1
1749,給付代工款,1
1750,給付欠款,1
1751,請求國家賠償抗告聲請再審,1
1752,請求給付委任酬金,1
1753,請求防止侵害專利權行為,1
1754,給付債務款等,1
1755,塗銷所有權登記等,1
1756,違反營業秘密法聲請再審暨停止刑罰執行,1
1757,請求確認專利申請權不存在,1
1758,侵害著作商標權損害賠償,1
1759,排除侵害著作權行為強制執行聲明異議,1
1760,請求返還不當得利等反訴併附帶訴訟,1
1761,違反營業秘密法不得筆記,1
1762,請求侵害專利權有關財產權爭議等聲請法官迴避,1
1763,違反著作權法附帶民訴,1
1764,確認僱傭關係(含併請求給付工董,1
1765,履行合約等（智慧財產權）,1
1766,請求營業秘密排除侵害等,1
1767,確認常務監察人等,1
1768,違反營業秘密法附帶民訴損害賠償,1
1769,請求回復原狀等聲請訴訟救助抗告聲請訴訟救助抗告聲請訴訟救助,1
1770,損害賠償（專利權等）,1
1771,聲請公開釋憲,1
1772,違反醫療器材管理法等,1
1773,選罷法等,1
1774,請求商標權移轉登記上訴聲請選任訴訟代理人,1
1775,證券投資信託及顧問法等,1
1776,一、台　魏永彬因與中華汽車工業股份有限公司等間侵害專利權有關財產權爭議等聲請再審訴訟救助（本院110年度台聲字第3598、3599號）聲請再審事件。,1
1777,確認網域名稱合法權,1
1778,一、台  和昇餐飲股份有限公司因上訴人大立開發事業股份有限公司與被,1
1779,聲請再審聲請提案大法庭,1
1780,請求營業秘密損害賠償等聲請限制閱覽,1
1781,給付版稅授權金等,1
1782,確認專利權權利歸屬等,1
1783,返還債務,1
1784,給付扶養費,1
1785,返還會費,1
1786,協同辦理合夥財產清算等,1
1787,因侵害專利權聲請假扣押,1
1788,給付損害賠償金,1
1789,聲請人為自訴偽造文書等罪案件，認最高法院109年度台上字第195號刑事判決所適用之刑事妥速審判法第9條規定，有牴觸憲法第16條訴訟權之疑義，聲請法規範憲法審查,1
1790,給付稿費,1
1791,請求損害賠償抗告聲請訴訟救助,1
1792,農藥管理法,1
1793,妨害秩序,1
1794,返還押金等,1
1795,返還股票,1
1796,因得利影視股份有限公司自訴被告等違反著作權法案件,1
1797,常業竊盜,1
1798,給付讓渡金等,1
1799,塗銷商標移轉登記等,1
1800,廢棄物清理法等,1
1801,確認商標權移轉無效等,1
1802,履行切結書內容,1
1803,聲請移轉智慧財產法院管轄,1
1804,請求有關專利權事務,1
1805,侵害商標權有關財產權爭議抗告聲請再審並聲請訴訟救助,1
1806,損害賠償（商標權）,1
1807,違反公平交易法等罪,1
1808,停聘,1
1809,聲請裁定單獨宣告沒收(智慧財涎,1
1810,移轉股份再審之訴,1
1811,違約金,1
1812,聲請裁定減刑,1
1813,聲請解除扣押命令,1
1814,清償欠款,1
1815,侵害專利權有關財產權爭議等聲請命供訴訟費用之擔保,1
1816,偽造文書聲請再審,1
1817,協同辦理變更登記,1
1818,聲請拍賣扣押物,1
1819,聲請刑事補償,1
1820,給付違約金（商標專用權）,1
1821,其他智慧財產權抗告訴訟救助,1
1822,請求確認合夥關係存在等,1
1823,損害賠償(移轉管轄),1
1824,撤銷秘密保持命令,1
1825,違反組織犯罪防制條例,1
1826,侵害專利權利有關財產權爭議等聲請再審,1
1827,確認契約存在等,1
1828,升等,1
1829,準詐欺,1
1830,請求著作權授權契約事件,1
1831,請求合約無效等,1
1832,組織犯罪條例等,1
1833,恐嚇危害安全,1
1834,聲請撤銷原處分,1
1835,履行人事保証責任,1
1836,確認專利權契約法律關係存在,1
1837,確認合約無效等,1
1838,排除侵害商標專用權,1
1839,因違反著作權法請求損害賠償,1
1840,槍砲彈藥刀械管制,1
1841,一、台　康鉅國際有限公司等與德國商里莫華有限公司 RIMOWA GmbH間公平交易法除去侵害等聲請退還裁判費事件。,1
1842,確認婚姻關係不存在等,1
1843,獎助學金,1
1844,侵害著作權有關財產權爭議等聲,1
1845,請求其他智慧財產權聲請假扣押抗告聲請訴訟救助聲請再審,1
1846,確認著作財產權存在等,1
1847,違反營業秘密法聲請再審及停止刑罰執行,1
1848,違反商標法聲請法官迴避,1
1849,解除職務,1
1850,給付股票等,1
1851,確認新型專利創作人,1
1852,因專利權其他契約爭議再審聲請訴訟救助,1
1853,促進轉型正義條例,1
1854,返還開發費用等,1
1855,假處分、定暫時狀態處分,1
1856,請求著作權損害賠償,1
1857,返還帳號管理權限等,1
1858,請求返還研究費,1
1859,提供有價證券為擔保,1
1860,返還不當得利再審之訴,1
1861,移除識別標示等,1
1862,確認刊登資格存在等,1
1863,返還寄託物,1
1864,偽造文書裁定更正,1
1865,確認區分所有權會議決議無效等,1
1866,侵害專利權有關財產權爭議等聲請訴訟救助,1
1867,請求債務不履行損害賠償等,1
1868,違反專利法請求損害賠償,1
1869,確認商標權,1
1870,損害賠償聲請訴訟救助再抗告聲請選任訴訟代理人,1
1871,確認網址專用權等,1
1872,確認僱傭關係存在 等,1
1873,確認專利申請事件,1
1874,請求解除合約等,1
1875,再審,1
1876,空氣污染防制法,1
1877,凟職等罪,1
1878,有關觀光業務事務,1
1879,聲請墊付律師酬金,1
1880,違反著作權法聲明異議,1
1881,土地增值稅等,1
1882,確認合法代理權等,1
1883,違反臺灣省內菸酒專賣暫行條例等,1
1884,返還土地,1
1885,給付和解金等,1
1886,排除姓名權侵害,1
1887,確認網路商標權存在等,1
1888,請求返還不當得利上訴聲請訴訟救助暨選任律師為其訴訟代理人,1
1889,給付授權費用,1
1890,請求確認董事會決議無效等,1
1891,聲請假扣押聲請訴訟救助抗告聲請訴訟救助,1
1892,請求營業秘密損害賠償(勞動)聲,1
1893,違反臺灣省內菸酒專賣條例等,1
1894,請求認許外國判決及強制執行,1
1895,請求侵權行為損害賠償（不當行使智慧財產權爭議）事項,1
1896,確認所有權存在等,1
1897,商業登記法,1
1898,植物防疫檢疫法,1
1899,違反著作權法限制出境、出海,1
1900,確認損害賠償請求權,1
1901,洩漏工商秘密罪,1
1902,違反食品安全衛生管理法聲請閱覽卷宗,1
1903,因專利權其他契約爭議訴訟救助,1
1904,偽造文書等罪聲請法官迴避,1
1905,請求給付工程款,1
1906,聲請許可為訴訟繫屬之登記,1
1907,返還超收款,1
1908,請求專利權移轉登記（確認專利權共有）,1
1909,裁定股票買回價格,1
1910,履行授權書,1
1911,確認租約無效等,1
1912,營業稅及稅捐稽徵法,1
1913,給付版稅等,1
1914,排除侵害商標專用權等,1
1915,損害賠償聲請裁定停止訴訟程序,1
1916,聲請拷貝光碟,1
1917,請求履行契約等聲請假扣押,1
1918,刑事附帶民事訴訟聲請假扣押事,1
1919,不當行使智慧財產權爭議再審之訴,1
1920,請求確認專利申請事件,1
1921,著作權遭侵害,1
1922,侵害專利權等,1
1923,損害賠償 (專利權),1
1924,返還保固保證金,1
1925,請求確認專利權授權關係存在等,1
1926,有關營建事務,1
1927,通知受擔保權利人行使權利,1
1928,一、台　呂紹凡律師等因印能科技股份有限公司與毅力科技有限公司等間請求排除侵害專利權聲請撤銷秘密保持命令事件。,1
1929,請求清償債務強制執行聲明異議再抗告聲請選任代理人聲請再審,1
1930,請求定暫時狀態之處分,1
1931,返還服務費等,1
1932,防止侵害,1
1933,請求營業秘密排除侵害,1
1934,請求排除侵害商標專用權行為強制執行,1
1935,專利權其他契約爭議事件（勞動）,1
1936,違反台灣地區與大陸地區人民關係條例等,1
1937,侵害專利權有關財產權爭議等抗告，聲請訴訟救助,1
1938,侵害著作權有關人格權爭議等聲請再審而聲請訴訟救助,1
1939,獎懲,1
1940,請求履行契約等（移送管轄）,1
1941,請求返還公司借名登記土地等核定訴訟標的價額,1
1942,退還價金,1
1943,撤銷信託行為,1
1944,專利權其他契約爭議再抗告聲請訴訟救助暨選任訴訟代理人,1
1945,給付違約金等(智財),1
1946,給付信用卡消費款,1
1947,請求專利權授權契約等上訴聲請訴訟救助暨選任律師為訴訟代理人,1
1948,違反商標法（菸酒管理法）,1
1949,資遣,1
1950,損害賠償事件,1
1951,詐欺等罪刑事附帶民事訴訟,1
1952,請求商標權移轉登記等聲請定暫時狀態之處分,1
1953,商標權契約爭議,1
1954,排除專利侵害等,1
1955,確認商標專用權,1
1956,聲請給付卷證資料,1
1957,損害賠償（商標專用權）等,1
1958,聲請裁定收買股份價格,1
1959,毀棄損壞,1
1960,不動產移轉登記,1
1961,不動產所有權移轉登記,1
1962,走私,1
1963,債務人異議之訴聲請停止強制執行,1
1964,請求確認商標權移轉法律關係不存在等,1
1965,返還設計費,1
1966,請求給付違約金（著作權其他契約爭議）等,1
1967,履約拆除招牌等,1
1968,兒童及少年性剝削防制條例,1
1969,專利權讓與,1
1970,瀆職附帶民訴,1
1971,請求排除侵害著作權行為,1
1972,損害賠償強制執行聲明異議,1
1973,返還不當得利、損害賠償等,1
1974,請求撤銷贈與行為等,1
1975,聲請解除限制出境等,1
1976,確認著作權為原告所有,1
1977,損害賠償等聲請另行選任訴訟代理人,1
1978,給付懲罰性違約金（智慧財產權）,1
1979,商標,1
1980,設計專利申請案主張優先權,1
1981,勞保罰鍰,1
1982,請求繼續審判,1
1983,專利權其他契約爭議事件等,1
1984,請求返還特留分,1
1985,給付退休金差額等,1
1986,給付押租金等,1
1987,俸級,1
1988,確認經銷關係存在,1
1989,爆竹煙火管理條例,1
1990,因被告違反專利法案件,1
1991,返還租金等,1
1992,商標延展註冊申請,1
1993,確認專利授權關係存在,1
1994,確認代理關係存在,1
1995,給付銷燬費用,1
1996,偽造貨幣,1
1997,違反著作權法扣押財產,1
1998,嚴重特殊傳染性肺炎防治及紓困,1
1999,請求損害賠償等（商標專用權）,1
2000,依職權確定訴訟費用,1
2001,清償債務強制執行聲明異議,1
2002,返還不當得利（專利權）,1
2003,請求損害賠償、聲請供訴訟費用之擔保,1
2004,請求分配合夥利益,1
2005,侵權行為損害賠償（交通）,1
2006,確認著作合約關係不存在,1
2007,聲明異議（假扣押）,1
2008,環境影響評估法,1
2009,請求確認董事關係存在,1
2010,侵害商標權有關財產權爭議等聲請停止訴訟程序,1
2011,確認合作關係存在,1
2012,中小企業發展條例,1
2013,損害賠償訴訟救助聲請選任訴訟代理人聲請再審,1
2014,使用著作權權利金等,1
2015,損害賠償（智慧財產）,1
2016,搜索,1
2017,給付帳款,1
2018,償還申請費用,1
2019,返還交付標的物,1
2020,聲請判決書遮掩及不公開,1
2021,詐欺聲請發還扣押物,1
2022,商標權移轉登記塗銷,1
2023,侵害專利權有關財產權爭議等再審聲請參加訴訟,1
2024,聲請裁定單獨宣告沒收(智慧財盛,1
2025,撤銷聲請撤銷假處分裁定,1
2026,違反商標法聲請單獨宣告沒收,1
2027,聲請裁定停止訴訟,1
2028,請求移轉商標所有權,1
2029,因侵害專利權有關財產權爭議等,1
2030,核發延聘律師費用,1
2031,請求營業秘密排除侵害等（移轉,1
2032,請求損害賠償等刑事附帶民事訴訟,1
2033,選任特別代理人,1
2034,違反著作權法案件及附帶民事訴訟事件聲請移轉管轄,1
2035,確認專利申請權共有之訴,1
2036,贓物等,1
2037,不符臺北地方法院函,1
2038,請求侵害專利權有關財產權爭議再審聲請再審,1
2039,返還房屋,1
2040,聲請返還保證書,1
2041,交通肇事逃逸,1
2042,請求返還資料等（移轉管轄）,1
2043,商標專用權之損害賠償,1
2044,請求確認專利權等（勞動）,1
2045,請求營業秘密損害賠償，聲請發秘密保持命令,1
2046,違約等,1
2047,禁止商標侵權,1
2048,違反著作權法聲請再審及停止刑罰之執行,1
2049,塗銷抵押權登記,1
2050,因被告偽造文書案件,1
2051,給付設計費等,1
2052,警政,1
2053,侵害商標權有關財產權爭議等（勞動）,1
2054,專利權授權契約等上訴聲請訴訟救助,1
2055,回復原薪資等,1
2056,酌定遺產管理人報酬,1
2057,請求違約金等（智慧財產權）,1
2058,妨害使用電腦,1
2059,確認僱傭關係不存在,1
2060,返還股款,1
2061,請求排除侵害商標權行為等聲請再審,1
2062,聲請假釋期中交付保護管束,1
2063,聲請交保,1
2064,行使偽造有價證券,1
2065,稅捐稽徵法,1
2066,違反電腦處理個人資料保護法,1
2067,確認未侵害商標權等,1
2068,公平交易法回復名譽,1
2069,確認貨款債權不存在,1
2070,返還溢收款,1
2071,聲請撤銷扣押處分,1
2072,侵害著作權有關財產爭議訴訟救助聲請訴訟救助暨選任訴訟代理人,1
2073,其他有關考銓事務,1
2074,請求侵權行為損害賠償聲請禁止閱覽所保全之證據資料,1
2075,違反商標法請求損害賠償刑事附帶民事訴訟,1
2076,聲請定暫時狀態之處分再抗告聲請選任訴訟代理人,1
2077,詐欺等罪聲明異議,1
2078,請求侵權行為損害賠償聲請訴訟救助,1
2079,侵害專利權有關財產權爭議等聲請訴訟救助再審聲請再審,1
2080,侵害著作權有關財產爭議聲請訴訟救助,1
2081,請求植物品種及種苗法損害賠償聲請核定第三審律師酬金,1
2082,聲請付與卷內光碟等,1
2083,檔案法,1
2084,返還服務費,1
2085,妨害信用等,1
2086,撤銷授權書等,1
2087,給付轉讓金,1
2088,侵害專利權有關財產權爭議等再審聲請再審而聲請訴訟救助,1
2089,請求確認專利權等聲請再審,1
2090,請求侵害專利權有關財產權爭議聲請再審,1
2091,請求侵害專利權損害賠償等,1
2092,違反槍砲彈藥刀械管制條例等罪,1
2093,給付勞工退休金等,1
2094,違反藥事法等罪定應執行刑,1
2095,發明專利及免繳再審查規費,1
2096,申請權利金免納所得稅,1
2097,聲請排除侵害專利權（供訴訟費用之擔保）,1
2098,電話租用權轉讓等,1
2099,營業稅罰鍰,1
2100,確認專利權所有權歸屬,1
2101,請求停止侵害專利權行為等訴訟救助聲請選任訴訟代理人,1
2102,脫逃等,1
2103,聲請重行選派清算人,1
2104,詐欺等刑事附帶民事訴訟,1
2105,損害賠償（移轉管轄）,1
2106,請求清算合夥財產等,1
2107,請求除去侵害,1
2108,不當行使智慧財產權爭議,1
2109,違反商業會計法等罪,1
2110,請求國家賠償聲請訴訟救助,1
2111,聲請撤銷假處分（提供反擔保）,1
2112,確認證書真偽,1
2113,違反營業秘密法等罪附帶民訴損害賠償,1
2114,違反期貨交易法,1
2115,侵害專利權有關財產權爭議等聲請再審聲請再審,1
2116,侵害著作權有關財產權爭議聲請交付法庭錄音光碟,1
2117,請求營業秘密損害賠償等（勞動）,1
2118,營利事業所得稅罰鍰,1
2119,假扣押就司法事務官之處分提出異議,1
2120,有關建築事務,1
2121,違反商標法（偽造文書）,1
2122,排除侵害專利等,1
2123,聲請強制執行聲明異議,1
2124,違反藥事附帶民訴等,1
2125,聲請人一至五為各該案件，認附表一所示各該確定終局裁判所適用之刑法第2條第2項等規定牴觸憲法，分別聲請解釋憲法、法規範憲法審查；聲請人四於其「法規範憲法審查聲請書」上，另聲明就其所受附表一所示確定終局判決適用刑法第2條第2項部分聲請裁判憲法審查；聲請人六、七為審理附表二所示各該案件，認所應適用之刑法第2條第2項等規定，有違憲疑義，分別聲請解釋憲法、法規範憲法審查,1
2126,承認外國仲裁判斷,1
2127,因偽造文書案附帶民訴,1
2128,聲請核發秘密保持裁定,1
2129,陞遷,1
2130,請求回復原薪資等,1
2131,返還欠款,1
2132,請求損害賠償聲請訴訟救助,1
2133,宣告調解無效等,1
2134,准許提起自訴,1
2135,確認公司保證行為無效,1
2136,請求給付工資等,1
2137,返還加盟授權金,1
2138,請求損害賠償再審並聲請停止執行,1
2139,因侵害著作權有關財產權爭議等,1
2140,確認僱用關係存在等,1
2141,有關考銓事務,1
2142,剩餘財產分配等,1
2143,核定股份價格,1
2144,返還創業準備金,1
2145,請求損害賠償等（管轄權）,1
2146,違反藥事法附帶民訴等,1
2147,聲請發給秘密保持命令,1
2148,智慧財產訴訟聲請訴訟救助聲請再審聲請訴訟救助,1
2149,退還違約保證金等,1
2150,給付盈餘等,1
2151,侵害著作權有關人格權爭議等追加之訴,1
2152,請求確認著作權授權關係不存在等,1
2153,確認行政處分違法等,1
2154,返還消費寄託物,1
2155,聲明異議等,1
2156,請求確認專利權權利歸屬等,1
2157,商標權與其他契約爭議等,1
2158,新型專利申請案申請修正說明書等,1
2159,終止契約及損害賠償等,1
2160,消費糾紛,1
2161,違反商標法等罪請求損害賠償,1
2162,船舶碰撞損害賠償,1
2163,聲請個人資料保護,1
2164,選定仲裁人,1
2165,損害賠償　　　　(移轉管轉),1
2166,違返商標法損害賠償,1
2167,宣告沒收(僅違禁物),1
2168,給付銷貨利潤等,1
2169,命供訴訟費用之擔保,1
2170,請求給付契約款,1
2171,確認商標權授權契約不存在,1
2172,因違反著作權附帶民訴,1
2173,侵害著作權有關人格權爭議等上訴聲請選任訴訟代理人,1
2174,給付服務費用,1
2175,請求確認商標權移轉無效聲請定暫時狀態之處分,1
2176,請求假扣押聲明異議,1
2177,請求停止侵害專利權行為等聲請訴訟救助,1
2178,塗銷抵押權登記等,1
2179,聲請重新選任訴訟代理人,1
2180,返還商標權,1
2181,移轉服務標章專用權,1
2182,公平交易法請求損害賠償,1
2183,違反食品衛生管理法等罪,1
2184,返還準備金,1
2185,核定使用統一發票,1
2186,確認契約無效等,1
2187,排除侵害專利權等聲請核發秘密保持命令,1
2188,聲請交付法庭錄音錄影光碟,1
2189,常業詐欺裁定更正,1
2190,確認商標專用權移轉登記無效,1
2191,請求宣告確定判決准予強制執行,1
2192,聲請付與卷內資料,1
2193,核定律師酬金,1
2194,請求履行授權書,1
2195,原住民族傳統智慧創作保護條例,1
2196,不當行使專利權所生損害賠償爭議聲請法官迴避,1
2197,侵害著作權有關財產權爭議聲請訴訟救助,1
2198,排除侵害及損害賠償,1
2199,請求返還不當得利反訴併附帶（請求）訴訟抗告聲請訴訟救助,1
2200,貨物稅,1
2201,強制等,1
2202,電影視聽著作發行爭議聲請定暫時狀態之處分,1
2203,聲請指定管轄,1
2204,營業秘密防止侵害(勞動),1
2205,確認專利權共有等,1
2206,"聲請人一至五為各該案件，認附表一所示各該確定終局裁判所適用之刑法
第 2  條第 2  項等規定牴觸憲法，分別聲請解釋憲法、法規範憲法審查
；聲請人四於其「法規範憲法審查聲請書」上，另聲明就其所受",1
2207,有關規費事務,1
2208,請求侵害專利權有關財產權爭議再審,1
2209,請求公平交易法除去侵害等訴訟標的價額之核定,1
2210,請求損害賠償提起再審之訴,1
2211,請求著作權報酬爭議,1
2212,聲請再審暨停止刑罰之執行,1
2213,返還預付款,1
2214,侵害著作權有關人格權爭議等上訴聲請法官迴避,1
2215,執行異議之訴聲請訴訟救助暨選任訴訟代理人聲請訴訟救助,1
2216,返還受託保管款,1
2217,賭博等,1
2218,請求返還不當得利聲請法官迴避,1
2219,請求侵權行為損害賠償聲請假扣押,1
2220,授權使用商標事件,1
2221,查閱帳簿等,1
2222,一、台　魏永彬因與近藤國際企業有限公司等間侵害專利權有關財產權爭議等聲請再審訴訟救助（本院111年度台聲字第1309、1310號）聲請再審事件。,1
2223,侵權行為損害賠償(智財),1
2224,植物品種及種苗法,1
2225,損害賠償（智財）,1
2226,業務侵占罪等,1
2227,請求給付懲罰性違約金,1
2228,侵害著作權有關財產權爭議等（勞動）,1
2229,退還履約保證金,1
2230,排除侵害等 （專利權）,1
2231,交付帳冊等,1
2232,發明專利案申請再審查,1
2233,違反著作權法刑事附帶民事,1
2234,聲請繼續審判,1
2235,因違反商標法刑事附帶民事訴訟聲請核定第三審律師酬金,1
2236,確認合夥關係存在等（協同辦理合夥清算）,1
2237,假扣押（移轉管轄）,1
2238,損害賠償  等,1
2239,轉讓股份等,1
2240,因違反商標法附帶民訴,1
2241,聲請假處分強制執行,1
2242,請求判決書登報,1
2243,聲請撤銷或變更處分,1
2244,違反著作權法損害賠償附帶民事,1
2245,加重誹謗,1
2246,排除(商標)侵害等,1
2247,返還承攬報酬,1
2248,請求排除侵害著作權行為聲請法官迴避,1
2249,確認侵權行為請求權不存在,1
2250,有關營業事務,1
2251,聲請限制被告閱卷,1
2252,債務人異議之訴聲請停止執行,1
2253,證人罰鍰,1
2254,偽造文書等罪聲請提案大法庭,1
2255,侵害專利權有關財產權爭議等再審聲請訴訟救助暨選任訴訟代理人,1
2256,違反商標法附帶民訴損害賠償,1
2257,違反營業秘密法附帶民訴等,1
2258,侵權行為損害賠償(專利權),1
2259,聲請登報,1
2260,返還委任費用,1
2261,返還租金,1
2262,專利權其他契約爭議提起反訴,1
2263,給付程式碼等,1
2264,國家損害賠償,1
2265,返還設計費等,1
2266,給付專利申請報酬,1
2267,損害賠償強制執行聲明異議聲請選任訴訟代理人聲請再審,1
2268,解任臨時管理人等,1
2269,排除侵害服務標章專用權等,1
2270,職業災害補償等,1
2271,確認董事關係存在,1
2272,損害賠償聲請命原告供訴訟費用之擔保,1
2273,侵害專利爭議,1
2274,確認商標專用權存在,1
2275,違反著作權法等罪聲請定其應執行刑,1
2276,偽造私文書等罪,1
2277,公平交易法回復名譽事件,1
2278,聲請裁定單獨宣告沒收(智慧財淚,1
2279,侵害專利權爭議等聲請訴訟救助,1
2280,聲請扣押(智慧財產案件),1
2281,聲請人為違反營業秘密法案件，聲請憲法法庭為統一見解之判決。,1
2282,確認婚姻關係存在,1
2283,請求重新核發核准處分書,1
2284,一、台　紅創意有限公司與哿鑫國際股份有限公司間侵害商標權有關財產權爭議提起上訴後為訴之變更事件。,1
2285,請求刑事附帶民事訴訟,1
2286,選派清算人等,1
2287,返還合夥出資,1
2288,確定訴訟費用,1
2289,恐嚇取財等,1
2290,請求營業秘密損害賠償等聲請法官迴避,1
2291,侵害專利權有關財產權爭議聲請訴訟救助暨選任訴訟代理人,1
2292,請求植物品種及種苗法損害賠償,1
2293,給付污水處理費,1
2294,著作權其他契約爭議等,1
2295,犯罪被害人保護法,1
2296,解任清算人等,1
2297,確認著作財產所有權等,1
2298,違反著作權法等罪附帶民訴,1
2299,單獨宣告沒收違禁物,1
2300,專利權授權契約事件聲請核定第三審律師酬金,1
2301,確認本票債權關係不存在,1
2302,聲請勒戒,1
2303,著作權損害賠償等,1
2304,聲請假釋期中交保護管束,1
2305,兒童及少年性交易防制條例,1
2306,會計師法,1
2307,瀆職等罪,1
2308,律師法,1
2309,給付違約罰款,1
2310,加重詐欺聲請再審及停止執行,1
2311,確認薪資債權不存在,1
2312,侵權專利權損害賠償等,1
2313,給付違約金（著作權其他契約爭議）等再審之訴,1
2314,侵權行為損害賠償（移轉管轄）,1
2315,侵害專利權有關財產權爭議等（核定訴訟標的價額）,1
2316,請求侵害商標權有關財產權爭議等聲請核定第三審律師酬金,1
2317,確認損害賠償請求權不存在,1
2318,確認契約存在,1
2319,違反毒品危害防制條例聲請再審,1
2320,排除侵害專利權爭議聲請法官迴避,1
2321,塗銷不動產所有權移轉登記等,1
2322,請求植物品種及種苗法損害賠償等,1
2323,假釋,1
2324,確認支票債權關係不存在等,1
2325,拘提管收,1
2326,損害賠償（商標法）,1
2327,偽造署押等,1
2328,聲明拒卻鑑定人,1
2329,違反保險法等,1
2330,侵害專利權有關財產爭議聲請訴訟救助,1
2331,清算合夥財產等,1
2332,核定股票價格,1
2333,償還犯罪被害補償金,1
2334,因專利權其他契約爭議聲請訴訟救助抗告並聲請訴訟救助,1
2335,綜合所得稅及罰鍰,1
2336,營業秘密等,1
2337,解除契約回復原狀等,1
2338,詐欺等罪延長羈押,1
2339,行使股東權,1
2340,停止訴訟程序,1
2341,請求追償重購價差,1
2342,給付授權金等,1
2343,回復原狀（商標專用權）,1
2344,解除契約,1
2345,請求回復原狀等抗告聲請訴訟救助,1
2346,返還買賣價金等再審之訴,1
2347,請求損害賠償再審之訴其中主張發現未經斟酌證物再審部分,1
2348,其他財產事件,1
2349,化妝品衛生管理條例,1
2350,聲請定暫時狀態之處分暨緊急處置,1
2351,請求排除侵害等（侵害專利權有關財產權爭議等）,1
2352,返還支票,1
2353,聲請撤銷秘密保持命令及限制閱覽,1
2354,聲請准予暫停行政訴訟程序之進行,1
2355,撤銷假扣押裁定,1
2356,聲明異議（返還擔保金）,1
2357,發還扣押物,1
2358,發明專利再審查申請等,1
2359,請求返還不當得利追加被告抗告聲請訴訟救助,1
2360,清償債務再審之訴,1
2361,給付設計服務費用等,1
2362,返還墊款,1
2363,給付使用報酬,1
2364,侵害專利權有關財產權爭議等核定訴訟標的價額,1
2365,請求排除侵害專利權行為,1
2366,毀損等,1
2367,損害債權,1
2368,改定商標所有權,1
2369,給付版權費及授權費,1
2370,確認通行權存在等,1
2371,給付代辦費用等,1
2372,停止侵害專利權等聲請訴訟救助,1
2373,供訴訟費用擔保,1
2374,聲明異議（確定訴訟費用額）,1
2375,違反多層次傳銷管理法,1
2376,損害賠償附帶民事訴訟請求繼續審判,1
2377,續行訴訟,1
2378,確認協議不存在,1
2379,請求塗銷商標權移轉登記等,1
2380,詐欺等罪聲請撤銷沒收,1
2381,請求排除侵害專利權等再審之訴,1
2382,確認抵押債權不存在,1
2383,商標權利移轉,1
2384,請求定暫時狀態假處分聲請再審,1
2385,請求商標權移轉登記等,1
2386,命債權人限期起訴,1
2387,請求給付價金,1
2388,一、台　蕭玉蓮因與嵐雅影視傳播有限公司等間侵害著作權有關財產權爭議等（107年度民著上字第8號）聲請再審事件。,1
2389,聲請交付技術審查官技術報告,1
2390,對商品為虛偽標記與販賣輸入該商品罪,1
2391,履行契約移轉藥品許可證,1
2392,請求專利權移轉登記等（勞動）,1
2393,秘密保持命令,1
2394,聲請人因請求排除侵害專利權等事件，聲請裁判憲法審查。,1
2395,著作權授權契約事件等,1
2396,聲請訴訟救助,1
2397,發還提存物,1
2398,智慧財產訴訟聲請訴訟救助聲請再審並聲請訴訟救助,1
2399,給付翻譯費,1
2400,公開資料遮掩陳述,1
2401,不當行使商標權所生損害賠償爭議等,1
2402,確認服務年限,1
2403,聲請假釋期中付保護管束,1
2404,損害賠償聲請供訴訟費用之擔保,1
2405,請求確認請求權不存在,1
2406,不服延長羈押等,1
2407,侵害專利權有關財產權爭議等聲請裁定停止訴訟程序,1
2408,詐欺取財等罪,1
2409,終止借名登記,1
2410,停止一定職務行為,1
2411,確認租金債權存在等,1
2412,聲請變更限制閱覽,1
2413,給付工資等`,1
2414,公平交易法損害賠償爭議,1
2415,撤銷債權讓與等,1
2416,侵害智慧財產權,1
2417,定應執行刑等,1
2418,新型專利申請案申請修正說明書及圖式,1
2419,返還擔保物,1
2420,反傾銷稅,1
2421,給付開發費,1
2422,分配利潤等,1
2423,行使求償權,1
2424,給付代墊費等,1
2425,消債聲明異議,1
2426,給付債務,1
2427,專利權申請權讓與,1
2428,變更登記等,1
2429,夫妻剩餘財產分配等,1
2430,撤銷信託行為等,1
2431,侵害專利權有關財產權爭議等聲請訴訟救助聲請再審,1
2432,嚴重特殊傳染性肺炎影響發生營,1
