Date,00679B
2022-01-03,41.57
2022-01-04,40.78
2022-01-05,40.43
2022-01-06,40.04
2022-01-07,40.2
2022-01-10,39.9
2022-01-11,40.34
2022-01-12,40.33
2022-01-13,40.18
2022-01-14,40.35
2022-01-17,39.75
2022-01-18,39.7
2022-01-19,39.31
2022-01-20,39.5
2022-01-21,40.1
2022-01-24,40.1
2022-01-25,40.05
2022-01-26,40.05
2022-02-07,39.56
2022-02-08,39.25
2022-02-09,39.28
2022-02-10,39.3
2022-02-11,38.82
2022-02-14,38.94
2022-02-15,38.91
2022-02-16,38.39
2022-02-17,38.61
2022-02-18,38.59
2022-02-21,38.83
2022-02-22,39.15
2022-02-23,38.86
2022-02-24,39.16
2022-02-25,38.87
2022-03-01,39.29
2022-03-02,39.76
2022-03-03,38.99
2022-03-04,39.45
2022-03-07,40.0
2022-03-08,39.69
2022-03-09,39.48
2022-03-10,38.9
2022-03-11,38.73
2022-03-14,38.6
2022-03-15,38.14
2022-03-16,38.1
2022-03-17,38.43
2022-03-18,37.83
2022-03-21,38.23
2022-03-22,37.49
2022-03-23,36.98
2022-03-24,37.7
2022-03-25,37.71
2022-03-28,37.15
2022-03-29,37.6
2022-03-30,37.99
2022-03-31,38.0
2022-04-01,38.03
2022-04-06,37.16
2022-04-07,37.22
2022-04-08,37.01
2022-04-11,36.5
2022-04-12,36.08
2022-04-13,36.02
2022-04-14,36.24
2022-04-15,35.84
2022-04-18,35.56
2022-04-19,35.58
2022-04-20,35.27
2022-04-21,35.77
2022-04-22,35.56
2022-04-25,35.79
2022-04-26,35.78
2022-04-27,36.22
2022-04-28,36.03
2022-04-29,35.98
2022-05-03,35.3
2022-05-04,35.37
2022-05-05,35.23
2022-05-06,34.73
2022-05-09,34.12
2022-05-10,34.52
2022-05-11,34.91
2022-05-12,35.48
2022-05-13,35.3
2022-05-16,35.2
2022-05-17,34.79
2022-05-18,34.19
2022-05-19,34.76
2022-05-20,34.99
2022-05-23,35.14
2022-05-24,34.91
2022-05-25,35.29
2022-05-26,35.4
2022-05-27,35.09
2022-05-30,34.8
2022-05-31,34.37
2022-06-01,34.23
2022-06-02,34.49
2022-06-06,34.29
2022-06-07,33.92
2022-06-08,34.13
2022-06-09,33.99
2022-06-10,34.04
2022-06-13,34.0
2022-06-14,33.3
2022-06-15,32.81
2022-06-16,33.14
2022-06-17,33.49
2022-06-20,33.51
2022-06-21,33.17
2022-06-22,33.26
2022-06-23,33.89
2022-06-24,34.13
2022-06-27,33.37
2022-06-28,33.43
2022-06-29,33.67
2022-06-30,33.95
2022-07-01,34.45
2022-07-04,34.55
2022-07-05,34.34
2022-07-06,35.08
2022-07-07,34.64
2022-07-08,34.29
2022-07-11,33.91
2022-07-12,34.55
2022-07-13,34.53
2022-07-14,34.79
2022-07-15,35.01
2022-07-18,35.12
2022-07-19,34.71
2022-07-20,34.46
2022-07-21,34.63
2022-07-22,35.15
2022-07-25,35.55
2022-07-26,35.52
2022-07-27,35.5
2022-07-28,35.26
2022-07-29,35.56
2022-08-01,35.59
2022-08-02,36.55
2022-08-03,35.95
2022-08-04,36.06
2022-08-05,36.02
2022-08-08,35.45
2022-08-09,35.86
2022-08-10,35.81
2022-08-11,35.54
2022-08-12,34.85
2022-08-15,35.01
2022-08-16,34.87
2022-08-17,34.82
2022-08-18,34.57
2022-08-19,34.45
2022-08-22,34.11
2022-08-23,34.13
2022-08-24,34.14
2022-08-25,33.77
2022-08-26,33.97
2022-08-29,34.22
2022-08-30,34.55
2022-08-31,34.45
2022-09-01,34.03
2022-09-02,33.81
2022-09-05,34.05
2022-09-06,33.91
2022-09-07,33.45
2022-09-08,33.92
2022-09-12,33.52
2022-09-13,33.38
2022-09-14,33.5
2022-09-15,33.64
2022-09-16,33.88
2022-09-19,33.71
2022-09-20,33.79
2022-09-21,33.59
2022-09-22,34.07
2022-09-23,33.35
2022-09-26,33.46
2022-09-27,33.18
2022-09-28,32.38
2022-09-29,33.06
2022-09-30,33.04
2022-10-03,32.97
2022-10-04,33.23
2022-10-05,32.98
2022-10-06,32.62
2022-10-07,32.47
2022-10-11,31.8
2022-10-12,31.96
2022-10-13,32.04
2022-10-14,31.97
2022-10-17,31.83
2022-10-18,31.68
2022-10-19,31.55
2022-10-20,31.12
2022-10-21,30.6
2022-10-24,30.46
2022-10-25,30.27
2022-10-26,30.94
2022-10-27,31.03
2022-10-28,31.43
2022-10-31,31.28
2022-11-01,31.26
2022-11-02,31.32
2022-11-03,31.19
2022-11-04,30.98
2022-11-07,30.71
2022-11-08,30.15
2022-11-09,30.38
2022-11-10,30.45
2022-11-11,31.1
2022-11-14,30.71
2022-11-15,30.62
2022-11-16,30.64
2022-11-17,31.31
2022-11-18,31.26
2022-11-21,31.21
2022-11-22,31.14
2022-11-23,31.61
2022-11-24,31.9
2022-11-25,31.94
2022-11-28,32.14
2022-11-29,31.81
2022-11-30,31.51
2022-12-01,31.57
2022-12-02,32.09
2022-12-05,32.34
2022-12-06,32.43
2022-12-07,32.66
2022-12-08,33.41
2022-12-09,33.59
2022-12-12,32.92
2022-12-13,32.77
2022-12-14,32.98
2022-12-15,33.0
2022-12-16,33.14
2022-12-19,32.85
2022-12-20,31.94
2022-12-21,31.89
2022-12-22,32.1
2022-12-23,31.87
2022-12-26,31.73
2022-12-27,31.6
2022-12-28,31.09
2022-12-29,30.97
2022-12-30,31.08
2023-01-03,31.0
2023-01-04,31.56
2023-01-05,31.53
2023-01-06,31.71
2023-01-09,32.03
2023-01-10,32.12
2023-01-11,31.88
2023-01-12,32.2
2023-01-13,32.5
2023-01-16,32.26
2023-01-17,32.17
2023-01-30,32.3
2023-01-31,32.04
2023-02-01,32.12
2023-02-02,32.15
2023-02-03,32.41
2023-02-06,32.08
2023-02-07,31.98
2023-02-08,31.8
2023-02-09,31.78
2023-02-10,31.67
2023-02-13,31.4
2023-02-14,31.62
2023-02-15,31.76
2023-02-16,31.1
2023-02-17,30.73
2023-02-20,31.09
2023-02-21,31.1
2023-02-22,30.96
2023-02-23,30.96
2023-02-24,31.21
2023-03-01,31.04
2023-03-02,30.89
2023-03-03,30.82
2023-03-06,31.13
2023-03-07,31.05
2023-03-08,31.1
2023-03-09,31.12
2023-03-10,31.79
2023-03-13,31.79
2023-03-14,32.15
2023-03-15,31.82
2023-03-16,32.39
2023-03-17,32.18
2023-03-20,32.5
2023-03-21,32.41
2023-03-22,32.04
2023-03-23,32.09
2023-03-24,32.1
2023-03-27,32.28
2023-03-28,31.69
2023-03-29,31.66
2023-03-30,31.63
2023-03-31,31.75
2023-04-06,32.89
2023-04-07,32.89
2023-04-10,32.73
2023-04-11,32.56
2023-04-12,32.53
2023-04-13,32.52
2023-04-14,32.25
2023-04-17,32.04
2023-04-18,31.79
2023-04-19,31.89
2023-04-20,32.02
2023-04-21,32.29
2023-04-24,32.15
2023-04-25,32.5
2023-04-26,32.76
2023-04-27,32.51
2023-04-28,32.46
2023-05-02,32.28
2023-05-03,32.65
2023-05-04,32.81
2023-05-05,32.63
2023-05-08,32.73
2023-05-09,32.51
2023-05-10,32.47
2023-05-11,32.64
2023-05-12,32.85
2023-05-15,32.75
2023-05-16,32.69
2023-05-17,32.41
2023-05-18,32.4
2023-05-19,32.26
2023-05-22,32.1
2023-05-23,31.96
2023-05-24,31.76
2023-05-25,31.63
2023-05-26,31.77
2023-05-29,31.81
2023-05-30,31.82
2023-05-31,31.82
2023-06-01,31.77
2023-06-02,31.73
2023-06-05,31.33
2023-06-06,31.19
2023-06-07,31.43
2023-06-08,31.03
2023-06-09,31.21
2023-06-12,31.23
2023-06-13,31.32
2023-06-14,31.16
2023-06-15,31.22
2023-06-16,31.45
2023-06-19,31.52
2023-06-20,31.39
2023-06-21,31.75
2023-06-26,31.91
2023-06-27,31.85
2023-06-28,31.8
2023-06-29,31.88
2023-06-30,31.59
2023-07-03,31.77
2023-07-04,31.76
2023-07-05,31.71
2023-07-06,31.51
2023-07-07,31.18
2023-07-10,31.0
2023-07-11,31.12
2023-07-12,31.11
2023-07-13,31.18
2023-07-14,31.29
2023-07-17,31.37
2023-07-18,31.35
2023-07-19,31.59
2023-07-20,31.76
2023-07-21,31.63
2023-07-24,31.77
2023-07-25,31.66
2023-07-26,31.56
2023-07-27,31.53
2023-07-28,31.22
2023-07-31,31.22
2023-08-01,31.5
2023-08-02,31.23
2023-08-04,30.89
2023-08-07,31.16
2023-08-08,31.12
2023-08-09,31.28
2023-08-10,31.2
2023-08-11,31.02
2023-08-14,31.0
2023-08-15,30.97
2023-08-16,30.67
2023-08-17,30.4
2023-08-18,30.33
2023-08-21,30.2
2023-08-22,30.0
2023-08-23,30.26
2023-08-24,30.48
2023-08-25,30.31
2023-08-28,30.47
2023-08-29,30.48
2023-08-30,30.64
2023-08-31,30.79
2023-09-01,30.76
2023-09-04,30.48
2023-09-05,30.43
2023-09-06,30.3
2023-09-07,30.3
2023-09-08,30.44
2023-09-11,30.28
2023-09-12,30.24
2023-09-13,30.25
2023-09-14,30.26
2023-09-15,30.16
2023-09-18,30.02
2023-09-19,30.1
2023-09-20,30.01
2023-09-21,29.95
2023-09-22,29.2
2023-09-25,29.18
2023-09-26,28.73
2023-09-27,28.71
2023-09-28,28.52
2023-10-02,28.44
2023-10-03,28.3
2023-10-04,27.61
2023-10-05,28.02
2023-10-06,27.85
2023-10-11,28.2
2023-10-12,28.75
2023-10-13,28.34
2023-10-16,28.43
2023-10-17,28.08
2023-10-18,27.92
2023-10-19,27.59
2023-10-20,27.45
2023-10-23,27.24
2023-10-24,27.75
2023-10-25,27.93
2023-10-26,27.48
2023-10-27,27.82
2023-10-30,27.72
2023-10-31,27.69
2023-11-01,27.36
2023-11-02,27.85
2023-11-03,28.27
2023-11-06,28.32
2023-11-07,28.18
2023-11-08,28.49
2023-11-09,29.03
2023-11-10,28.62
2023-11-13,28.45
2023-11-14,28.63
2023-11-15,29.04
2023-11-16,28.5
2023-11-17,28.55
2023-11-20,28.42
2023-11-21,28.54
2023-11-22,28.47
2023-11-23,28.69
2023-11-24,28.52
2023-11-27,28.35
2023-11-28,28.57
2023-11-29,28.67
2023-11-30,28.86
2023-12-01,28.8
2023-12-04,29.14
2023-12-05,29.33
2023-12-06,29.78
2023-12-07,30.11
2023-12-08,30.04
2023-12-11,29.9
2023-12-12,29.9
2023-12-13,30.0
2023-12-14,30.64
2023-12-15,30.92
2023-12-18,31.42
2023-12-19,31.22
2023-12-20,31.17
2023-12-21,31.26
2023-12-22,30.99
2023-12-25,30.79
2023-12-26,30.89
2023-12-27,30.83
2023-12-28,30.91
2023-12-29,30.85
2024-01-02,30.61
2024-01-03,30.6
2024-01-04,30.66
2024-01-05,30.35
2024-01-08,29.98
2024-01-09,30.18
2024-01-10,30.06
2024-01-11,30.01
2024-01-12,30.07
2024-01-15,30.3
2024-01-16,30.15
2024-01-17,29.86
2024-01-18,29.84
2024-01-19,29.41
2024-01-22,29.57
2024-01-23,29.61
2024-01-24,29.47
2024-01-25,29.33
2024-01-26,29.48
2024-01-29,29.41
2024-01-30,29.79
2024-01-31,30.11
2024-02-01,30.36
2024-02-02,30.52
2024-02-05,30.1
2024-02-15,29.59
2024-02-16,29.56
2024-02-19,29.54
2024-02-20,29.55
2024-02-21,29.56
2024-02-22,29.55
2024-02-23,29.56
2024-02-26,29.95
2024-02-27,29.56
2024-02-29,29.53
2024-03-01,29.6
2024-03-04,29.65
2024-03-05,29.63
2024-03-06,29.88
2024-03-07,30.04
2024-03-08,30.06
2024-03-11,30.06
2024-03-12,30.02
2024-03-13,29.81
2024-03-14,29.68
2024-03-15,29.42
2024-03-18,29.36
2024-03-19,29.38
2024-03-20,29.44
2024-03-21,29.39
2024-03-22,29.65
2024-03-25,29.79
2024-03-26,29.71
2024-03-27,29.8
2024-03-28,29.97
2024-03-29,30.0
2024-04-01,29.97
2024-04-02,29.65
2024-04-03,29.43
2024-04-08,29.15
2024-04-09,29.23
2024-04-10,29.37
2024-04-11,28.95
2024-04-12,28.88
2024-04-15,28.93
2024-04-16,28.79
2024-04-17,28.6
2024-04-18,28.78
2024-04-19,29.01
2024-04-22,28.77
2024-04-23,28.92
2024-04-24,28.76
2024-04-25,28.64
2024-04-26,28.49
2024-04-29,28.66
2024-04-30,28.84
2024-05-02,28.77
2024-05-03,28.74
2024-05-06,28.97
2024-05-07,29.22
2024-05-08,29.28
2024-05-09,29.11
2024-05-10,29.31
2024-05-13,29.18
2024-05-14,29.21
2024-05-15,29.24
2024-05-16,29.63
2024-05-17,29.24
2024-05-20,29.08
2024-05-21,29.03
2024-05-22,29.1
2024-05-23,29.11
2024-05-24,29.02
2024-05-27,29.02
2024-05-28,28.95
2024-05-29,28.61
2024-05-30,28.5
2024-05-31,28.75
2024-06-03,28.92
2024-06-04,29.26
2024-06-05,29.55
2024-06-06,29.68
2024-06-07,29.7
2024-06-11,29.18
2024-06-12,29.43
2024-06-13,29.57
2024-06-14,29.93
2024-06-17,30.1
2024-06-18,30.03
2024-06-19,30.24
2024-06-20,30.12
2024-06-21,29.99
2024-06-24,30.07
2024-06-25,30.25
2024-06-26,30.23
2024-06-27,29.94
2024-06-28,29.93
2024-07-01,29.5
2024-07-02,29.32
2024-07-03,29.41
2024-07-04,29.6
2024-07-05,29.54
2024-07-08,29.67
2024-07-09,29.9
2024-07-10,29.84
2024-07-11,29.86
2024-07-12,30.15
2024-07-15,30.04
2024-07-16,30.15
2024-07-17,30.43
2024-07-18,30.39
2024-07-19,30.34
2024-07-22,30.42
2024-07-23,30.26
2024-07-26,30.12
2024-07-29,30.38
2024-07-30,30.43
2024-07-31,30.59
2024-08-01,30.89
2024-08-02,31.28
2024-08-05,32.2
2024-08-06,31.92
2024-08-07,31.52
2024-08-08,31.26
2024-08-09,30.99
2024-08-12,31.25
2024-08-13,31.25
2024-08-14,31.45
2024-08-15,31.7
2024-08-16,31.27
2024-08-19,31.16
2024-08-20,31.06
2024-08-21,31.28
2024-08-22,31.28
2024-08-23,31.13
2024-08-26,31.18
2024-08-27,31.11
2024-08-28,31.12
2024-08-29,30.93
2024-08-30,30.87
2024-09-02,30.74
2024-09-03,30.74
2024-09-04,31.14
2024-09-05,31.37
2024-09-06,31.53
2024-09-09,31.45
2024-09-10,31.76
2024-09-11,32.1
2024-09-12,31.89
2024-09-13,31.84
2024-09-16,31.7
2024-09-18,31.88
2024-09-19,31.49
2024-09-20,31.37
2024-09-23,31.19
2024-09-24,31.14
2024-09-25,31.02
2024-09-26,30.86
2024-09-27,30.79
2024-09-30,30.77
2024-10-01,30.89
2024-10-04,30.71
2024-10-07,30.53
2024-10-08,30.34
2024-10-09,30.26
2024-10-11,30.04
2024-10-14,29.83
2024-10-15,29.98
2024-10-16,30.27
2024-10-17,30.32
2024-10-18,29.9
2024-10-21,29.76
2024-10-22,29.22
2024-10-23,29.24
2024-10-24,29.34
2024-10-25,29.63
2024-10-28,29.15
2024-10-29,29.26
2024-10-30,29.31
2024-11-01,29.39
2024-11-04,29.09
2024-11-05,29.34
2024-11-06,29.01
2024-11-07,28.98
2024-11-08,29.15
2024-11-11,29.44
2024-11-12,29.77
2024-11-13,29.3
2024-11-14,29.03
2024-11-15,29.12
2024-11-18,28.77
2024-11-19,28.8
2024-11-20,28.79
2024-11-21,28.92
2024-11-22,28.91
2024-11-25,29.07
2024-11-26,29.38
2024-11-27,29.43
2024-11-28,29.64
2024-11-29,29.75
2024-12-02,29.95
2024-12-03,30.06
2024-12-04,29.68
2024-12-05,29.99
2024-12-06,30.08
2024-12-09,30.19
2024-12-10,29.91
2024-12-11,29.75
2024-12-12,29.41
2024-12-13,29.21
2024-12-16,29.03
2024-12-17,28.99
2024-12-18,29.03
2024-12-19,28.72
2024-12-20,28.52
2024-12-23,28.57
2024-12-24,28.38
2024-12-25,28.48
2024-12-26,28.33
2024-12-27,28.44
2024-12-30,28.24
2024-12-31,28.65
