Date,PCR,IV_C,STD_C,IV_P,STD_P
2020-01-02,2.212877018,0.061189927,0.057173503,0.085537789,0.328791745
2020-01-03,1.130865753,0.091918811,0.049518147,0.131037856,0.451676076
2020-01-06,0.650203054,0.121001779,0.056702671,0.140946561,0.630884853
2020-01-07,0.717000736,0.098655259,0.058177443,0.124050358,0.564086913
2020-01-08,0.816317511,0.093091369,0.067124187,0.156114611,0.579453405
2020-01-09,1.04578471,0.133488313,0.054059091,0.280071571,0.72501571
2020-01-10,1.069087332,0.142214594,0.048199171,0.266053164,0.698557123
2020-01-13,1.527769951,0.139926087,0.103918914,0.348603705,1.333902794
2020-01-14,1.31801687,0.188323763,0.169574935,0.380773039,1.822572312
2020-01-15,,,,,
2020-01-16,1.212536718,0.06477871,0.022819111,0.11911655,0.379560778
2020-01-17,1.11304458,0.062348403,0.021286651,0.103490515,0.287792759
2020-01-20,1.295158131,0.063815591,0.026295506,0.103933574,0.325637265
2020-01-30,0.349330405,0.122597682,0.067450902,0.181612372,0.614171269
2020-01-31,0.849478384,0.104319569,0.038585875,0.186513333,0.354196962
2020-02-03,1.085532244,0.104768198,0.045558994,0.19803631,0.383400911
2020-02-04,1.706082331,0.074809359,0.053178253,0.166232369,0.391813426
2020-02-05,1.028925871,0.073092053,0.051800523,0.09677891,0.286059078
2020-02-06,1.202124797,0.085114328,0.036904574,0.221666757,0.467145888
2020-02-07,1.078130957,0.13578509,0.044550176,0.166867461,0.517075979
2020-02-10,1.173471431,0.111527875,0.048686641,0.214359775,0.552646798
2020-02-11,1.394086294,0.092681612,0.057885702,0.182473151,0.635418403
2020-02-12,2.083115941,0.088482678,0.072390652,0.150187137,0.541675631
2020-02-13,1.116588483,0.167447647,0.048150734,0.244245573,0.783875463
2020-02-14,1.249566899,0.135761451,0.0586932,0.246396417,0.683640185
2020-02-17,1.079275198,0.195888274,0.102550873,0.306613254,1.230067838
2020-02-18,0.859761779,0.301993651,0.18837145,0.415203153,1.956238031
2020-02-19,,,,,
2020-02-20,1.002619546,0.086747011,0.032331098,0.111136861,0.373843086
2020-02-21,1.082154845,0.07625972,0.031927745,0.109652214,0.309015974
2020-02-24,1.02064368,0.08939921,0.04241182,0.117744471,0.327961864
2020-02-25,1.481021111,0.062628126,0.047613775,0.138489581,0.212454509
2020-02-26,1.022902898,0.063404285,0.051724696,0.08433784,0.291743038
2020-02-27,1.059005807,0.153566809,0.043854527,0.170836022,0.349174086
2020-03-02,1.008918555,0.153803455,0.059068476,0.200361198,0.39526305
2020-03-03,1.085053391,0.089913451,0.061134696,0.168113686,0.295058862
2020-03-04,1.780871594,0.072688994,0.066658444,0.117475924,0.250107146
2020-03-05,1.152452643,0.099617891,0.03902782,0.223028781,0.441942072
2020-03-06,0.967721893,0.152436153,0.04669225,0.190539313,0.471164422
2020-03-09,0.864326941,0.236468936,0.075218308,0.261731614,0.53236689
2020-03-10,1.220624909,0.138028431,0.083908405,0.348681393,0.431351139
2020-03-11,0.488441485,0.173667674,0.095672356,0.26033517,0.763547088
2020-03-12,0.817934523,0.401298264,0.115734029,0.494394044,0.634337452
2020-03-13,1.174656831,0.349675807,0.141951858,0.858506051,0.621572985
2020-03-16,0.680303836,1.006590781,0.293597091,0.751621987,1.140918054
2020-03-17,1.138555166,0.987960619,0.375001552,1.267500947,1.47104945
2020-03-18,,,,,
2020-03-19,0.532701132,0.342621181,0.086701094,0.522362344,0.556131042
2020-03-20,0.976178744,0.199178633,0.099315364,0.537905729,0.539428816
2020-03-23,0.867338353,0.305839363,0.128037683,0.343655875,0.395735178
2020-03-24,1.391346714,0.162257136,0.105633411,0.307229733,0.44253851
2020-03-25,1.657022337,0.115584369,0.111468195,0.198720934,0.371461383
2020-03-26,0.986618212,0.236039328,0.061272843,0.402405966,0.30785826
2020-03-27,0.9855531,0.261467798,0.074861931,0.311248316,0.330820557
2020-03-30,1.131892972,0.187345642,0.081525892,0.371232381,0.351823161
2020-03-31,1.158553845,0.138077973,0.092191702,0.250007695,0.428142013
2020-04-01,1.023449455,0.116247872,0.102374062,0.16631722,0.454989013
2020-04-06,1.331132484,0.167180679,0.080802067,0.430824924,0.672582154
2020-04-07,1.44256272,0.139491485,0.087091847,0.289984142,0.76182621
2020-04-08,1.979794935,0.15474631,0.109996338,0.213836016,0.523987744
2020-04-09,1.11205818,0.266985067,0.078682532,0.422407004,0.606707894
2020-04-10,1.243942515,0.225108446,0.089832674,0.451285005,0.74061224
2020-04-13,1.079905186,0.371800007,0.180145609,0.550478515,1.164097688
2020-04-14,2.060617651,0.3316291,0.310295909,0.763125599,1.680946405
2020-04-15,,,,,
2020-04-16,1.099808598,0.099388927,0.043808107,0.196657948,0.283092749
2020-04-17,1.105840351,0.100621695,0.052364915,0.167033163,0.284410988
2020-04-20,0.936679511,0.086361825,0.051421837,0.146193524,0.230008099
2020-04-21,0.724595482,0.114104708,0.061126394,0.150412042,0.350781969
2020-04-22,2.519155914,0.083014222,0.073209062,0.129084515,0.195659162
2020-04-23,0.96597253,0.126312492,0.047657953,0.206842583,0.266042249
2020-04-24,1.121141664,0.11642778,0.044775233,0.167389055,0.28919989
2020-04-27,1.933751616,0.087939742,0.06046156,0.17574533,0.251351248
2020-04-28,1.318604897,0.07364001,0.057133653,0.124387039,0.273271
2020-04-29,2.269391204,0.078442182,0.073686681,0.111923995,0.22766613
2020-04-30,1.30267616,0.10875088,0.054424785,0.227809192,0.262371398
2020-05-04,1.004222241,0.150990142,0.074299837,0.222811785,0.336498354
2020-05-05,1.196951538,0.100625252,0.070307602,0.169965836,0.260801257
2020-05-06,1.189991737,0.079220225,0.070226979,0.119606318,0.317214835
2020-05-07,1.103055286,0.153872926,0.04349071,0.237956488,0.347565399
2020-05-08,1.083154697,0.151657565,0.046303559,0.207820616,0.442720475
2020-05-11,1.328059225,0.128437375,0.058923741,0.228175887,0.568354876
2020-05-12,0.821314488,0.137458765,0.068064449,0.167157503,0.565173989
2020-05-13,2.528502141,0.100945624,0.086473507,0.159275078,0.365938076
2020-05-14,0.98728349,0.257568998,0.075538747,0.293961326,0.704603086
2020-05-15,0.995076396,0.194474592,0.080532605,0.362084816,0.642145857
2020-05-18,1.041142757,0.346240224,0.127728273,0.423406206,1.147821906
2020-05-19,0.875697854,0.367801929,0.208378679,0.553733103,1.982963655
2020-05-20,,,,,
2020-05-21,1.109735839,0.081472922,0.043999183,0.166229006,0.282906767
2020-05-22,0.80501817,0.111938879,0.044768538,0.152334743,0.473298886
2020-05-25,1.311546667,0.065086664,0.049098917,0.154488188,0.305372608
2020-05-26,1.206764148,0.072250804,0.054361536,0.117933234,0.299897337
2020-05-27,1.323301383,0.052236284,0.052537889,0.074386443,0.233641604
2020-05-28,0.944452655,0.129283902,0.041767951,0.149438025,0.350823998
2020-05-29,1.055677459,0.096188827,0.040388258,0.160755867,0.267685529
2020-06-01,1.344420548,0.084267439,0.052977846,0.163791582,0.319936385
2020-06-02,1.2840499,0.070541851,0.052453938,0.128058885,0.344874109
2020-06-03,4.219871024,0.114103822,0.057155329,0.128631574,0.293650411
2020-06-04,0.963694991,0.14309296,0.043014227,0.19647478,0.35786579
2020-06-05,1.270432072,0.099642816,0.039065666,0.201723381,0.426354371
2020-06-08,1.101396714,0.111881734,0.048227202,0.196024893,0.442377927
2020-06-09,1.267432029,0.08789305,0.054486865,0.167055744,0.490910525
2020-06-10,2.350984536,0.098692418,0.07866043,0.155050871,0.480270113
2020-06-11,0.922348357,0.25241953,0.076130872,0.264619653,0.726017656
2020-06-12,1.167356741,0.206679436,0.059769385,0.381957527,0.569648512
2020-06-15,0.860063263,0.382380724,0.127603548,0.413225317,1.087460216
2020-06-16,1.739731894,0.271105371,0.19609597,0.677405806,1.343560305
2020-06-17,,,,,
2020-06-18,1.107330634,0.079389986,0.026781795,0.164293743,0.380303291
2020-06-19,0.989646367,0.081677273,0.026638721,0.131740115,0.344835949
2020-06-22,1.214018983,0.065744951,0.028289682,0.117197141,0.276277322
2020-06-23,1.261378736,0.049405973,0.03017316,0.103560527,0.246788982
2020-06-24,1.285287337,0.04204176,0.033860935,0.073531481,0.205793028
2020-06-29,1.093025495,0.09059323,0.04038701,0.173918611,0.306036476
2020-06-30,1.812678457,0.045733974,0.039368318,0.147191097,0.330324182
2020-07-01,2.015534492,0.048264674,0.043298228,0.1225713,0.352941973
2020-07-02,1.74226113,0.065929291,0.0348085,0.21318407,0.383011159
2020-07-03,1.150768609,0.081896119,0.034303502,0.18954756,0.36936549
2020-07-06,1.746553055,0.093615294,0.064861322,0.232171983,0.618066492
2020-07-07,0.915813228,0.129569499,0.06297942,0.146610661,0.519533268
2020-07-08,2.284836517,0.087474451,0.083581942,0.147671684,0.453849682
2020-07-09,0.959574459,0.173450243,0.051617604,0.274485563,0.569009231
2020-07-10,0.94857721,0.20781262,0.074790328,0.253098181,0.628361933
2020-07-13,1.646680556,0.168678073,0.124519282,0.462396457,1.166959321
2020-07-14,1.219371003,0.270930307,0.187387624,0.449490536,1.510068285
2020-07-15,,,,,
2020-07-16,0.910823077,0.087865759,0.034679984,0.136888987,0.352026882
2020-07-17,1.093413261,0.070757726,0.030023759,0.112081197,0.271273044
2020-07-20,1.201754253,0.053164385,0.034005825,0.104677911,0.228287434
2020-07-21,1.787702715,0.054720019,0.041033253,0.100232788,0.22414729
2020-07-22,1.643054043,0.042598619,0.043188163,0.067617422,0.200205051
2020-07-23,1.020272379,0.078794926,0.029820743,0.144603174,0.24689323
2020-07-24,0.919261749,0.101601626,0.035179981,0.129587743,0.32833735
2020-07-27,1.386132358,0.083530692,0.041383309,0.161085986,0.268458664
2020-07-28,0.69273456,0.141111405,0.070831553,0.118287305,0.27318442
2020-07-29,0.909474567,0.063943514,0.051873047,0.089801503,0.226145466
2020-07-30,0.946057586,0.102822844,0.039024404,0.203831414,0.247551032
2020-07-31,1.134788688,0.11885522,0.03455533,0.17480357,0.239109459
2020-08-03,0.861510296,0.138738216,0.047093528,0.145144426,0.475502545
2020-08-04,1.981469753,0.063285563,0.053140801,0.163423315,0.302329351
2020-08-05,1.759344475,0.061192117,0.058861209,0.109871749,0.376659935
2020-08-06,1.038424017,0.125849759,0.036537593,0.201717741,0.33027781
2020-08-07,1.006508515,0.140794575,0.039447466,0.175978951,0.449972421
2020-08-10,1.184653539,0.109965718,0.046886368,0.18875,0.457885418
2020-08-11,0.792532588,0.143424153,0.05414728,0.133060273,0.480264838
2020-08-12,0.771889849,0.109544996,0.079319966,0.142725364,0.498918234
2020-08-13,0.944399623,0.184513202,0.060893806,0.243173713,0.370875491
2020-08-14,1.118010235,0.136636728,0.075254174,0.278975124,0.420433347
2020-08-17,1.838929777,0.18814866,0.140445018,0.446782877,1.246876921
2020-08-18,0.81171648,0.345949159,0.213876062,0.378541013,1.549015305
2020-08-19,,,,,
2020-08-20,0.67235663,0.146573284,0.053686411,0.185116006,0.334550948
2020-08-21,1.166025308,0.073317564,0.046229205,0.182067571,0.295336461
2020-08-24,1.192529179,0.073629586,0.046074747,0.132388366,0.317767469
2020-08-25,1.276405417,0.064586329,0.052502371,0.105676125,0.279732155
2020-08-26,2.443664159,0.067678002,0.060465211,0.082739803,0.20299022
2020-08-27,0.958087859,0.127251886,0.041904479,0.135807101,0.281576544
2020-08-28,0.970568446,0.10826634,0.040040517,0.132272165,0.29330262
2020-08-31,0.670412617,0.139491035,0.052136851,0.123774599,0.368850059
2020-09-01,1.500834361,0.066747913,0.059347738,0.14655933,0.274169799
2020-09-02,0.973901514,0.073433707,0.058739446,0.089549142,0.25349624
2020-09-03,0.940781387,0.135278883,0.041233649,0.171139423,0.301385151
2020-09-04,1.098061119,0.136386994,0.043431607,0.200208488,0.274566774
2020-09-07,0.927863197,0.152409875,0.055004358,0.174795043,0.388231423
2020-09-08,1.202742439,0.097222374,0.063595777,0.151358911,0.428267418
2020-09-09,1.721030794,0.116709172,0.078281358,0.150304236,0.355509924
2020-09-10,1.058422493,0.173282852,0.067558947,0.310866741,0.684882785
2020-09-11,0.943049218,0.177770004,0.069905607,0.283590981,0.71584021
2020-09-14,1.504317684,0.180711566,0.136786187,0.451222146,1.270047237
2020-09-15,1.47755775,0.207294432,0.219125695,0.477837271,1.790830897
2020-09-16,,,,,
2020-09-17,1.043021794,0.084507152,0.037840233,0.115932309,0.305374831
2020-09-18,1.063975957,0.066524359,0.033956318,0.110644712,0.223769409
2020-09-21,0.927195046,0.0713853,0.040256761,0.093573047,0.253261095
2020-09-22,1.024916724,0.065233829,0.040048654,0.097033747,0.20094304
2020-09-23,0.888432874,0.053472887,0.043402359,0.064598103,0.186142343
2020-09-24,0.744730389,0.131631573,0.045156901,0.140217929,0.315840534
2020-09-25,0.963077392,0.101703275,0.039582362,0.131017397,0.202622979
2020-09-28,1.832602032,0.063837265,0.053813465,0.144866062,0.216490117
2020-09-29,0.921185461,0.065211514,0.041308707,0.079536158,0.228504477
2020-09-30,1.567990894,0.051660281,0.05389182,0.071577643,0.190955748
2020-10-05,1.06788021,0.101714878,0.043211702,0.123110575,0.172650274
2020-10-06,1.531225467,0.05891868,0.054513088,0.114860595,0.254252891
2020-10-07,1.768667816,0.053954543,0.056961306,0.084071094,0.243824857
2020-10-08,0.943207318,0.089010439,0.038640679,0.170353393,0.323490872
2020-10-12,1.121643994,0.099592438,0.046492818,0.158081042,0.406812655
2020-10-13,1.216268565,0.081379328,0.054926634,0.135471982,0.36268305
2020-10-14,0.808478958,0.083621456,0.061202601,0.119916021,0.566424863
2020-10-15,0.909067248,0.169261888,0.065228418,0.238477907,0.579679148
2020-10-16,0.901851305,0.196958984,0.072035065,0.222463236,0.639619898
2020-10-19,1.448423311,0.165583607,0.138900767,0.363899601,0.888624381
2020-10-20,1.047171099,0.253293678,0.171725551,0.318159851,1.28773121
2020-10-21,,,,,
2020-10-22,1.113992533,0.05785557,0.040885929,0.147196278,0.346327443
2020-10-23,1.095888493,0.067783055,0.03491806,0.099805163,0.300691197
2020-10-26,1.11923675,0.057993984,0.040874182,0.088320535,0.366357299
2020-10-27,1.108847536,0.044845888,0.044449048,0.077080098,0.213020405
2020-10-28,0.768983681,0.054166115,0.047049313,0.074891478,0.276600932
2020-10-29,1.134227827,0.112928387,0.037599004,0.178350216,0.237393791
2020-10-30,0.858494398,0.126498989,0.041868141,0.154812566,0.243890295
2020-11-02,1.03220332,0.090645494,0.047683332,0.196811816,0.273857048
2020-11-03,1.368518016,0.0765036,0.05679752,0.159839413,0.378597951
2020-11-04,2.073209076,0.077081025,0.06245833,0.118057352,0.18995531
2020-11-05,1.080759424,0.11379324,0.034035433,0.198536715,0.3782869
2020-11-06,1.129607091,0.103691866,0.036356699,0.164122804,0.37509031
2020-11-09,1.320222734,0.101065176,0.056231088,0.18042615,0.501115331
2020-11-10,0.754179114,0.15187738,0.082720182,0.122132492,0.426580598
2020-11-11,4.309770898,0.132127625,0.075048044,0.149141773,0.361012562
2020-11-12,1.007698355,0.206378043,0.061836981,0.222047467,0.642072844
2020-11-13,1.268361699,0.143586946,0.065610488,0.247834583,0.722161942
2020-11-16,1.886338383,0.190187427,0.144981315,0.388808396,0.909771843
2020-11-17,0.739833715,0.372508815,0.206908818,0.378733425,1.569178019
2020-11-18,,,,,
2020-11-19,0.956497474,0.100068546,0.040140063,0.108446707,0.292928886
2020-11-20,0.960970099,0.081698847,0.03558272,0.093449985,0.244291251
2020-11-23,1.281087664,0.06840255,0.043933446,0.118471118,0.467031048
2020-11-24,0.656964151,0.073784491,0.04280662,0.077042669,0.29953358
2020-11-25,0.442930993,0.065932291,0.047711588,0.080831314,0.323558383
2020-11-26,1.208233636,0.071759063,0.036854127,0.126069621,0.252659747
2020-11-27,1.250680108,0.067460962,0.036034451,0.106496961,0.20574561
2020-11-30,0.473966971,0.12664113,0.049493591,0.103889836,0.397663982
2020-12-01,1.727999593,0.055269502,0.048224435,0.110914768,0.256140565
2020-12-02,2.214845673,0.066758138,0.06280737,0.086179635,0.207960013
2020-12-03,1.034853671,0.117492092,0.032245238,0.13567062,0.286221069
2020-12-04,1.224210736,0.091281717,0.040356893,0.152412295,0.322560346
2020-12-07,1.366395942,0.084701855,0.045479018,0.165004505,0.381055914
2020-12-08,2.120809427,0.070895048,0.057196867,0.159265061,0.433904512
2020-12-09,0.97245544,0.072428964,0.064369584,0.111759907,0.397839045
2020-12-10,1.031985432,0.181113804,0.059081229,0.209331774,0.607196171
2020-12-11,1.01184185,0.136312986,0.06981818,0.239208091,0.683513629
2020-12-14,0.965362549,0.217445338,0.097987602,0.272811576,1.024193293
2020-12-15,0.57862206,0.311083702,0.189930507,0.361446775,1.618685674
2020-12-16,,,,,
2020-12-17,0.894146138,0.069053298,0.028566458,0.104316472,0.294435869
2020-12-18,0.995738425,0.062109715,0.027374245,0.088957268,0.299414664
2020-12-21,2.05287896,0.045551216,0.040207268,0.101951548,0.201448054
2020-12-22,0.712344045,0.079803187,0.04056688,0.079057707,0.248137141
2020-12-23,1.416561443,0.040246672,0.042003478,0.064765773,0.128435438
2020-12-24,1.10216577,0.069697144,0.035404852,0.107231545,0.267164531
2020-12-25,1.097781063,0.071232082,0.037509991,0.085988399,0.189222328
2020-12-28,2.053888745,0.057675534,0.048556243,0.100860658,0.2178958
2020-12-29,1.04110776,0.055907495,0.0409644,0.068809976,0.15819493
2020-12-30,5.45869436,0.079961789,0.044268414,0.092512339,0.219109992
2020-12-31,1.051353291,0.082537804,0.03664604,0.134695493,0.294534929
2021-01-04,1.709512073,0.075236284,0.047777473,0.115625261,0.07384863
2021-01-05,2.09321655,0.050952947,0.043874155,0.087725558,0.061587113
2021-01-06,1.252860607,0.070425691,0.057612515,0.069892938,0.098780383
2021-01-07,1.196675151,0.114747175,0.042926791,0.19291375,0.069220793
2021-01-08,1.217640997,0.124078928,0.045923681,0.193241373,0.086784149
2021-01-11,1.406124586,0.118330838,0.065987881,0.189087165,0.09115292
2021-01-12,1.235856589,0.111519097,0.046864876,0.143190741,0.113537734
2021-01-13,3.194921784,0.088027313,0.085767641,0.128517135,0.107611059
2021-01-14,1.620171372,0.233367906,0.070602433,0.279000872,0.104248616
2021-01-15,1.165747509,0.278630446,0.073811365,0.199414505,0.117857577
2021-01-18,0.963383219,0.237094606,0.091584414,0.379465706,0.172654514
2021-01-19,1.936951323,0.235921507,0.130256412,0.423371804,0.25728975
2021-01-20,0.941855529,0.333678993,0.207285353,0.309773504,0.409218008
2021-01-21,1.250056436,0.099438222,0.049405724,0.166209004,0.072907658
2021-01-22,0.993584848,0.116798972,0.03993744,0.113564138,0.056753773
2021-01-25,0.923116893,0.086798121,0.03635124,0.136801347,0.087905156
2021-01-26,0.640903105,0.088427214,0.035419268,0.08596575,0.095764577
2021-01-27,1.047718798,0.051033367,0.04507265,0.052501034,0.072837511
2021-01-28,0.66103108,0.132307615,0.042465957,0.182182718,0.088350421
2021-01-29,0.429039916,0.14657,0.04471243,0.127888745,0.091161546
2021-02-01,1.435395995,0.072891297,0.043201034,0.174282283,0.086868897
2021-02-02,2.245883367,0.075249937,0.047684482,0.133000065,0.075435827
2021-02-03,1.159563861,0.069503673,0.049650061,0.081780542,0.087407925
2021-02-04,1.092428162,0.154935525,0.026260153,0.213008617,0.051666232
2021-02-05,1.623173449,0.147634197,0.034066116,0.194689697,0.081841048
2021-02-17,2.016149385,0.287672176,0.315066396,0.641467928,0.700847911
2021-02-18,1.657145323,0.109691313,0.066319422,0.128030778,0.076752114
2021-02-19,0.856971668,0.080736911,0.038672074,0.172454667,0.120236094
2021-02-22,1.132526289,0.089193882,0.033265248,0.140831216,0.150514425
2021-02-23,1.693019151,0.053889302,0.045268425,0.083513015,0.07236863
2021-02-24,0.370150395,0.063970038,0.0414637,0.077040069,0.121868677
2021-02-25,1.080315382,0.085848076,0.031370149,0.170250886,0.08566024
2021-02-26,0.848142727,0.137031411,0.042045259,0.15485593,0.122553964
2021-03-02,0.616914542,0.110069126,0.049297837,0.093252523,0.097839364
2021-03-03,3.15273594,0.05793397,0.076472679,0.098561104,0.076774669
2021-03-04,0.933507309,0.163754193,0.03682221,0.178913684,0.069438112
2021-03-05,0.885909086,0.135054266,0.039038613,0.204476276,0.083028153
2021-03-08,1.264288336,0.158113343,0.048432248,0.137193554,0.087920311
2021-03-09,1.176768921,0.101065427,0.050321688,0.148024651,0.074212429
2021-03-10,1.062698098,0.088771459,0.066844757,0.104500901,0.100521515
2021-03-11,1.60305417,0.165551079,0.033016765,0.284445861,0.111577292
2021-03-12,1.318689331,0.196779574,0.117571397,0.24853856,0.095820336
2021-03-15,1.448227484,0.193422425,0.077877971,0.338106361,0.176079755
2021-03-16,1.463603911,0.195369691,0.152619199,0.336770443,0.240278459
2021-03-17,1.080691412,0.270434059,0.20348731,0.281864471,0.424079556
2021-03-18,0.928747382,0.072372594,0.031632911,0.087018877,0.058795765
2021-03-19,0.641183442,0.072405254,0.03697808,0.092975799,0.084338123
2021-03-22,1.012948654,0.045484842,0.033458927,0.079162972,0.039675748
2021-03-23,0.856425536,0.050065452,0.030042507,0.048384858,0.052663712
2021-03-24,0.909119732,0.033305729,0.028596524,0.040066267,0.053180418
2021-03-25,1.01516662,0.070930663,0.031440923,0.108437011,0.039224803
2021-03-26,1.476278842,0.055276015,0.03227297,0.103567096,0.046953829
2021-03-29,1.466915701,0.051712759,0.02902997,0.085424354,0.03609337
2021-03-30,2.727401305,0.033378823,0.032084086,0.07440407,0.053071666
2021-03-31,0.670682913,0.042017112,0.035640437,0.044212412,0.062156793
2021-04-01,1.550805009,0.073810164,0.035479699,0.12267263,0.074786305
2021-04-06,1.277042669,0.06298934,0.04492532,0.075065276,0.063150092
2021-04-07,2.292141533,0.050698665,0.046011916,0.074670025,0.071397084
2021-04-08,1.451184257,0.071211577,0.034469099,0.14143015,0.057717931
2021-04-09,1.257616743,0.098792547,0.038318526,0.116522403,0.074734515
2021-04-12,1.24833408,0.080831205,0.030158098,0.113454614,0.085418949
2021-04-13,1.02443272,0.096262095,0.047529658,0.075852577,0.091044802
2021-04-14,1.515520538,0.065395903,0.057488429,0.102822698,0.09394301
2021-04-15,1.433095303,0.112662037,0.05355993,0.243310229,0.102542573
2021-04-16,1.343982323,0.130517506,0.043484381,0.226344371,0.099532678
2021-04-19,2.059846242,0.178578845,0.111253588,0.297733416,0.223619914
2021-04-20,2.778834474,0.166621005,0.124559063,0.407008717,0.371539893
2021-04-21,0.971541682,0.250430208,0.232828335,0.369191486,0.43571666
2021-04-22,1.424405365,0.093671206,0.038613438,0.127808316,0.095956062
2021-04-23,1.348139058,0.057678267,0.038170369,0.118739679,0.054057011
2021-04-26,2.445721584,0.038023261,0.031577707,0.126639136,0.082345381
2021-04-27,1.983827462,0.042128498,0.046436431,0.077602416,0.084681436
2021-04-28,1.631134001,0.034358984,0.038731492,0.060785324,0.075522724
2021-04-29,1.337643885,0.093082174,0.036597159,0.120402149,0.089482476
2021-05-03,0.507536618,0.104970997,0.043114333,0.110352448,0.096547925
2021-05-04,0.509639813,0.09738368,0.038250465,0.127953055,0.104492208
2021-05-05,0.607989865,0.080860843,0.055364037,0.086266705,0.106130056
2021-05-06,1.096729805,0.116208721,0.041157148,0.208728047,0.067189846
2021-05-07,1.425499916,0.09030182,0.04007181,0.188476234,0.058638109
2021-05-10,1.068532259,0.113257447,0.044274693,0.140488092,0.11024033
2021-05-11,0.522976072,0.174100375,0.060786058,0.175876879,0.158381639
2021-05-12,0.568346081,0.201950009,0.109755781,0.236605711,0.246401355
2021-05-13,0.830220612,0.391871879,0.096933604,0.646478284,0.268382647
2021-05-14,0.94738911,0.288745303,0.083312979,0.580494196,0.245476041
2021-05-17,0.824863605,0.526727805,0.136303111,0.783791635,0.389572892
2021-05-18,1.802766564,0.404782849,0.21521161,0.925554502,0.496694365
2021-05-19,0.980600378,0.395310372,0.317492945,0.55971069,0.545101863
2021-05-20,0.59979269,0.142607615,0.048248915,0.292704328,0.163677144
2021-05-21,0.930299603,0.107433891,0.031715453,0.213247249,0.10670503
2021-05-24,1.318341378,0.095203308,0.028639347,0.194288409,0.115898452
2021-05-25,2.217552809,0.068161896,0.049075683,0.134984436,0.093809082
2021-05-26,1.326309715,0.036251891,0.043424129,0.068258569,0.077501515
2021-05-27,1.201044491,0.118831161,0.055389947,0.218373973,0.085592988
2021-05-28,1.599983104,0.11058187,0.089873849,0.2018767,0.104448682
2021-05-31,1.456406152,0.084216399,0.071952183,0.178703807,0.121477144
2021-06-01,2.608023369,0.048355648,0.029427547,0.119898324,0.104775767
2021-06-02,1.15813171,0.042231525,0.042796141,0.077598152,0.100160672
2021-06-03,1.234962115,0.121989941,0.026740279,0.208065318,0.089709356
2021-06-04,1.115283245,0.127271053,0.025838855,0.20640627,0.108703834
2021-06-07,1.014901338,0.125903819,0.069885514,0.202606418,0.104950102
2021-06-08,0.97488147,0.113009118,0.077118504,0.174702451,0.169844829
2021-06-09,0.652079209,0.098238198,0.095473718,0.090253786,0.103619657
2021-06-10,0.897550835,0.172514354,0.131469961,0.283935252,0.106990914
2021-06-11,1.516855746,0.160314652,0.080360945,0.28104638,0.202404741
2021-06-15,2.240377752,0.212122257,0.214667878,0.348580501,0.258000142
2021-06-16,1.051932868,0.307797399,0.354735956,0.285366722,0.385008337
2021-06-17,0.944635411,0.065449588,0.046432054,0.109246027,0.043738047
2021-06-18,1.141804048,0.064124726,0.019482806,0.080294873,0.027412378
2021-06-21,0.932144481,0.07622507,0.04273929,0.100218451,0.072521729
2021-06-22,1.092188804,0.057265444,0.050455294,0.055161762,0.050195875
2021-06-23,2.656019575,0.04110488,0.054019991,0.063637713,0.059607282
2021-06-24,1.639861428,0.080225401,0.058386303,0.125777469,0.072534929
2021-06-25,1.406866582,0.066830769,0.022865502,0.101424193,0.069151622
2021-06-28,1.988776382,0.052052077,0.03171298,0.08304611,0.044803673
2021-06-29,1.304651419,0.050565256,0.033299043,0.059938449,0.046597124
2021-06-30,1.803275104,0.046132869,0.053288132,0.048563008,0.050754818
2021-07-01,1.113897916,0.084192954,0.021810082,0.121711937,0.0465463
2021-07-02,0.773409531,0.077566838,0.029264828,0.11057691,0.046486599
2021-07-05,1.913325835,0.055554325,0.027102107,0.107967733,0.059647356
2021-07-06,1.010304119,0.057984891,0.026374407,0.071152009,0.06332718
2021-07-07,0.9315665,0.041328488,0.033062506,0.061932642,0.072757754
2021-07-08,1.374889451,0.095782568,0.037455908,0.160279493,0.058524881
2021-07-09,0.571812268,0.104570893,0.033758961,0.179249651,0.078980151
2021-07-12,1.254448537,0.09824321,0.029092421,0.131621037,0.087216728
2021-07-13,1.356891801,0.094163359,0.038744256,0.101983004,0.087166893
2021-07-14,1.196410974,0.067399436,0.055871323,0.106082953,0.11543492
2021-07-15,1.249543375,0.120614189,0.042998587,0.245047995,0.109112016
2021-07-16,0.829259526,0.143046804,0.060515161,0.210687358,0.106991992
2021-07-19,0.576840395,0.207063939,0.112936125,0.309710578,0.167615994
2021-07-20,0.579552505,0.325162477,0.142191515,0.297345532,0.188126803
2021-07-21,0.814578986,0.324129981,0.230751822,0.383169836,0.441317084
2021-07-22,1.746492089,0.0768636,0.042090388,0.112019661,0.047382753
2021-07-23,1.394195679,0.061542888,0.026138885,0.106349809,0.07043689
2021-07-26,0.752855085,0.069249101,0.041433862,0.082920229,0.088438892
2021-07-27,0.864280363,0.056109444,0.021977652,0.063146961,0.068179805
2021-07-28,1.25619015,0.047514782,0.044545114,0.072920806,0.069603068
2021-07-29,1.194245449,0.071507918,0.040602265,0.188477603,0.079225138
2021-07-30,0.990725785,0.08917455,0.024958524,0.124721653,0.067258942
2021-08-02,1.75332578,0.050000338,0.03288302,0.140639458,0.078552318
2021-08-03,2.445894771,0.045358308,0.049526339,0.088580085,0.047081742
2021-08-04,2.559582796,0.056130939,0.059164264,0.074445878,0.07673366
2021-08-05,1.907215824,0.091886778,0.024274389,0.188865825,0.086696899
2021-08-06,0.904258296,0.088821385,0.02486913,0.183778561,0.129169738
2021-08-09,0.612039992,0.077128378,0.031197518,0.162551039,0.087244259
2021-08-10,0.638745629,0.085870619,0.03655655,0.136936949,0.135982114
2021-08-11,0.928316078,0.080664038,0.056506819,0.092126529,0.109773209
2021-08-12,0.686945153,0.173057317,0.115190894,0.398135432,0.277182711
2021-08-13,0.466594003,0.173437381,0.061080744,0.263610844,0.199559504
2021-08-16,0.489802568,0.228779186,0.14573914,0.384443354,0.303306944
2021-08-17,0.427126001,0.302906217,0.164532131,0.39560862,0.463097945
2021-08-18,2.882263852,0.495670604,0.481427961,0.73972609,0.65236418
2021-08-19,0.726158134,0.124750789,0.049084797,0.198445715,0.12968339
2021-08-20,0.743226996,0.095087295,0.037313465,0.193262949,0.098698732
2021-08-23,1.306282582,0.063462991,0.037121108,0.144169457,0.083719458
2021-08-24,1.403674333,0.048758319,0.027697344,0.090994072,0.075105062
2021-08-25,5.836972134,0.080909264,0.071552658,0.07675253,0.090748424
2021-08-26,0.80574017,0.096313404,0.031064549,0.179399949,0.103586279
2021-08-27,1.265016141,0.082903697,0.052838128,0.145645046,0.064760265
2021-08-30,1.959823753,0.070734178,0.046789504,0.153263818,0.086600764
2021-08-31,2.120174217,0.042468122,0.040917775,0.111506004,0.080528564
2021-09-01,0.893786875,0.042026889,0.039193698,0.084968761,0.094482812
2021-09-02,1.182092424,0.125218364,0.027305407,0.180807055,0.096254051
2021-09-03,1.410289769,0.104694504,0.04012006,0.178674461,0.077246274
2021-09-06,1.126739258,0.103889074,0.031023032,0.160685501,0.149179303
2021-09-07,0.880720459,0.083028833,0.033099565,0.160410308,0.143051913
2021-09-08,0.651760312,0.089635682,0.057035862,0.126595463,0.144367923
2021-09-09,0.931333322,0.134707464,0.029029139,0.287590227,0.091171137
2021-09-10,2.013003737,0.119022765,0.04812355,0.277858299,0.139798495
2021-09-13,1.866879053,0.195232338,0.095986969,0.348868182,0.296536112
2021-09-14,1.755838573,0.285984211,0.279453995,0.368451808,0.419403178
2021-09-15,0.591566405,0.395738295,0.61276735,0.349816668,0.448867026
2021-09-16,0.917682414,0.064223864,0.047482829,0.128491771,0.098362792
2021-09-17,1.024980761,0.055760574,0.035077616,0.071095722,0.06114399
2021-09-22,0.677652773,0.045109116,0.041954552,0.059022686,0.068753569
2021-09-23,1.447942034,0.092690162,0.045043159,0.162791839,0.099115044
2021-09-24,1.00002641,0.08102129,0.043466297,0.112211439,0.063999156
2021-09-27,1.49872313,0.064866369,0.04881119,0.087867989,0.056121246
2021-09-28,0.484414276,0.051907798,0.04143007,0.098451329,0.083105467
2021-09-29,0.601225992,0.058093423,0.047598131,0.056176112,0.076632081
2021-09-30,0.619809409,0.10344634,0.041977986,0.180354381,0.074147253
2021-10-01,0.425195886,0.128395751,0.049530915,0.182721575,0.09844508
2021-10-04,0.368339963,0.1189243,0.04467622,0.148795759,0.101228383
2021-10-05,0.911625614,0.073445748,0.055570382,0.14550558,0.086223616
2021-10-06,0.941133684,0.070150559,0.06639169,0.071564614,0.073069979
2021-10-07,1.319961213,0.128535351,0.063303591,0.226936993,0.085742133
2021-10-08,0.914496494,0.133839931,0.049431882,0.187074112,0.080539067
2021-10-12,0.421469734,0.106221099,0.054921089,0.151962336,0.065654295
2021-10-13,0.548380612,0.102932957,0.074935624,0.105670306,0.117831533
2021-10-14,1.133772496,0.203356186,0.073879049,0.261007849,0.081583407
2021-10-15,1.64934826,0.15202258,0.148607734,0.269801157,0.087387377
2021-10-18,0.786109816,0.244212992,0.126931224,0.233913972,0.143042024
2021-10-19,1.238463432,0.3220958,0.369964289,0.367171434,0.314257898
2021-10-20,1.163901523,0.266888119,0.214403233,0.308163375,0.456684894
2021-10-21,1.683814099,0.082878024,0.036020854,0.101325932,0.063066126
2021-10-22,0.674955053,0.070375724,0.050739677,0.10060977,0.062850173
2021-10-25,0.992977758,0.051481009,0.029737008,0.090209321,0.070708963
2021-10-26,1.395083677,0.044716083,0.038801832,0.062772579,0.056602697
2021-10-27,1.270544871,0.04662567,0.053487681,0.079377125,0.076750148
2021-10-28,1.06212985,0.0851833,0.0290418,0.13125773,0.069155145
2021-10-29,0.795476194,0.076465691,0.028290313,0.129331343,0.077414528
2021-11-01,1.298377249,0.068626807,0.036574069,0.09100978,0.060354675
2021-11-02,0.933852576,0.066314821,0.035261496,0.06291682,0.059410979
2021-11-03,1.38059781,0.036703235,0.045205868,0.062049322,0.067513168
2021-11-04,0.85028616,0.110715055,0.044296099,0.12996424,0.057047626
2021-11-05,1.069661289,0.069178789,0.03719086,0.154829593,0.091980817
2021-11-08,1.904933467,0.061802962,0.037554594,0.121226497,0.067631857
2021-11-09,1.205105854,0.081242189,0.049938013,0.106813746,0.099759958
2021-11-10,1.126584871,0.053967022,0.052541628,0.09223073,0.087154172
2021-11-11,0.76149588,0.163516284,0.075452221,0.183318569,0.12268502
2021-11-12,1.186411597,0.141704145,0.043778869,0.205259464,0.176496382
2021-11-15,1.146568084,0.189399094,0.129995452,0.211653549,0.18654355
2021-11-16,1.789354774,0.167767459,0.139914978,0.241283489,0.258353079
2021-11-17,1.990685335,0.235656779,0.352482198,0.328905473,0.480484866
2021-11-18,1.38357904,0.061797737,0.03544691,0.101328877,0.079142624
2021-11-19,0.74417353,0.067417168,0.029518624,0.069632686,0.0599409
2021-11-22,1.102270519,0.052186216,0.022717138,0.068464051,0.057062829
2021-11-23,0.332446856,0.044995594,0.025165366,0.047553805,0.06123696
2021-11-24,1.095463256,0.028907219,0.03108396,0.031249927,0.042872848
2021-11-25,1.427131478,0.078090359,0.027554734,0.096566877,0.060927378
2021-11-26,0.661285127,0.085948863,0.037430455,0.100664694,0.065131097
2021-11-29,0.867466321,0.072922183,0.028254396,0.120858353,0.066603452
2021-11-30,1.055439612,0.063386254,0.035883005,0.089107616,0.064535452
2021-12-01,2.424559724,0.051438592,0.052418397,0.086601895,0.072091997
2021-12-02,0.981885089,0.093851954,0.038038145,0.173867924,0.061351583
2021-12-03,1.065666212,0.107146306,0.028407742,0.156098983,0.070315924
2021-12-06,1.417324611,0.097186113,0.037406954,0.141671871,0.062575247
2021-12-07,1.306287097,0.067406796,0.037304905,0.110484022,0.055702395
2021-12-08,0.659727061,0.090620883,0.066542271,0.08819006,0.083523753
2021-12-09,1.503995336,0.1327728,0.081032309,0.183157076,0.059065297
2021-12-10,0.690042876,0.139911098,0.069150108,0.177429803,0.12510903
2021-12-13,0.792672749,0.20608613,0.109259516,0.214833565,0.24173843
2021-12-14,0.37529352,0.239730726,0.13151462,0.233003853,0.270996291
2021-12-15,1.650512047,0.244486703,0.419263846,0.409345573,0.501987313
2021-12-16,1.160009998,0.067850242,0.055977061,0.100790968,0.064827667
2021-12-17,1.060742371,0.041728097,0.020158298,0.074196137,0.038661152
2021-12-20,0.637441011,0.048944299,0.026729104,0.067773437,0.042497985
2021-12-21,1.531458479,0.027668667,0.021868533,0.059048347,0.060575283
2021-12-22,1.466524771,0.023537865,0.026555994,0.03411882,0.039214088
2021-12-23,1.586299458,0.054302595,0.023915178,0.088251897,0.059260055
2021-12-24,0.956458056,0.061619803,0.030790827,0.071266214,0.051997
2021-12-27,1.838186821,0.052426819,0.03608427,0.061796984,0.051857124
2021-12-28,2.541442101,0.023602586,0.027006712,0.049312344,0.049298526
2021-12-29,1.480014996,0.032186414,0.038834413,0.041279469,0.045975865
2021-12-30,1.224101837,0.075333291,0.032662252,0.09623385,0.061532052
2022-01-03,0.9929,0.1141,0.0293,0.1844,0.0517
2022-01-04,1.0057,0.1386,0.0241,0.1757,0.0566
2022-01-05,0.9422,0.1428,0.0359,0.18,0.0577
2022-01-06,0.9255,0.1818,0.0525,0.1709,0.064
2022-01-07,1.0382,0.1357,0.0275,0.2223,0.0535
2022-01-10,0.9906,0.1328,0.0323,0.2134,0.0544
2022-01-11,1.0113,0.1261,0.0273,0.1945,0.0557
2022-01-18,1.0426,0.1505,0.0773,0.268,0.1185
2022-01-19,1.1159,0.1399,0.0177,0.2041,0.0433
2022-01-20,0.8527,0.1735,0.0317,0.1912,0.0514
2022-01-21,1.0269,0.1445,0.0223,0.2445,0.0431
2022-01-24,0.9042,0.1618,0.0324,0.2585,0.0467
2022-01-25,1.113,0.1777,0.024,0.2759,0.0575
2022-01-26,1.028,0.1556,0.0334,0.2747,0.0632
2022-02-07,1.2972,0.1648,0.0355,0.2052,0.0693
2022-02-08,1.2066,0.1173,0.0317,0.1902,0.0609
2022-02-15,1.0654,0.3603,0.158,0.1758,0.1009
2022-02-16,1.1995,0.1471,0.0204,0.2244,0.0645
2022-02-18,1.2403,0.1399,0.0182,0.2318,0.0558
2022-02-21,1.0124,0.165,0.0258,0.2594,0.0679
2022-02-22,1.1061,0.1541,0.0217,0.2552,0.0573
2022-02-23,1.093,0.2057,0.0437,0.247,0.095
2022-02-24,1.0478,0.1659,0.0245,0.3222,0.0761
2022-02-25,1.1746,0.1662,0.0293,0.2733,0.0759
2022-03-01,1.0438,0.173,0.0256,0.2657,0.076
2022-03-02,1.1855,0.1592,0.0249,0.2707,0.0657
2022-03-04,1.0012,0.1781,0.0318,0.2565,0.0762
2022-03-07,0.9771,0.286,0.0588,0.3721,0.0883
2022-03-08,1.0338,0.2279,0.0429,0.3585,0.062
2022-03-16,1.0513,0.2552,0.12,0.4334,0.1844
2022-03-17,0.9846,0.1596,0.0157,0.2492,0.0369
2022-03-18,1.1842,0.1516,0.0158,0.241,0.0425
2022-03-21,1.1948,0.1462,0.0136,0.2292,0.0406
2022-03-22,1.0784,0.136,0.0228,0.2049,0.0459
2022-03-23,0.991,0.1229,0.0132,0.2117,0.0411
2022-03-24,0.9844,0.1365,0.0174,0.1889,0.0389
2022-03-25,0.984,0.1256,0.0204,0.2188,0.0382
2022-03-28,1.1859,0.1384,0.019,0.2001,0.0401
2022-03-29,1.0307,0.1419,0.0294,0.1775,0.0511
2022-03-30,1.0464,0.1368,0.0204,0.1838,0.0486
2022-03-31,1.0335,0.1143,0.0169,0.2174,0.0351
2022-04-01,1.0773,0.1298,0.023,0.2221,0.0425
2022-04-06,0.8437,0.176,0.0588,0.2019,0.0544
2022-04-07,1.0904,0.1572,0.0269,0.2191,0.0493
2022-04-08,0.9012,0.1981,0.046,0.1994,0.0593
2022-04-11,1.0821,0.1928,0.0365,0.2309,0.0496
2022-04-12,1.1969,0.1545,0.0565,0.2334,0.0598
2022-04-19,0.9385,0.2244,0.0951,0.218,0.094
2022-04-20,1.0087,0.1481,0.0245,0.1857,0.0467
2022-04-21,1.0475,0.1327,0.0192,0.2078,0.0371
2022-04-22,1.0641,0.1579,0.0302,0.226,0.0425
2022-04-25,1.0695,0.1598,0.0202,0.2401,0.0386
2022-04-26,1.0825,0.1505,0.0379,0.2535,0.0421
2022-04-27,1.076,0.1684,0.0231,0.2503,0.0381
2022-04-28,1.0254,0.1659,0.0276,0.2307,0.0461
2022-04-29,1.0369,0.1832,0.0298,0.238,0.0503
2022-05-03,1.0816,0.1724,0.0308,0.258,0.0438
2022-05-04,1.0061,0.152,0.0324,0.242,0.0555
2022-05-06,0.9091,0.2081,0.0547,0.2616,0.0546
2022-05-10,1.0423,0.1893,0.0482,0.3361,0.0792
2022-05-17,1.0384,0.3674,0.1694,0.2147,0.1446
2022-05-19,1.0375,0.1517,0.0241,0.2604,0.041
2022-05-20,1.023,0.1744,0.0281,0.2307,0.046
2022-05-23,0.9367,0.2005,0.0374,0.2207,0.0547
2022-05-25,1.1168,0.1659,0.0255,0.2521,0.0454
2022-05-27,1.18,0.1616,0.0355,0.2265,0.0492
2022-05-31,0.9701,0.1422,0.0437,0.2235,0.0625
2022-06-02,1.0744,0.1385,0.0278,0.2222,0.0522
2022-06-07,0.9255,0.1748,0.0439,0.2101,0.0764
2022-06-14,0.9446,0.2256,0.1207,0.3416,0.1263
2022-06-15,0.8935,0.135,0.0268,0.2653,0.0335
2022-06-16,1.0596,0.11,0.0413,0.3398,0.031
2022-06-17,0.844,0.1366,0.0364,0.3144,0.0282
2022-06-21,1.1603,0.1188,0.0382,0.3185,0.0311
2022-06-22,0.939,0.1466,0.0345,0.2959,0.0363
2022-06-24,0.8427,0.1452,0.0311,0.3008,0.0235
2022-06-27,1.1867,0.1385,0.033,0.2837,0.0269
2022-06-29,0.9519,0.1527,0.054,0.2815,0.022
2022-07-01,0.7903,0.2528,0.0662,0.296,0.0777
2022-07-04,0.8122,0.2546,0.0469,0.3211,0.0459
2022-07-05,0.8124,0.224,0.0591,0.3403,0.0677
2022-07-07,0.8684,0.2228,0.0757,0.3866,0.0798
2022-07-08,0.9182,0.2588,0.0551,0.3004,0.051
2022-07-11,0.8317,0.2991,0.077,0.3089,0.0842
2022-07-12,0.9555,0.3363,0.101,0.3164,0.0757
2022-07-19,0.964,0.3488,0.1834,0.2291,0.1324
2022-07-20,1.0027,0.129,0.0345,0.2967,0.0274
2022-07-21,0.9759,0.1368,0.027,0.2694,0.0295
2022-07-22,1.1899,0.1393,0.0269,0.2722,0.0326
2022-07-25,0.8936,0.1632,0.0272,0.2596,0.0343
2022-07-27,0.8731,0.1342,0.0274,0.2852,0.0325
2022-07-28,1.0606,0.1509,0.0311,0.2423,0.0403
2022-07-29,0.9561,0.145,0.0316,0.2602,0.0491
2022-08-01,1.0609,0.1772,0.0411,0.3129,0.0667
2022-08-02,0.9936,0.1966,0.026,0.3519,0.059
2022-08-04,0.9459,0.1885,0.0324,0.3346,0.0582
2022-08-05,1.0278,0.1556,0.023,0.3058,0.0778
2022-08-08,0.9896,0.149,0.0407,0.2915,0.0653
2022-08-09,0.9319,0.1528,0.0283,0.2596,0.0661
2022-08-16,0.9393,0.1781,0.1307,0.2402,0.1594
2022-08-17,0.9487,0.1185,0.0254,0.2253,0.0422
2022-08-18,1.1073,0.1237,0.016,0.2031,0.0371
2022-08-19,0.8877,0.1275,0.0299,0.2128,0.0383
2022-08-22,0.891,0.14,0.0266,0.2213,0.0382
2022-08-23,0.9993,0.1546,0.0276,0.2022,0.0369
2022-08-24,1.1012,0.1477,0.0324,0.2013,0.0403
2022-08-25,1.0513,0.1508,0.0279,0.1871,0.0433
2022-08-26,0.8682,0.1395,0.0362,0.237,0.047
2022-08-29,1.0589,0.1593,0.0319,0.2314,0.0416
2022-08-30,1.0731,0.1375,0.0373,0.2496,0.0449
2022-09-01,0.8727,0.17,0.0447,0.2398,0.0434
2022-09-02,0.8943,0.1906,0.0314,0.2344,0.0434
2022-09-05,0.9474,0.1907,0.0413,0.2371,0.0486
2022-09-06,0.8365,0.2029,0.0419,0.2499,0.0502
2022-09-07,1.0044,0.1681,0.0413,0.268,0.0415
2022-09-08,1.195,0.1654,0.0429,0.238,0.0535
2022-09-12,1.116,0.1916,0.0512,0.2217,0.0664
2022-09-13,0.9809,0.1625,0.0605,0.3107,0.0724
2022-09-20,0.9829,0.1938,0.1274,0.2991,0.1549
2022-09-21,0.8868,0.1863,0.0321,0.2411,0.0402
2022-09-22,0.7656,0.1854,0.0218,0.2206,0.0311
2022-09-23,0.8676,0.2014,0.0383,0.2315,0.0392
2022-09-26,0.9393,0.2067,0.0248,0.245,0.0414
2022-09-27,0.9678,0.2576,0.0478,0.221,0.0536
2022-09-29,0.9084,0.2342,0.0313,0.2458,0.0505
2022-09-30,0.8918,0.2385,0.0358,0.2768,0.0487
2022-10-03,1.078,0.2295,0.0426,0.2602,0.0543
2022-10-05,0.9983,0.2302,0.0462,0.2324,0.0678
2022-10-06,0.8833,0.208,0.0516,0.2573,0.0536
2022-10-07,0.8024,0.2692,0.088,0.2834,0.0609
2022-10-12,0.9659,0.2803,0.0537,0.3356,0.0645
2022-10-18,0.9722,0.2863,0.1608,0.4266,0.1991
2022-10-19,0.8229,0.19,0.0305,0.3234,0.033
2022-10-21,0.8839,0.2436,0.0268,0.2567,0.0392
2022-10-24,0.9369,0.2655,0.0378,0.2568,0.0465
2022-10-25,0.7556,0.2759,0.0379,0.2663,0.0473
2022-10-26,0.9823,0.2649,0.0315,0.2756,0.044
2022-10-27,1.0663,0.2458,0.0349,0.2599,0.0484
2022-10-28,0.7696,0.2379,0.0286,0.256,0.0408
2022-10-31,1.0768,0.2164,0.0257,0.2792,0.0397
2022-11-01,0.985,0.2178,0.0249,0.2646,0.0397
2022-11-02,0.8467,0.2139,0.04,0.2726,0.042
2022-11-03,0.8517,0.1672,0.0333,0.2747,0.042
2022-11-04,1.0967,0.2098,0.0441,0.2359,0.0575
2022-11-07,1.1948,0.2033,0.0421,0.2428,0.0616
2022-11-08,1.1287,0.1725,0.0637,0.2669,0.0732
2022-11-09,0.8124,0.197,0.0447,0.2357,0.0669
2022-11-10,1.0476,0.2775,0.1213,0.2489,0.0979
2022-11-11,0.9888,0.2902,0.1157,0.2898,0.158
2022-11-14,1.0634,0.2702,0.1875,0.4983,0.259
2022-11-15,0.9674,0.6798,0.3771,0.3675,0.3434
2022-11-17,0.8874,0.1783,0.0244,0.2633,0.0385
2022-11-18,0.9202,0.1932,0.0282,0.2346,0.0379
2022-11-21,0.8445,0.1974,0.0212,0.231,0.0342
2022-11-22,0.9587,0.18,0.0205,0.2212,0.0382
2022-11-24,0.8156,0.1742,0.0163,0.2079,0.0359
2022-11-25,0.8419,0.1619,0.0314,0.2366,0.037
2022-11-28,1.12,0.1484,0.0334,0.2501,0.0401
2022-11-29,1.0415,0.1438,0.0318,0.2568,0.0377
2022-11-30,0.8997,0.1782,0.0449,0.246,0.0491
2022-12-01,0.8599,0.1632,0.0263,0.2448,0.0371
2022-12-02,0.9314,0.1763,0.0379,0.2491,0.0448
2022-12-05,0.7466,0.2103,0.0533,0.2348,0.0548
2022-12-06,1.0872,0.2121,0.0363,0.2344,0.0502
2022-12-07,0.7729,0.1904,0.0288,0.2548,0.0351
2022-12-09,0.8358,0.1998,0.0418,0.2539,0.052
2022-12-13,1.0715,0.2398,0.087,0.2591,0.068
2022-12-14,0.9204,0.163,0.0384,0.2477,0.0519
2022-12-15,0.8146,0.1361,0.0551,0.2555,0.0651
2022-12-16,1.0267,0.1784,0.1135,0.2653,0.0756
2022-12-19,0.957,0.3839,0.2528,0.2681,0.1724
2022-12-21,1.0904,0.3438,0.2374,0.226,0.1183
2022-12-22,0.9518,0.1469,0.0225,0.2609,0.0294
2022-12-23,1.0836,0.1641,0.0131,0.2519,0.0363
2022-12-26,1.1182,0.1827,0.0202,0.2377,0.0511
2022-12-27,0.9256,0.1792,0.0181,0.2456,0.0349
2022-12-28,0.9937,0.1758,0.0203,0.2572,0.0304
2022-12-29,1.1047,0.2029,0.0247,0.2229,0.0412
2023-01-03,1.440465124,0.069112826,0.057404501,0.132043289,0.213096342
2023-01-04,0.770577382,0.070754221,0.057458304,0.072102381,0.246347107
2023-01-05,0.985231938,0.128425703,0.042653379,0.165699771,0.337088538
2023-01-06,1.131972924,0.102009983,0.049253821,0.166125029,0.339058337
2023-01-09,2.74441496,0.110052292,0.08283093,0.21003779,0.286060953
2023-01-10,1.035119545,0.113612891,0.079798978,0.133684487,0.299899488
2023-01-11,0.60523271,0.108032067,0.085649704,0.09958679,0.290867028
2023-01-12,0.898204574,0.292509898,0.063771238,0.286526803,0.394684691
2023-01-13,0.858546039,0.301688432,0.062952512,0.285253093,0.492229129
2023-01-16,0.983277642,0.35660927,0.099357279,0.45997416,0.849219904
2023-01-17,0.964684103,0.483199908,0.16643519,0.587290058,0.869036501
2023-01-30,1.869408474,0.066648587,0.064630138,0.138374484,0.204932655
2023-01-31,0.508167748,0.110762231,0.064551312,0.10474619,0.398102479
2023-02-01,2.723660647,0.088691608,0.061025267,0.093657167,0.209282609
2023-02-02,1.237314711,0.091815343,0.040739747,0.17238979,0.258851635
2023-02-03,1.018922039,0.102576423,0.040491986,0.140044879,0.354108326
2023-02-06,0.639408999,0.142329798,0.056431145,0.110339196,0.424807852
2023-02-07,1.013287948,0.08955478,0.058605577,0.110854266,0.224791084
2023-02-08,3.243127021,0.107458213,0.090036837,0.132854776,0.256423027
2023-02-09,0.999714097,0.160917204,0.054804545,0.213215358,0.369275493
2023-02-10,0.916336167,0.197187069,0.078170862,0.200161961,0.409832982
2023-02-13,0.859958899,0.256658637,0.11171257,0.330809755,0.70391634
2023-02-14,1.166831281,0.298308715,0.176347262,0.434082005,0.900495606
2023-02-16,1.246951204,0.071022659,0.03761371,0.121400231,0.251562004
2023-02-17,0.950624146,0.070798864,0.034957023,0.09640964,0.194422824
2023-02-20,1.442381975,0.051600882,0.041270533,0.101588868,0.249142604
2023-02-21,1.274298187,0.044111976,0.043372464,0.082628686,0.269907215
2023-02-22,1.203584082,0.057152598,0.047307905,0.060275498,0.149146436
2023-02-23,1.435796713,0.07387726,0.044682447,0.130111533,0.187103818
2023-02-24,0.839818855,0.108436194,0.040280965,0.076891335,0.175730091
2023-03-01,2.665791519,0.074828574,0.050638201,0.114588181,0.205215006
2023-03-02,0.992355158,0.09933529,0.032686277,0.150775898,0.159402679
2023-03-03,1.116623243,0.108208547,0.040736317,0.131973867,0.216328028
2023-03-06,1.303718024,0.097420345,0.055907897,0.150238595,0.406233049
2023-03-07,1.518104656,0.08011147,0.062622877,0.129759145,0.373045344
2023-03-08,1.240992631,0.079153452,0.065499718,0.097776496,0.261935308
2023-03-09,0.918690667,0.173203565,0.055267485,0.181474584,0.402070037
2023-03-10,0.63176426,0.211070595,0.081701403,0.203303439,0.359589536
2023-03-13,1.019662421,0.196704195,0.122747876,0.393004402,0.564404942
2023-03-14,0.805764387,0.39150592,0.173988886,0.418816792,0.945087843
2023-03-16,1.009748714,0.08330918,0.035971981,0.119728359,0.146635053
2023-03-17,1.66226949,0.049879693,0.040287118,0.117652808,0.166928635
2023-03-20,1.220806894,0.05418131,0.037032705,0.082949016,0.1499847
2023-03-21,2.207327016,0.041920527,0.044092539,0.085659257,0.180725759
2023-03-22,5.626522554,0.071048746,0.045679147,0.077807186,0.125298793
2023-03-23,1.35756697,0.067311502,0.033182204,0.129354762,0.19688643
2023-03-24,1.220290328,0.069638458,0.032073342,0.103737409,0.171504418
2023-03-27,1.003351566,0.072756002,0.032948827,0.08146864,0.147404958
2023-03-28,0.667036821,0.065571348,0.03764536,0.067247571,0.219643596
2023-03-29,2.039714155,0.045122646,0.044821286,0.058583765,0.165635724
2023-03-30,1.288034067,0.078001632,0.031083092,0.126109098,0.238214773
2023-03-31,1.099482812,0.090478268,0.033305371,0.101063834,0.216293952
2023-04-06,1.519639118,0.084882612,0.053572841,0.078127918,0.183685089
2023-04-07,1.158844947,0.090498145,0.040661932,0.123895936,0.27578148
2023-04-10,1.228915736,0.087367847,0.049008441,0.118548569,0.339945058
2023-04-11,1.319964834,0.07279376,0.054022989,0.120270601,0.284325438
2023-04-12,1.316396193,0.067042375,0.058556754,0.083816409,0.290296314
2023-04-13,0.766359134,0.177002928,0.056952421,0.14284621,0.442499701
2023-04-14,1.204393385,0.11830454,0.071523378,0.191035076,0.50611365
2023-04-17,1.073711316,0.14853742,0.122949111,0.246964634,0.593680009
2023-04-18,0.714051975,0.266015546,0.142485251,0.258679217,1.235128723
2023-04-20,0.851500162,0.077522974,0.029336228,0.087860724,0.242527869
2023-04-21,0.631179927,0.08176937,0.033445474,0.073637397,0.306116936
2023-04-24,0.955098306,0.051195112,0.033768697,0.075665391,0.188599222
2023-04-25,0.40309809,0.077727423,0.042395902,0.079256876,0.286402333
2023-04-26,1.459477405,0.04764499,0.049493794,0.058356626,0.12311963
2023-04-27,1.003729642,0.071224451,0.035483819,0.110473973,0.179013019
2023-04-28,1.427196414,0.056020555,0.03850717,0.106931735,0.155933494
2023-05-02,1.566486622,0.050409204,0.043024747,0.087555466,0.171433114
2023-05-03,0.979023961,0.047904586,0.044955087,0.061111155,0.167088169
2023-05-04,1.19726557,0.079712089,0.027820936,0.139838249,0.184382889
2023-05-05,1.090264108,0.08487803,0.032812402,0.11791013,0.195131057
2023-05-08,1.240773888,0.088260057,0.047748543,0.1060831,0.268957733
2023-05-09,1.170391736,0.061679834,0.050219593,0.100415703,0.30573779
2023-05-10,0.879974275,0.070415408,0.05346556,0.090235301,0.347631991
2023-05-11,0.810009756,0.159619113,0.047309323,0.12967076,0.314876751
2023-05-12,1.017929049,0.10986422,0.050637681,0.177440658,0.409200843
2023-05-15,1.026956286,0.159873076,0.078345463,0.215415996,0.686029739
2023-05-16,1.661423551,0.191428211,0.146167025,0.328140555,0.897767098
2023-05-18,1.131007171,0.05943719,0.028081514,0.096682243,0.208526766
2023-05-19,0.898981233,0.064662819,0.024632751,0.080156653,0.156568061
2023-05-22,1.02924586,0.048363466,0.025953007,0.069830039,0.15879737
2023-05-23,1.16394932,0.039400576,0.030220093,0.056231168,0.142336964
2023-05-24,1.960803755,0.037722728,0.032096317,0.048534888,0.13633604
2023-05-25,1.272316061,0.05138652,0.028380164,0.114394806,0.211106839
2023-05-26,1.398472855,0.058746619,0.033547037,0.109576725,0.207970394
2023-05-29,1.068463745,0.066302749,0.034085294,0.084636811,0.14618803
2023-05-30,0.997875385,0.047397075,0.033181707,0.064800048,0.214004054
2023-05-31,0.742059531,0.056667302,0.040453809,0.049771229,0.106411988
2023-06-01,0.966294994,0.087254185,0.022421843,0.10358197,0.211422005
2023-06-02,1.299703156,0.072378405,0.033554173,0.11253908,0.258967448
2023-06-05,0.843527925,0.092591808,0.03446972,0.081483043,0.236034719
2023-06-06,1.12626992,0.048793329,0.033025212,0.075984201,0.221076704
2023-06-07,3.860061417,0.070257227,0.045671306,0.07846312,0.193785235
2023-06-08,0.709670026,0.123149385,0.037163831,0.101769114,0.30172472
2023-06-09,1.159498351,0.072019186,0.03236552,0.128305837,0.275100407
2023-06-12,1.085948122,0.083105173,0.033182347,0.114188573,0.260153956
2023-06-13,1.505613007,0.082182199,0.053897391,0.134628684,0.269744671
2023-06-14,0.878624615,0.073306024,0.053296635,0.081559341,0.202250776
2023-06-15,1.025151396,0.111578016,0.045111414,0.21399115,0.408559907
2023-06-16,0.878570211,0.14072319,0.047845077,0.18197274,0.499784478
2023-06-19,0.984755856,0.151703123,0.076809605,0.253602879,0.792334693
2023-06-20,0.892881269,0.193977044,0.134899348,0.266033503,1.150127926
2023-06-26,0.970850761,0.058642012,0.033243502,0.080067207,0.203757391
2023-06-27,0.639784437,0.058907032,0.031512528,0.061704036,0.178042159
2023-06-28,1.111840713,0.029357647,0.028921884,0.050179381,0.176316766
2023-06-29,1.110431518,0.058902211,0.034629468,0.116807334,0.24657861
2023-06-30,1.555983377,0.047921263,0.035567541,0.121567273,0.193432324
