年月日,收盤價(元),FILE,contract,contractExpirydate,maturity,RF
20220103,18270.51,OptionsDaily_2022_01_03.csv,202201,2022/01/19,16,0.0084
20220104,18526.35,OptionsDaily_2022_01_04.csv,202201,2022/01/19,15,0.0084
20220105,18499.96,OptionsDaily_2022_01_05.csv,202201,2022/01/19,14,0.0084
20220106,18367.92,OptionsDaily_2022_01_06.csv,202201,2022/01/19,13,0.0084
20220107,18169.76,OptionsDaily_2022_01_07.csv,202201,2022/01/19,12,0.0084
20220110,18239.38,OptionsDaily_2022_01_10.csv,202201,2022/01/19,9,0.0084
20220111,18288.21,OptionsDaily_2022_01_11.csv,202201,2022/01/19,8,0.0084
20220112,18375.4,OptionsDaily_2022_01_12.csv,202201,2022/01/19,7,0.0084
20220113,18436.93,OptionsDaily_2022_01_13.csv,202201,2022/01/19,6,0.0084
20220114,18403.33,OptionsDaily_2022_01_14.csv,202201,2022/01/19,5,0.0084
20220117,18525.44,OptionsDaily_2022_01_17.csv,202201,2022/01/19,2,0.0084
20220118,18378.64,OptionsDaily_2022_01_18.csv,202201,2022/01/19,1,0.0084
20220119,18227.46,OptionsDaily_2022_01_19.csv,202202,2022/02/16,28,0.0084
20220120,18218.28,OptionsDaily_2022_01_20.csv,202202,2022/02/16,27,0.0084
20220121,17899.3,OptionsDaily_2022_01_21.csv,202202,2022/02/16,26,0.0084
20220124,17989.04,OptionsDaily_2022_01_24.csv,202202,2022/02/16,23,0.0084
20220125,17701.12,OptionsDaily_2022_01_25.csv,202202,2022/02/16,22,0.0084
20220126,17674.4,OptionsDaily_2022_01_26.csv,202202,2022/02/16,21,0.0084
20220207,17900.3,OptionsDaily_2022_02_07.csv,202202,2022/02/16,9,0.0084
20220208,17966.56,OptionsDaily_2022_02_08.csv,202202,2022/02/16,8,0.0084
20220209,18151.76,OptionsDaily_2022_02_09.csv,202202,2022/02/16,7,0.0084
20220210,18338.05,OptionsDaily_2022_02_10.csv,202202,2022/02/16,6,0.0084
20220211,18310.94,OptionsDaily_2022_02_11.csv,202202,2022/02/16,5,0.0084
20220214,17997.67,OptionsDaily_2022_02_14.csv,202202,2022/02/16,2,0.0084
20220215,17951.81,OptionsDaily_2022_02_15.csv,202202,2022/02/16,1,0.0084
20220216,18231.47,OptionsDaily_2022_02_16.csv,202203,2022/03/16,28,0.0084
20220217,18268.57,OptionsDaily_2022_02_17.csv,202203,2022/03/16,27,0.0084
20220218,18232.35,OptionsDaily_2022_02_18.csv,202203,2022/03/16,26,0.0084
20220221,18221.49,OptionsDaily_2022_02_21.csv,202203,2022/03/16,23,0.0084
20220222,17969.29,OptionsDaily_2022_02_22.csv,202203,2022/03/16,22,0.0084
20220223,18055.73,OptionsDaily_2022_02_23.csv,202203,2022/03/16,21,0.0084
20220224,17594.55,OptionsDaily_2022_02_24.csv,202203,2022/03/16,20,0.0084
20220225,17652.18,OptionsDaily_2022_02_25.csv,202203,2022/03/16,19,0.0084
20220301,17898.25,OptionsDaily_2022_03_01.csv,202203,2022/03/16,15,0.0084
20220302,17867.6,OptionsDaily_2022_03_02.csv,202203,2022/03/16,14,0.0084
20220303,17934.4,OptionsDaily_2022_03_03.csv,202203,2022/03/16,13,0.0084
20220304,17736.52,OptionsDaily_2022_03_04.csv,202203,2022/03/16,12,0.0084
20220307,17178.69,OptionsDaily_2022_03_07.csv,202203,2022/03/16,9,0.0084
20220308,16825.25,OptionsDaily_2022_03_08.csv,202203,2022/03/16,8,0.0084
20220309,17015.36,OptionsDaily_2022_03_09.csv,202203,2022/03/16,7,0.0084
20220310,17433.2,OptionsDaily_2022_03_10.csv,202203,2022/03/16,6,0.0084
20220311,17264.74,OptionsDaily_2022_03_11.csv,202203,2022/03/16,5,0.0084
20220314,17263.04,OptionsDaily_2022_03_14.csv,202203,2022/03/16,2,0.0084
20220315,16926.06,OptionsDaily_2022_03_15.csv,202203,2022/03/16,1,0.0084
20220316,16940.83,OptionsDaily_2022_03_16.csv,202204,2022/04/20,35,0.0084
20220317,17448.22,OptionsDaily_2022_03_17.csv,202204,2022/04/20,34,0.0084
20220318,17456.52,OptionsDaily_2022_03_18.csv,202204,2022/04/20,33,0.0084
20220321,17560.36,OptionsDaily_2022_03_21.csv,202204,2022/04/20,30,0.0109
20220322,17559.71,OptionsDaily_2022_03_22.csv,202204,2022/04/20,29,0.0109
20220323,17731.37,OptionsDaily_2022_03_23.csv,202204,2022/04/20,28,0.0109
20220324,17699.06,OptionsDaily_2022_03_24.csv,202204,2022/04/20,27,0.0109
20220325,17676.95,OptionsDaily_2022_03_25.csv,202204,2022/04/20,26,0.0109
20220328,17520.01,OptionsDaily_2022_03_28.csv,202204,2022/04/20,23,0.0109
20220329,17548.66,OptionsDaily_2022_03_29.csv,202204,2022/04/20,22,0.0109
20220330,17740.56,OptionsDaily_2022_03_30.csv,202204,2022/04/20,21,0.0109
20220331,17693.47,OptionsDaily_2022_03_31.csv,202204,2022/04/20,20,0.0109
20220401,17625.59,OptionsDaily_2022_04_01.csv,202204,2022/04/20,19,0.0109
20220406,17522.5,OptionsDaily_2022_04_06.csv,202204,2022/04/20,14,0.0109
20220407,17178.63,OptionsDaily_2022_04_07.csv,202204,2022/04/20,13,0.0109
20220408,17284.54,OptionsDaily_2022_04_08.csv,202204,2022/04/20,12,0.0109
20220411,17048.37,OptionsDaily_2022_04_11.csv,202204,2022/04/20,9,0.0109
20220412,16990.91,OptionsDaily_2022_04_12.csv,202204,2022/04/20,8,0.0109
20220413,17301.65,OptionsDaily_2022_04_13.csv,202204,2022/04/20,7,0.0109
20220414,17245.65,OptionsDaily_2022_04_14.csv,202204,2022/04/20,6,0.0109
20220415,17004.18,OptionsDaily_2022_04_15.csv,202204,2022/04/20,5,0.0109
20220418,16898.87,OptionsDaily_2022_04_18.csv,202204,2022/04/20,2,0.0109
20220419,16993.4,OptionsDaily_2022_04_19.csv,202204,2022/04/20,1,0.0109
20220420,17148.88,OptionsDaily_2022_04_20.csv,202205,2022/05/18,28,0.0109
20220421,17127.95,OptionsDaily_2022_04_21.csv,202205,2022/05/18,27,0.0109
20220422,17025.09,OptionsDaily_2022_04_22.csv,202205,2022/05/18,26,0.0109
20220425,16620.9,OptionsDaily_2022_04_25.csv,202205,2022/05/18,23,0.0109
20220426,16644.79,OptionsDaily_2022_04_26.csv,202205,2022/05/18,22,0.0109
20220427,16303.35,OptionsDaily_2022_04_27.csv,202205,2022/05/18,21,0.0109
20220428,16419.38,OptionsDaily_2022_04_28.csv,202205,2022/05/18,20,0.0109
20220429,16592.18,OptionsDaily_2022_04_29.csv,202205,2022/05/18,19,0.0109
20220503,16498.9,OptionsDaily_2022_05_03.csv,202205,2022/05/18,15,0.0109
20220504,16565.83,OptionsDaily_2022_05_04.csv,202205,2022/05/18,14,0.0109
20220505,16696.12,OptionsDaily_2022_05_05.csv,202205,2022/05/18,13,0.0109
20220506,16408.2,OptionsDaily_2022_05_06.csv,202205,2022/05/18,12,0.0109
20220509,16048.92,OptionsDaily_2022_05_09.csv,202205,2022/05/18,9,0.0109
20220510,16061.7,OptionsDaily_2022_05_10.csv,202205,2022/05/18,8,0.0109
20220511,16006.25,OptionsDaily_2022_05_11.csv,202205,2022/05/18,7,0.0109
20220512,15616.68,OptionsDaily_2022_05_12.csv,202205,2022/05/18,6,0.0109
20220513,15832.54,OptionsDaily_2022_05_13.csv,202205,2022/05/18,5,0.0109
20220516,15901.04,OptionsDaily_2022_05_16.csv,202205,2022/05/18,2,0.0109
20220517,16056.09,OptionsDaily_2022_05_17.csv,202205,2022/05/18,1,0.0109
20220518,16296.86,OptionsDaily_2022_05_18.csv,202206,2022/06/15,28,0.0109
20220519,16020.32,OptionsDaily_2022_05_19.csv,202206,2022/06/15,27,0.0109
20220520,16144.85,OptionsDaily_2022_05_20.csv,202206,2022/06/15,26,0.0109
20220523,16156.41,OptionsDaily_2022_05_23.csv,202206,2022/06/15,23,0.0109
20220524,15963.63,OptionsDaily_2022_05_24.csv,202206,2022/06/15,22,0.0109
20220525,16104.03,OptionsDaily_2022_05_25.csv,202206,2022/06/15,21,0.0109
20220526,15968.83,OptionsDaily_2022_05_26.csv,202206,2022/06/15,20,0.0109
20220527,16266.22,OptionsDaily_2022_05_27.csv,202206,2022/06/15,19,0.0109
20220530,16610.62,OptionsDaily_2022_05_30.csv,202206,2022/06/15,16,0.0109
20220531,16807.77,OptionsDaily_2022_05_31.csv,202206,2022/06/15,15,0.0109
20220601,16675.09,OptionsDaily_2022_06_01.csv,202206,2022/06/15,14,0.0109
20220602,16552.57,OptionsDaily_2022_06_02.csv,202206,2022/06/15,13,0.0109
20220606,16605.96,OptionsDaily_2022_06_06.csv,202206,2022/06/15,9,0.0109
20220607,16512.88,OptionsDaily_2022_06_07.csv,202206,2022/06/15,8,0.0109
20220608,16670.51,OptionsDaily_2022_06_08.csv,202206,2022/06/15,7,0.0109
20220609,16621.34,OptionsDaily_2022_06_09.csv,202206,2022/06/15,6,0.0109
20220610,16460.12,OptionsDaily_2022_06_10.csv,202206,2022/06/15,5,0.0109
20220613,16070.98,OptionsDaily_2022_06_13.csv,202206,2022/06/15,2,0.0109
20220614,16047.37,OptionsDaily_2022_06_14.csv,202206,2022/06/15,1,0.0109
20220615,15999.25,OptionsDaily_2022_06_15.csv,202207,2022/07/20,35,0.0109
20220616,15838.61,OptionsDaily_2022_06_16.csv,202207,2022/07/20,34,0.0109
20220617,15641.26,OptionsDaily_2022_06_17.csv,202207,2022/07/20,33,0.0109
20220620,15367.58,OptionsDaily_2022_06_20.csv,202207,2022/07/20,30,0.01215
20220621,15728.64,OptionsDaily_2022_06_21.csv,202207,2022/07/20,29,0.01215
20220622,15347.75,OptionsDaily_2022_06_22.csv,202207,2022/07/20,28,0.01215
20220623,15176.44,OptionsDaily_2022_06_23.csv,202207,2022/07/20,27,0.01215
20220624,15303.32,OptionsDaily_2022_06_24.csv,202207,2022/07/20,26,0.01215
20220627,15548.01,OptionsDaily_2022_06_27.csv,202207,2022/07/20,23,0.01215
20220628,15439.92,OptionsDaily_2022_06_28.csv,202207,2022/07/20,22,0.01215
20220629,15240.13,OptionsDaily_2022_06_29.csv,202207,2022/07/20,21,0.01215
20220630,14825.73,OptionsDaily_2022_06_30.csv,202207,2022/07/20,20,0.01215
20220701,14343.08,OptionsDaily_2022_07_01.csv,202207,2022/07/20,19,0.01215
20220704,14217.06,OptionsDaily_2022_07_04.csv,202207,2022/07/20,16,0.01215
20220705,14349.2,OptionsDaily_2022_07_05.csv,202207,2022/07/20,15,0.01215
20220706,13985.51,OptionsDaily_2022_07_06.csv,202207,2022/07/20,14,0.01215
20220707,14336.27,OptionsDaily_2022_07_07.csv,202207,2022/07/20,13,0.01215
20220708,14464.53,OptionsDaily_2022_07_08.csv,202207,2022/07/20,12,0.01215
20220711,14340.53,OptionsDaily_2022_07_11.csv,202207,2022/07/20,9,0.01215
20220712,13950.62,OptionsDaily_2022_07_12.csv,202207,2022/07/20,8,0.01215
20220713,14324.68,OptionsDaily_2022_07_13.csv,202207,2022/07/20,7,0.01215
20220714,14438.52,OptionsDaily_2022_07_14.csv,202207,2022/07/20,6,0.01215
20220715,14550.62,OptionsDaily_2022_07_15.csv,202207,2022/07/20,5,0.01215
20220718,14719.64,OptionsDaily_2022_07_18.csv,202207,2022/07/20,2,0.01215
20220719,14694.08,OptionsDaily_2022_07_19.csv,202207,2022/07/20,1,0.01215
20220720,14733.22,OptionsDaily_2022_07_20.csv,202208,2022/08/17,28,0.01215
20220721,14937.7,OptionsDaily_2022_07_21.csv,202208,2022/08/17,27,0.01215
20220722,14949.36,OptionsDaily_2022_07_22.csv,202208,2022/08/17,26,0.01215
20220725,14936.33,OptionsDaily_2022_07_25.csv,202208,2022/08/17,23,0.01215
20220726,14806.78,OptionsDaily_2022_07_26.csv,202208,2022/08/17,22,0.01215
20220727,14921.59,OptionsDaily_2022_07_27.csv,202208,2022/08/17,21,0.01215
20220728,14891.9,OptionsDaily_2022_07_28.csv,202208,2022/08/17,20,0.01215
20220729,15000.07,OptionsDaily_2022_07_29.csv,202208,2022/08/17,19,0.01215
20220801,14981.69,OptionsDaily_2022_08_01.csv,202208,2022/08/17,16,0.01215
20220802,14747.23,OptionsDaily_2022_08_02.csv,202208,2022/08/17,15,0.01215
20220803,14777.02,OptionsDaily_2022_08_03.csv,202208,2022/08/17,14,0.01215
20220804,14702.2,OptionsDaily_2022_08_04.csv,202208,2022/08/17,13,0.01215
20220805,15036.04,OptionsDaily_2022_08_05.csv,202208,2022/08/17,12,0.01215
20220808,15020.41,OptionsDaily_2022_08_08.csv,202208,2022/08/17,9,0.01215
20220809,15050.28,OptionsDaily_2022_08_09.csv,202208,2022/08/17,8,0.01215
20220810,14939.02,OptionsDaily_2022_08_10.csv,202208,2022/08/17,7,0.01215
20220811,15197.85,OptionsDaily_2022_08_11.csv,202208,2022/08/17,6,0.01215
20220812,15288.97,OptionsDaily_2022_08_12.csv,202208,2022/08/17,5,0.01215
20220815,15417.35,OptionsDaily_2022_08_15.csv,202208,2022/08/17,2,0.01215
20220816,15420.57,OptionsDaily_2022_08_16.csv,202208,2022/08/17,1,0.01215
20220817,15465.45,OptionsDaily_2022_08_17.csv,202209,2022/09/21,35,0.01215
20220818,15396.76,OptionsDaily_2022_08_18.csv,202209,2022/09/21,34,0.01215
20220819,15408.78,OptionsDaily_2022_08_19.csv,202209,2022/09/21,33,0.01215
20220822,15245.14,OptionsDaily_2022_08_22.csv,202209,2022/09/21,30,0.01215
20220823,15095.89,OptionsDaily_2022_08_23.csv,202209,2022/09/21,29,0.01215
20220824,15069.19,OptionsDaily_2022_08_24.csv,202209,2022/09/21,28,0.01215
20220825,15200.04,OptionsDaily_2022_08_25.csv,202209,2022/09/21,27,0.01215
20220826,15278.44,OptionsDaily_2022_08_26.csv,202209,2022/09/21,26,0.01215
20220829,14926.19,OptionsDaily_2022_08_29.csv,202209,2022/09/21,23,0.01215
20220830,14953.63,OptionsDaily_2022_08_30.csv,202209,2022/09/21,22,0.01215
20220831,15095.44,OptionsDaily_2022_08_31.csv,202209,2022/09/21,21,0.01215
20220901,14801.86,OptionsDaily_2022_09_01.csv,202209,2022/09/21,20,0.01215
20220902,14673.04,OptionsDaily_2022_09_02.csv,202209,2022/09/21,19,0.01215
20220905,14661.1,OptionsDaily_2022_09_05.csv,202209,2022/09/21,16,0.01215
20220906,14677.2,OptionsDaily_2022_09_06.csv,202209,2022/09/21,15,0.01215
20220907,14410.05,OptionsDaily_2022_09_07.csv,202209,2022/09/21,14,0.01215
20220908,14583.42,OptionsDaily_2022_09_08.csv,202209,2022/09/21,13,0.01215
20220912,14807.43,OptionsDaily_2022_09_12.csv,202209,2022/09/21,9,0.01215
20220913,14894.41,OptionsDaily_2022_09_13.csv,202209,2022/09/21,8,0.01215
20220914,14658.31,OptionsDaily_2022_09_14.csv,202209,2022/09/21,7,0.01215
20220915,14670.04,OptionsDaily_2022_09_15.csv,202209,2022/09/21,6,0.01215
20220916,14561.76,OptionsDaily_2022_09_16.csv,202209,2022/09/21,5,0.01215
20220919,14425.68,OptionsDaily_2022_09_19.csv,202209,2022/09/21,2,0.01215
20220920,14549.3,OptionsDaily_2022_09_20.csv,202209,2022/09/21,1,0.01215
20220921,14424.52,OptionsDaily_2022_09_21.csv,202210,2022/10/19,28,0.01215
20220922,14284.63,OptionsDaily_2022_09_22.csv,202210,2022/10/19,27,0.01215
20220923,14118.38,OptionsDaily_2022_09_23.csv,202210,2022/10/19,26,0.01215
20220926,13778.19,OptionsDaily_2022_09_26.csv,202210,2022/10/19,23,0.0134
20220927,13826.59,OptionsDaily_2022_09_27.csv,202210,2022/10/19,22,0.0134
20220928,13466.07,OptionsDaily_2022_09_28.csv,202210,2022/10/19,21,0.0134
20220929,13534.26,OptionsDaily_2022_09_29.csv,202210,2022/10/19,20,0.0134
20220930,13424.58,OptionsDaily_2022_09_30.csv,202210,2022/10/19,19,0.0134
20221003,13300.48,OptionsDaily_2022_10_03.csv,202210,2022/10/19,16,0.0134
20221004,13576.52,OptionsDaily_2022_10_04.csv,202210,2022/10/19,15,0.0134
20221005,13801.43,OptionsDaily_2022_10_05.csv,202210,2022/10/19,14,0.0134
20221006,13892.05,OptionsDaily_2022_10_06.csv,202210,2022/10/19,13,0.0134
20221007,13702.28,OptionsDaily_2022_10_07.csv,202210,2022/10/19,12,0.0134
20221011,13106.03,OptionsDaily_2022_10_11.csv,202210,2022/10/19,8,0.0134
20221012,13081.24,OptionsDaily_2022_10_12.csv,202210,2022/10/19,7,0.0134
20221013,12810.73,OptionsDaily_2022_10_13.csv,202210,2022/10/19,6,0.0134
20221014,13128.12,OptionsDaily_2022_10_14.csv,202210,2022/10/19,5,0.0134
20221017,12966.05,OptionsDaily_2022_10_17.csv,202210,2022/10/19,2,0.0134
20221018,13124.68,OptionsDaily_2022_10_18.csv,202210,2022/10/19,1,0.0134
20221019,12976.76,OptionsDaily_2022_10_19.csv,202211,2022/11/16,28,0.0134
20221020,12946.1,OptionsDaily_2022_10_20.csv,202211,2022/11/16,27,0.0134
20221021,12819.2,OptionsDaily_2022_10_21.csv,202211,2022/11/16,26,0.0134
20221024,12856.98,OptionsDaily_2022_10_24.csv,202211,2022/11/16,23,0.0134
20221025,12666.12,OptionsDaily_2022_10_25.csv,202211,2022/11/16,22,0.0134
20221026,12729.05,OptionsDaily_2022_10_26.csv,202211,2022/11/16,21,0.0134
20221027,12926.37,OptionsDaily_2022_10_27.csv,202211,2022/11/16,20,0.0134
20221028,12788.42,OptionsDaily_2022_10_28.csv,202211,2022/11/16,19,0.0134
20221031,12949.75,OptionsDaily_2022_10_31.csv,202211,2022/11/16,16,0.0134
20221101,13037.21,OptionsDaily_2022_11_01.csv,202211,2022/11/16,15,0.0134
20221102,13100.17,OptionsDaily_2022_11_02.csv,202211,2022/11/16,14,0.0134
20221103,12986.6,OptionsDaily_2022_11_03.csv,202211,2022/11/16,13,0.0134
20221104,13026.71,OptionsDaily_2022_11_04.csv,202211,2022/11/16,12,0.0134
20221107,13223.73,OptionsDaily_2022_11_07.csv,202211,2022/11/16,9,0.0134
20221108,13347.76,OptionsDaily_2022_11_08.csv,202211,2022/11/16,8,0.0134
20221109,13638.81,OptionsDaily_2022_11_09.csv,202211,2022/11/16,7,0.0134
20221110,13503.76,OptionsDaily_2022_11_10.csv,202211,2022/11/16,6,0.0134
20221111,14007.56,OptionsDaily_2022_11_11.csv,202211,2022/11/16,5,0.0134
20221114,14174.9,OptionsDaily_2022_11_14.csv,202211,2022/11/16,2,0.0134
20221115,14546.31,OptionsDaily_2022_11_15.csv,202211,2022/11/16,1,0.0134
20221116,14537.35,OptionsDaily_2022_11_16.csv,202212,2022/12/21,35,0.0134
20221117,14535.23,OptionsDaily_2022_11_17.csv,202212,2022/12/21,34,0.0134
20221118,14504.99,OptionsDaily_2022_11_18.csv,202212,2022/12/21,33,0.0134
20221121,14449.39,OptionsDaily_2022_11_21.csv,202212,2022/12/21,30,0.0134
20221122,14542.2,OptionsDaily_2022_11_22.csv,202212,2022/12/21,29,0.0134
20221123,14608.54,OptionsDaily_2022_11_23.csv,202212,2022/12/21,28,0.0134
20221124,14784,OptionsDaily_2022_11_24.csv,202212,2022/12/21,27,0.0134
20221125,14778.51,OptionsDaily_2022_11_25.csv,202212,2022/12/21,26,0.0134
20221128,14556.87,OptionsDaily_2022_11_28.csv,202212,2022/12/21,23,0.0134
20221129,14709.64,OptionsDaily_2022_11_29.csv,202212,2022/12/21,22,0.0134
20221130,14879.55,OptionsDaily_2022_11_30.csv,202212,2022/12/21,21,0.0134
20221201,15012.8,OptionsDaily_2022_12_01.csv,202212,2022/12/21,20,0.0134
20221202,14970.68,OptionsDaily_2022_12_02.csv,202212,2022/12/21,19,0.0134
20221205,14980.74,OptionsDaily_2022_12_05.csv,202212,2022/12/21,16,0.0134
20221206,14728.88,OptionsDaily_2022_12_06.csv,202212,2022/12/21,15,0.0134
20221207,14630.01,OptionsDaily_2022_12_07.csv,202212,2022/12/21,14,0.0134
20221208,14553.04,OptionsDaily_2022_12_08.csv,202212,2022/12/21,13,0.0134
20221209,14705.43,OptionsDaily_2022_12_09.csv,202212,2022/12/21,12,0.0134
20221212,14612.59,OptionsDaily_2022_12_12.csv,202212,2022/12/21,9,0.0134
20221213,14522.96,OptionsDaily_2022_12_13.csv,202212,2022/12/21,8,0.0134
20221214,14739.36,OptionsDaily_2022_12_14.csv,202212,2022/12/21,7,0.0134
20221215,14734.13,OptionsDaily_2022_12_15.csv,202212,2022/12/21,6,0.0134
20221216,14528.55,OptionsDaily_2022_12_16.csv,202212,2022/12/21,5,0.0134
20221219,14433.32,OptionsDaily_2022_12_19.csv,202212,2022/12/21,2,0.01465
20221220,14170.03,OptionsDaily_2022_12_20.csv,202212,2022/12/21,1,0.01465
20221221,14234.4,OptionsDaily_2022_12_21.csv,202301,2023/01/30,40,0.01465
20221222,14442.94,OptionsDaily_2022_12_22.csv,202301,2023/01/30,39,0.01465
20221223,14271.63,OptionsDaily_2022_12_23.csv,202301,2023/01/30,38,0.01465
20221226,14285.13,OptionsDaily_2022_12_26.csv,202301,2023/01/30,35,0.01465
20221227,14328.43,OptionsDaily_2022_12_27.csv,202301,2023/01/30,34,0.01465
20221228,14173.1,OptionsDaily_2022_12_28.csv,202301,2023/01/30,33,0.01465
20221229,14085.02,OptionsDaily_2022_12_29.csv,202301,2023/01/30,32,0.01465
20221230,14137.69,OptionsDaily_2022_12_30.csv,202301,2023/01/30,31,0.01465