term,pattern_type,category,action,enabled,risk_level,reason,example
如主文所示,literal,outcome_phrase,remove,TRUE,high,直接引用判決主文或刑度結果,量處如主文所示之刑
判決如下,literal,boundary_marker,remove,TRUE,high,常出現在主文或判決結論前後,經本院依簡式審判程序判決如下
據上論結,literal,boundary_marker,remove,TRUE,high,判決結論段落開頭,據上論結本件上訴為無理由
爰判決,literal,boundary_marker,remove,TRUE,high,判決結論段落用語,爰判決如下
爰裁定,literal,boundary_marker,remove,TRUE,medium,裁定結論段落用語,爰裁定命其參加訴訟
不得上訴,literal,outcome_phrase,remove,TRUE,high,直接透露裁判終局性,本判決不得上訴
不得抗告,literal,outcome_phrase,remove,TRUE,high,直接透露裁判終局性,本裁定不得抗告
訴訟費用由,literal,cost_allocation,remove,TRUE,high,費用負擔常直接透露勝敗,訴訟費用由被告負擔
訴訟費用由被告負擔,literal,cost_allocation,remove,TRUE,high,費用負擔常直接透露勝敗,訴訟費用由被告負擔
訴訟費用由原告負擔,literal,cost_allocation,remove,TRUE,high,費用負擔常直接透露勝敗,訴訟費用由原告負擔
訴訟費用由上訴人負擔,literal,cost_allocation,remove,TRUE,high,費用負擔常直接透露上訴結果,訴訟費用由上訴人負擔
訴訟費用由被上訴人負擔,literal,cost_allocation,remove,TRUE,high,費用負擔常直接透露上訴結果,訴訟費用由被上訴人負擔
原告之訴駁回,literal,outcome_phrase,remove,TRUE,high,直接透露原告敗訴,原告之訴及假執行之聲請均駁回
原告其餘之訴駁回,literal,outcome_phrase,remove,TRUE,high,直接透露部分駁回,原告其餘之訴駁回
其餘之訴駁回,literal,outcome_phrase,remove,TRUE,high,直接透露部分駁回,其餘之訴駁回
上訴駁回,literal,outcome_phrase,remove,TRUE,high,直接透露上訴結果,上訴駁回
請求駁回,literal,outcome_phrase,remove,TRUE,high,直接透露請求被駁回,請求駁回原告之訴
假執行之聲請駁回,literal,outcome_phrase,remove,TRUE,high,直接透露假執行准駁結果,假執行之聲請駁回
應予駁回,literal,outcome_phrase,remove,TRUE,high,判斷結論語,其上訴為無理由應予駁回
應予准許,literal,outcome_phrase,remove,TRUE,high,判斷結論語,尚無不合應予准許
應予維持,literal,judgment_reasoning,remove,TRUE,high,判斷結論語,原判決應予維持
應予撤銷,literal,judgment_reasoning,remove,TRUE,high,判斷結論語,原處分應予撤銷
應予廢棄,literal,judgment_reasoning,remove,TRUE,high,判斷結論語,原判決應予廢棄
不應准許,literal,judgment_reasoning,remove,TRUE,high,判斷結論語,其請求不應准許
不予准許,literal,judgment_reasoning,remove,TRUE,high,判斷結論語,不予准許
為有理由,literal,judgment_reasoning,remove,TRUE,high,判斷勝敗結論語,本件上訴為有理由
為無理由,literal,judgment_reasoning,remove,TRUE,high,判斷勝敗結論語,本件上訴為無理由
非有理由,literal,judgment_reasoning,remove,TRUE,high,判斷敗訴結論語,聲明廢棄非有理由
訴非有理由,literal,judgment_reasoning,remove,TRUE,high,行政訴訟敗訴結論語,原告之訴非有理由
均無理由,literal,judgment_reasoning,remove,TRUE,high,判斷敗訴結論語,均無理由
請求顯無理由,literal,judgment_reasoning,remove,TRUE,high,民事請求敗訴結論語,其請求顯無理由
洵屬無據,literal,judgment_reasoning,remove,TRUE,medium,法官評價語高度接近結論,原告之主張洵屬無據
不足採信,literal,judgment_reasoning,remove,TRUE,medium,法官心證語,所辯不足採信
不足採,literal,judgment_reasoning,remove,TRUE,medium,法官心證語,所辯不足採
原判決廢棄,literal,appeal_disposition,remove,TRUE,high,上訴審結論,原判決廢棄
原判決撤銷,literal,appeal_disposition,remove,TRUE,high,上訴審結論,原判決撤銷
廢棄原判決,literal,appeal_disposition,remove,TRUE,high,上訴審結論,廢棄原判決
撤銷原判決,literal,appeal_disposition,remove,TRUE,high,上訴審結論,撤銷原判決
原審判決廢棄,literal,appeal_disposition,remove,TRUE,high,上訴審結論,原審判決廢棄
原審判決撤銷,literal,appeal_disposition,remove,TRUE,high,上訴審結論,原審判決撤銷
原處分及訴願決定均撤銷,literal,administrative_disposition,remove,TRUE,high,行政訴訟結論,原處分及訴願決定均撤銷
訴願決定及原處分均撤銷,literal,administrative_disposition,remove,TRUE,high,行政訴訟結論,訴願決定及原處分均撤銷
訴願決定、原處分均撤銷,literal,administrative_disposition,remove,TRUE,high,行政訴訟結論,訴願決定、原處分均撤銷
訴願決定駁回,literal,administrative_history,remove,TRUE,medium,程序背景中的准駁結果,訴願決定駁回
訴願遭駁回,literal,administrative_history,remove,TRUE,medium,程序背景中的准駁結果,訴願遭駁回
提起訴願遭駁回,literal,administrative_history,remove,TRUE,medium,程序背景中的准駁結果,提起訴願遭駁回
不予專利,literal,administrative_disposition,remove,TRUE,medium,專利行政處分結果,不予專利
不予受理,literal,administrative_disposition,remove,TRUE,high,程序准駁結果,不予受理
舉發成立,literal,administrative_disposition,remove,TRUE,medium,專利商標行政處分結果,舉發成立
舉發不成立,literal,administrative_disposition,remove,TRUE,medium,專利商標行政處分結果,舉發不成立
應撤銷專利權,literal,administrative_disposition,remove,TRUE,high,專利權有效性結論,應撤銷專利權
量處如主文所示,literal,criminal_sentence,remove,TRUE,high,刑事量刑結論,量處如主文所示
處如主文所示,literal,criminal_sentence,remove,TRUE,high,刑事量刑結論,處如主文所示
如主文所示之刑,literal,criminal_sentence,remove,TRUE,high,刑事量刑結論,如主文所示之刑
判決如主文,literal,boundary_marker,remove,TRUE,high,判決結論標記,判決如主文
裁定如主文,literal,boundary_marker,remove,TRUE,high,裁定結論標記,裁定如主文
勝訴,literal,outcome_word,remove,TRUE,high,直接結果詞,取得勝訴判決
敗訴,literal,outcome_word,remove,TRUE,high,直接結果詞,原審為上訴人全部敗訴
部分勝訴,literal,outcome_word,remove,TRUE,high,直接結果詞,部分勝訴
聲明:,literal,pleading_marker,remove_section,TRUE,medium,聲明段落不屬事實本體,聲明:
訴之聲明,literal,pleading_marker,remove_section,TRUE,medium,聲明段落不屬事實本體,訴之聲明
並聲明,literal,pleading_marker,remove_section,TRUE,medium,聲明段落不屬事實本體,並聲明
答辯聲明,literal,pleading_marker,remove_section,TRUE,medium,答辯聲明不屬事實本體,答辯聲明
上訴聲明,literal,pleading_marker,remove_section,TRUE,medium,上訴聲明不屬事實本體,上訴聲明
請求法院判決如下,literal,pleading_marker,remove_section,TRUE,high,引出請求判決內容,請求法院判決如下
起訴意旨,literal,pleading_marker,remove_section,TRUE,medium,起訴主張段落可能混入結論,起訴意旨
上訴意旨,literal,pleading_marker,remove_section,TRUE,medium,上訴理由段落可能混入結論,上訴意旨
本院判斷,literal,court_reasoning_marker,remove_section,TRUE,high,法院判斷段落不屬事實本體,本院判斷
本院認為,literal,court_reasoning_marker,remove_section,TRUE,medium,法院判斷段落不屬事實本體,本院認為
綜上所述,literal,court_reasoning_marker,remove_section,TRUE,high,結論段落標記,綜上所述
駁回,literal,broad_outcome_word,review,FALSE,medium,單字過廣不建議直接啟用,訴願遭駁回
准許,literal,broad_outcome_word,review,FALSE,medium,單字過廣不建議直接啟用,變更聲明應予准許
主文,literal,boundary_marker,review,FALSE,medium,單字過廣建議使用具體片語,判決主文內容
理由,literal,broad_section_word,review,FALSE,low,單字過廣不建議直接刪,事實及理由
公訴意旨,literal,pleading_marker,review,FALSE,low,刑事公訴意旨可能包含犯罪事實需審核,公訴意旨
原告不服提起訴願,literal,administrative_history,review,FALSE,low,程序背景高頻但不一定是leakage,原告不服提起訴願
撤銷原處分,literal,administrative_history,review,FALSE,medium,可能是前案或訴願歷史不一定是本案結果,撤銷原處分
原處分撤銷,literal,administrative_history,review,FALSE,medium,可能是聲明或前案歷史不一定是本案結果,原處分撤銷
從而,literal,court_reasoning_marker,review,FALSE,medium,結論連接詞過廣,從而
準此,literal,court_reasoning_marker,review,FALSE,medium,結論連接詞過廣,準此
