Dataset,dataset_slug,Leakage,Feature,Model,Chi-square setting,Best C,Test Accuracy,Test Macro F1,Path
Administrative,administrative_win_lose_mixed,no_leakage,BoW,Majority Class,Baseline,,0.8762704374723818,0.3113518605746585,D:\Github\Personal-Project\textual data analysis\artifacts\reports\administrative_win_lose_mixed\no_leakage\bow\step3_runs\full_20260504_154912\model_comparison.csv
Administrative,administrative_win_lose_mixed,no_leakage,BoW,BOW + SVM,Chi-square,4.0,0.830755634114008,0.3804593546882425,D:\Github\Personal-Project\textual data analysis\artifacts\reports\administrative_win_lose_mixed\no_leakage\bow\step3_runs\full_20260504_154912\model_comparison.csv
Administrative,administrative_win_lose_mixed,no_leakage,BoW,Proposed MNIR + SVM,Chi-square,0.0625,0.8753866548828988,0.3183707292197858,D:\Github\Personal-Project\textual data analysis\artifacts\reports\administrative_win_lose_mixed\no_leakage\bow\step3_runs\full_20260504_154912\model_comparison.csv
Administrative,administrative_win_lose_mixed,no_leakage,BoW,BOW + SVM,No chi-square,0.5,0.8298718515245249,0.4046921502792233,D:\Github\Personal-Project\textual data analysis\artifacts\reports\administrative_win_lose_mixed\no_leakage\bow\step3_runs\full_20260504_154912\model_comparison.csv
Administrative,administrative_win_lose_mixed,no_leakage,BoW,Proposed MNIR + SVM,No chi-square,0.0625,0.8758285461776403,0.3184937241353386,D:\Github\Personal-Project\textual data analysis\artifacts\reports\administrative_win_lose_mixed\no_leakage\bow\step3_runs\full_20260504_154912\model_comparison.csv
Administrative,administrative_win_lose_mixed,no_leakage,TF,Majority Class,Baseline,,0.8762704374723818,0.3113518605746585,D:\Github\Personal-Project\textual data analysis\artifacts\reports\administrative_win_lose_mixed\no_leakage\tf\step3_runs\full_20260504_154912\model_comparison.csv
Administrative,administrative_win_lose_mixed,no_leakage,TF,TF + SVM,Chi-square,4.0,0.8771542200618648,0.3411948394466689,D:\Github\Personal-Project\textual data analysis\artifacts\reports\administrative_win_lose_mixed\no_leakage\tf\step3_runs\full_20260504_154912\model_comparison.csv
Administrative,administrative_win_lose_mixed,no_leakage,TF,Proposed MNIR + SVM,Chi-square,0.0625,0.8762704374723818,0.3113518605746585,D:\Github\Personal-Project\textual data analysis\artifacts\reports\administrative_win_lose_mixed\no_leakage\tf\step3_runs\full_20260504_154912\model_comparison.csv
Administrative,administrative_win_lose_mixed,no_leakage,TF,TF + SVM,No chi-square,4.0,0.8731771984091914,0.3427434410430361,D:\Github\Personal-Project\textual data analysis\artifacts\reports\administrative_win_lose_mixed\no_leakage\tf\step3_runs\full_20260504_154912\model_comparison.csv
Administrative,administrative_win_lose_mixed,no_leakage,TF,Proposed MNIR + SVM,No chi-square,0.0625,0.8762704374723818,0.3113518605746585,D:\Github\Personal-Project\textual data analysis\artifacts\reports\administrative_win_lose_mixed\no_leakage\tf\step3_runs\full_20260504_154912\model_comparison.csv
Administrative,administrative_win_lose_mixed,no_leakage,TF-IDF,Majority Class,Baseline,,0.8762704374723818,0.3113518605746585,D:\Github\Personal-Project\textual data analysis\artifacts\reports\administrative_win_lose_mixed\no_leakage\tfidf\step3_runs\full_20260504_154912\model_comparison.csv
Administrative,administrative_win_lose_mixed,no_leakage,TF-IDF,TFIDF + SVM,Chi-square,4.0,0.869200176756518,0.3753317519174349,D:\Github\Personal-Project\textual data analysis\artifacts\reports\administrative_win_lose_mixed\no_leakage\tfidf\step3_runs\full_20260504_154912\model_comparison.csv
Administrative,administrative_win_lose_mixed,no_leakage,TF-IDF,Proposed MNIR + SVM,Chi-square,2.0,0.8736190897039329,0.3109223873555083,D:\Github\Personal-Project\textual data analysis\artifacts\reports\administrative_win_lose_mixed\no_leakage\tfidf\step3_runs\full_20260504_154912\model_comparison.csv
Administrative,administrative_win_lose_mixed,no_leakage,TF-IDF,TFIDF + SVM,No chi-square,4.0,0.856827220503756,0.3894178074306,D:\Github\Personal-Project\textual data analysis\artifacts\reports\administrative_win_lose_mixed\no_leakage\tfidf\step3_runs\full_20260504_154912\model_comparison.csv
Administrative,administrative_win_lose_mixed,no_leakage,TF-IDF,Proposed MNIR + SVM,No chi-square,0.0625,0.8753866548828988,0.3111844172164624,D:\Github\Personal-Project\textual data analysis\artifacts\reports\administrative_win_lose_mixed\no_leakage\tfidf\step3_runs\full_20260504_154912\model_comparison.csv
Administrative,administrative_win_lose_mixed,with_leakage,BoW,Majority Class,Baseline,,0.8762704374723818,0.3113518605746585,D:\Github\Personal-Project\textual data analysis\artifacts\reports\administrative_win_lose_mixed\with_leakage\bow\step3_runs\full_20260504_154912\model_comparison.csv
Administrative,administrative_win_lose_mixed,with_leakage,BoW,BOW + SVM,Chi-square,0.25,0.8448961555457357,0.4023056826271634,D:\Github\Personal-Project\textual data analysis\artifacts\reports\administrative_win_lose_mixed\with_leakage\bow\step3_runs\full_20260504_154912\model_comparison.csv
Administrative,administrative_win_lose_mixed,with_leakage,BoW,Proposed MNIR + SVM,Chi-square,0.0625,0.8753866548828988,0.3148169617898558,D:\Github\Personal-Project\textual data analysis\artifacts\reports\administrative_win_lose_mixed\with_leakage\bow\step3_runs\full_20260504_154912\model_comparison.csv
Administrative,administrative_win_lose_mixed,with_leakage,BoW,BOW + SVM,No chi-square,0.25,0.8426866990720283,0.4214175827957511,D:\Github\Personal-Project\textual data analysis\artifacts\reports\administrative_win_lose_mixed\with_leakage\bow\step3_runs\full_20260504_154912\model_comparison.csv
Administrative,administrative_win_lose_mixed,with_leakage,BoW,Proposed MNIR + SVM,No chi-square,0.0625,0.8749447635881573,0.31471334009958,D:\Github\Personal-Project\textual data analysis\artifacts\reports\administrative_win_lose_mixed\with_leakage\bow\step3_runs\full_20260504_154912\model_comparison.csv
Administrative,administrative_win_lose_mixed,with_leakage,TF,Majority Class,Baseline,,0.8762704374723818,0.3113518605746585,D:\Github\Personal-Project\textual data analysis\artifacts\reports\administrative_win_lose_mixed\with_leakage\tf\step3_runs\full_20260504_154912\model_comparison.csv
Administrative,administrative_win_lose_mixed,with_leakage,TF,TF + SVM,Chi-square,2.0,0.8775961113566063,0.3344757490667386,D:\Github\Personal-Project\textual data analysis\artifacts\reports\administrative_win_lose_mixed\with_leakage\tf\step3_runs\full_20260504_154912\model_comparison.csv
Administrative,administrative_win_lose_mixed,with_leakage,TF,Proposed MNIR + SVM,Chi-square,0.0625,0.8762704374723818,0.3113518605746585,D:\Github\Personal-Project\textual data analysis\artifacts\reports\administrative_win_lose_mixed\with_leakage\tf\step3_runs\full_20260504_154912\model_comparison.csv
Administrative,administrative_win_lose_mixed,with_leakage,TF,TF + SVM,No chi-square,2.0,0.8780380026513478,0.3345799231937845,D:\Github\Personal-Project\textual data analysis\artifacts\reports\administrative_win_lose_mixed\with_leakage\tf\step3_runs\full_20260504_154912\model_comparison.csv
Administrative,administrative_win_lose_mixed,with_leakage,TF,Proposed MNIR + SVM,No chi-square,0.0625,0.8762704374723818,0.3113518605746585,D:\Github\Personal-Project\textual data analysis\artifacts\reports\administrative_win_lose_mixed\with_leakage\tf\step3_runs\full_20260504_154912\model_comparison.csv
Administrative,administrative_win_lose_mixed,with_leakage,TF-IDF,Majority Class,Baseline,,0.8762704374723818,0.3113518605746585,D:\Github\Personal-Project\textual data analysis\artifacts\reports\administrative_win_lose_mixed\with_leakage\tfidf\step3_runs\full_20260504_154912\model_comparison.csv
Administrative,administrative_win_lose_mixed,with_leakage,TF-IDF,TFIDF + SVM,Chi-square,4.0,0.8577110030932391,0.3802988245032696,D:\Github\Personal-Project\textual data analysis\artifacts\reports\administrative_win_lose_mixed\with_leakage\tfidf\step3_runs\full_20260504_154912\model_comparison.csv
Administrative,administrative_win_lose_mixed,with_leakage,TF-IDF,Proposed MNIR + SVM,Chi-square,1.0,0.8731771984091914,0.3109118086696562,D:\Github\Personal-Project\textual data analysis\artifacts\reports\administrative_win_lose_mixed\with_leakage\tfidf\step3_runs\full_20260504_154912\model_comparison.csv
Administrative,administrative_win_lose_mixed,with_leakage,TF-IDF,TFIDF + SVM,No chi-square,4.0,0.856827220503756,0.3799581474028057,D:\Github\Personal-Project\textual data analysis\artifacts\reports\administrative_win_lose_mixed\with_leakage\tfidf\step3_runs\full_20260504_154912\model_comparison.csv
Administrative,administrative_win_lose_mixed,with_leakage,TF-IDF,Proposed MNIR + SVM,No chi-square,0.5,0.8722934158197083,0.3106704438149197,D:\Github\Personal-Project\textual data analysis\artifacts\reports\administrative_win_lose_mixed\with_leakage\tfidf\step3_runs\full_20260504_154912\model_comparison.csv
Civil,civil_win_lose_mixed,no_leakage,BoW,Majority Class,Baseline,,0.676081200353045,0.2689134632262594,D:\Github\Personal-Project\textual data analysis\artifacts\reports\civil_win_lose_mixed\no_leakage\bow\step3_runs\full_20260504_154912\model_comparison.csv
Civil,civil_win_lose_mixed,no_leakage,BoW,BOW + SVM,Chi-square,0.25,0.6372462488967343,0.4027542772668971,D:\Github\Personal-Project\textual data analysis\artifacts\reports\civil_win_lose_mixed\no_leakage\bow\step3_runs\full_20260504_154912\model_comparison.csv
Civil,civil_win_lose_mixed,no_leakage,BoW,Proposed MNIR + SVM,Chi-square,0.5,0.677846425419241,0.3357685441674361,D:\Github\Personal-Project\textual data analysis\artifacts\reports\civil_win_lose_mixed\no_leakage\bow\step3_runs\full_20260504_154912\model_comparison.csv
Civil,civil_win_lose_mixed,no_leakage,BoW,BOW + SVM,No chi-square,0.0625,0.6522506619593998,0.4163644464363065,D:\Github\Personal-Project\textual data analysis\artifacts\reports\civil_win_lose_mixed\no_leakage\bow\step3_runs\full_20260504_154912\model_comparison.csv
Civil,civil_win_lose_mixed,no_leakage,BoW,Proposed MNIR + SVM,No chi-square,0.5,0.6769638128861429,0.3419182551726423,D:\Github\Personal-Project\textual data analysis\artifacts\reports\civil_win_lose_mixed\no_leakage\bow\step3_runs\full_20260504_154912\model_comparison.csv
Civil,civil_win_lose_mixed,no_leakage,TF,Majority Class,Baseline,,0.676081200353045,0.2689134632262594,D:\Github\Personal-Project\textual data analysis\artifacts\reports\civil_win_lose_mixed\no_leakage\tf\step3_runs\full_20260504_154912\model_comparison.csv
Civil,civil_win_lose_mixed,no_leakage,TF,TF + SVM,Chi-square,4.0,0.6875551632833187,0.4170977294599078,D:\Github\Personal-Project\textual data analysis\artifacts\reports\civil_win_lose_mixed\no_leakage\tf\step3_runs\full_20260504_154912\model_comparison.csv
Civil,civil_win_lose_mixed,no_leakage,TF,Proposed MNIR + SVM,Chi-square,0.25,0.6866725507502206,0.320197030920064,D:\Github\Personal-Project\textual data analysis\artifacts\reports\civil_win_lose_mixed\no_leakage\tf\step3_runs\full_20260504_154912\model_comparison.csv
Civil,civil_win_lose_mixed,no_leakage,TF,TF + SVM,No chi-square,2.0,0.6919682259488085,0.4390523312689893,D:\Github\Personal-Project\textual data analysis\artifacts\reports\civil_win_lose_mixed\no_leakage\tf\step3_runs\full_20260504_154912\model_comparison.csv
Civil,civil_win_lose_mixed,no_leakage,TF,Proposed MNIR + SVM,No chi-square,4.0,0.6734333627537511,0.2959005376344086,D:\Github\Personal-Project\textual data analysis\artifacts\reports\civil_win_lose_mixed\no_leakage\tf\step3_runs\full_20260504_154912\model_comparison.csv
Civil,civil_win_lose_mixed,no_leakage,TF-IDF,Majority Class,Baseline,,0.676081200353045,0.2689134632262594,D:\Github\Personal-Project\textual data analysis\artifacts\reports\civil_win_lose_mixed\no_leakage\tfidf\step3_runs\full_20260504_154912\model_comparison.csv
Civil,civil_win_lose_mixed,no_leakage,TF-IDF,TFIDF + SVM,Chi-square,4.0,0.6796116504854369,0.4277972992985715,D:\Github\Personal-Project\textual data analysis\artifacts\reports\civil_win_lose_mixed\no_leakage\tfidf\step3_runs\full_20260504_154912\model_comparison.csv
Civil,civil_win_lose_mixed,no_leakage,TF-IDF,Proposed MNIR + SVM,Chi-square,0.125,0.6954986760812003,0.3525234025234025,D:\Github\Personal-Project\textual data analysis\artifacts\reports\civil_win_lose_mixed\no_leakage\tfidf\step3_runs\full_20260504_154912\model_comparison.csv
Civil,civil_win_lose_mixed,no_leakage,TF-IDF,TFIDF + SVM,No chi-square,2.0,0.6840247131509267,0.4289142892626499,D:\Github\Personal-Project\textual data analysis\artifacts\reports\civil_win_lose_mixed\no_leakage\tfidf\step3_runs\full_20260504_154912\model_comparison.csv
Civil,civil_win_lose_mixed,no_leakage,TF-IDF,Proposed MNIR + SVM,No chi-square,0.125,0.6699029126213593,0.2965761228038616,D:\Github\Personal-Project\textual data analysis\artifacts\reports\civil_win_lose_mixed\no_leakage\tfidf\step3_runs\full_20260504_154912\model_comparison.csv
Civil,civil_win_lose_mixed,with_leakage,BoW,Majority Class,Baseline,,0.676081200353045,0.2689134632262594,D:\Github\Personal-Project\textual data analysis\artifacts\reports\civil_win_lose_mixed\with_leakage\bow\step3_runs\full_20260504_154912\model_comparison.csv
Civil,civil_win_lose_mixed,with_leakage,BoW,BOW + SVM,Chi-square,0.5,0.6390114739629302,0.4077692708772442,D:\Github\Personal-Project\textual data analysis\artifacts\reports\civil_win_lose_mixed\with_leakage\bow\step3_runs\full_20260504_154912\model_comparison.csv
Civil,civil_win_lose_mixed,with_leakage,BoW,Proposed MNIR + SVM,Chi-square,0.0625,0.6813768755516328,0.3387493259745615,D:\Github\Personal-Project\textual data analysis\artifacts\reports\civil_win_lose_mixed\with_leakage\bow\step3_runs\full_20260504_154912\model_comparison.csv
Civil,civil_win_lose_mixed,with_leakage,BoW,BOW + SVM,No chi-square,0.5,0.6328331862312445,0.4346249468927635,D:\Github\Personal-Project\textual data analysis\artifacts\reports\civil_win_lose_mixed\with_leakage\bow\step3_runs\full_20260504_154912\model_comparison.csv
Civil,civil_win_lose_mixed,with_leakage,BoW,Proposed MNIR + SVM,No chi-square,1.0,0.6857899382171226,0.3562335864011841,D:\Github\Personal-Project\textual data analysis\artifacts\reports\civil_win_lose_mixed\with_leakage\bow\step3_runs\full_20260504_154912\model_comparison.csv
Civil,civil_win_lose_mixed,with_leakage,TF,Majority Class,Baseline,,0.676081200353045,0.2689134632262594,D:\Github\Personal-Project\textual data analysis\artifacts\reports\civil_win_lose_mixed\with_leakage\tf\step3_runs\full_20260504_154912\model_comparison.csv
Civil,civil_win_lose_mixed,with_leakage,TF,TF + SVM,Chi-square,2.0,0.6804942630185349,0.4047312896632744,D:\Github\Personal-Project\textual data analysis\artifacts\reports\civil_win_lose_mixed\with_leakage\tf\step3_runs\full_20260504_154912\model_comparison.csv
Civil,civil_win_lose_mixed,with_leakage,TF,Proposed MNIR + SVM,Chi-square,4.0,0.6928508384819064,0.3369742921454803,D:\Github\Personal-Project\textual data analysis\artifacts\reports\civil_win_lose_mixed\with_leakage\tf\step3_runs\full_20260504_154912\model_comparison.csv
Civil,civil_win_lose_mixed,with_leakage,TF,TF + SVM,No chi-square,2.0,0.6866725507502206,0.4168659172289713,D:\Github\Personal-Project\textual data analysis\artifacts\reports\civil_win_lose_mixed\with_leakage\tf\step3_runs\full_20260504_154912\model_comparison.csv
Civil,civil_win_lose_mixed,with_leakage,TF,Proposed MNIR + SVM,No chi-square,0.5,0.677846425419241,0.2877956115447483,D:\Github\Personal-Project\textual data analysis\artifacts\reports\civil_win_lose_mixed\with_leakage\tf\step3_runs\full_20260504_154912\model_comparison.csv
Civil,civil_win_lose_mixed,with_leakage,TF-IDF,Majority Class,Baseline,,0.676081200353045,0.2689134632262594,D:\Github\Personal-Project\textual data analysis\artifacts\reports\civil_win_lose_mixed\with_leakage\tfidf\step3_runs\full_20260504_154912\model_comparison.csv
Civil,civil_win_lose_mixed,with_leakage,TF-IDF,TFIDF + SVM,Chi-square,4.0,0.6707855251544572,0.4248405103668261,D:\Github\Personal-Project\textual data analysis\artifacts\reports\civil_win_lose_mixed\with_leakage\tfidf\step3_runs\full_20260504_154912\model_comparison.csv
Civil,civil_win_lose_mixed,with_leakage,TF-IDF,Proposed MNIR + SVM,Chi-square,0.5,0.6946160635481023,0.3643839911249382,D:\Github\Personal-Project\textual data analysis\artifacts\reports\civil_win_lose_mixed\with_leakage\tfidf\step3_runs\full_20260504_154912\model_comparison.csv
Civil,civil_win_lose_mixed,with_leakage,TF-IDF,TFIDF + SVM,No chi-square,1.0,0.6813768755516328,0.4095960239484579,D:\Github\Personal-Project\textual data analysis\artifacts\reports\civil_win_lose_mixed\with_leakage\tfidf\step3_runs\full_20260504_154912\model_comparison.csv
Civil,civil_win_lose_mixed,with_leakage,TF-IDF,Proposed MNIR + SVM,No chi-square,2.0,0.676081200353045,0.3005907751949808,D:\Github\Personal-Project\textual data analysis\artifacts\reports\civil_win_lose_mixed\with_leakage\tfidf\step3_runs\full_20260504_154912\model_comparison.csv
Criminal,criminal_win_lose_mixed,no_leakage,BoW,Majority Class,Baseline,,0.9343791850009566,0.3220255167639205,D:\Github\Personal-Project\textual data analysis\artifacts\reports\criminal_win_lose_mixed\no_leakage\bow\step3_runs\full_20260504_154912\model_comparison.csv
Criminal,criminal_win_lose_mixed,no_leakage,BoW,BOW + SVM,Chi-square,1.0,0.9525540462980676,0.5636816959952469,D:\Github\Personal-Project\textual data analysis\artifacts\reports\criminal_win_lose_mixed\no_leakage\bow\step3_runs\full_20260504_154912\model_comparison.csv
Criminal,criminal_win_lose_mixed,no_leakage,BoW,Proposed MNIR + SVM,Chi-square,0.125,0.9251960971876794,0.3635510051993495,D:\Github\Personal-Project\textual data analysis\artifacts\reports\criminal_win_lose_mixed\no_leakage\bow\step3_runs\full_20260504_154912\model_comparison.csv
Criminal,criminal_win_lose_mixed,no_leakage,BoW,BOW + SVM,No chi-square,0.0625,0.9487277597092022,0.5974701561288046,D:\Github\Personal-Project\textual data analysis\artifacts\reports\criminal_win_lose_mixed\no_leakage\bow\step3_runs\full_20260504_154912\model_comparison.csv
Criminal,criminal_win_lose_mixed,no_leakage,BoW,Proposed MNIR + SVM,No chi-square,2.0,0.9259613545054524,0.3732518648485035,D:\Github\Personal-Project\textual data analysis\artifacts\reports\criminal_win_lose_mixed\no_leakage\bow\step3_runs\full_20260504_154912\model_comparison.csv
Criminal,criminal_win_lose_mixed,no_leakage,TF,Majority Class,Baseline,,0.9343791850009566,0.3220255167639205,D:\Github\Personal-Project\textual data analysis\artifacts\reports\criminal_win_lose_mixed\no_leakage\tf\step3_runs\full_20260504_154912\model_comparison.csv
Criminal,criminal_win_lose_mixed,no_leakage,TF,TF + SVM,Chi-square,4.0,0.951406160321408,0.5772699607148786,D:\Github\Personal-Project\textual data analysis\artifacts\reports\criminal_win_lose_mixed\no_leakage\tf\step3_runs\full_20260504_154912\model_comparison.csv
Criminal,criminal_win_lose_mixed,no_leakage,TF,Proposed MNIR + SVM,Chi-square,0.0625,0.9338052420126268,0.3702189031543745,D:\Github\Personal-Project\textual data analysis\artifacts\reports\criminal_win_lose_mixed\no_leakage\tf\step3_runs\full_20260504_154912\model_comparison.csv
Criminal,criminal_win_lose_mixed,no_leakage,TF,TF + SVM,No chi-square,2.0,0.9512148459919648,0.5248173665923194,D:\Github\Personal-Project\textual data analysis\artifacts\reports\criminal_win_lose_mixed\no_leakage\tf\step3_runs\full_20260504_154912\model_comparison.csv
Criminal,criminal_win_lose_mixed,no_leakage,TF,Proposed MNIR + SVM,No chi-square,0.0625,0.9338052420126268,0.3444949430434071,D:\Github\Personal-Project\textual data analysis\artifacts\reports\criminal_win_lose_mixed\no_leakage\tf\step3_runs\full_20260504_154912\model_comparison.csv
Criminal,criminal_win_lose_mixed,no_leakage,TF-IDF,Majority Class,Baseline,,0.9343791850009566,0.3220255167639205,D:\Github\Personal-Project\textual data analysis\artifacts\reports\criminal_win_lose_mixed\no_leakage\tfidf\step3_runs\full_20260504_154912\model_comparison.csv
Criminal,criminal_win_lose_mixed,no_leakage,TF-IDF,TFIDF + SVM,Chi-square,4.0,0.9426057011670174,0.5621741483872863,D:\Github\Personal-Project\textual data analysis\artifacts\reports\criminal_win_lose_mixed\no_leakage\tfidf\step3_runs\full_20260504_154912\model_comparison.csv
Criminal,criminal_win_lose_mixed,no_leakage,TF-IDF,Proposed MNIR + SVM,Chi-square,0.125,0.927683183470442,0.3902188337587152,D:\Github\Personal-Project\textual data analysis\artifacts\reports\criminal_win_lose_mixed\no_leakage\tfidf\step3_runs\full_20260504_154912\model_comparison.csv
Criminal,criminal_win_lose_mixed,no_leakage,TF-IDF,TFIDF + SVM,No chi-square,1.0,0.9462406734264396,0.583129340943092,D:\Github\Personal-Project\textual data analysis\artifacts\reports\criminal_win_lose_mixed\no_leakage\tfidf\step3_runs\full_20260504_154912\model_comparison.csv
Criminal,criminal_win_lose_mixed,no_leakage,TF-IDF,Proposed MNIR + SVM,No chi-square,0.25,0.927683183470442,0.3718861607393,D:\Github\Personal-Project\textual data analysis\artifacts\reports\criminal_win_lose_mixed\no_leakage\tfidf\step3_runs\full_20260504_154912\model_comparison.csv
Criminal,criminal_win_lose_mixed,with_leakage,BoW,Majority Class,Baseline,,0.9343791850009566,0.3220255167639205,D:\Github\Personal-Project\textual data analysis\artifacts\reports\criminal_win_lose_mixed\with_leakage\bow\step3_runs\full_20260504_154912\model_comparison.csv
Criminal,criminal_win_lose_mixed,with_leakage,BoW,BOW + SVM,Chi-square,0.5,0.952745360627511,0.5641998644505914,D:\Github\Personal-Project\textual data analysis\artifacts\reports\criminal_win_lose_mixed\with_leakage\bow\step3_runs\full_20260504_154912\model_comparison.csv
Criminal,criminal_win_lose_mixed,with_leakage,BoW,Proposed MNIR + SVM,Chi-square,0.0625,0.9244308398699064,0.3603313320649586,D:\Github\Personal-Project\textual data analysis\artifacts\reports\criminal_win_lose_mixed\with_leakage\bow\step3_runs\full_20260504_154912\model_comparison.csv
Criminal,criminal_win_lose_mixed,with_leakage,BoW,BOW + SVM,No chi-square,0.0625,0.9481538167208724,0.594938891384597,D:\Github\Personal-Project\textual data analysis\artifacts\reports\criminal_win_lose_mixed\with_leakage\bow\step3_runs\full_20260504_154912\model_comparison.csv
Criminal,criminal_win_lose_mixed,with_leakage,BoW,Proposed MNIR + SVM,No chi-square,0.25,0.9246221541993496,0.367092591874312,D:\Github\Personal-Project\textual data analysis\artifacts\reports\criminal_win_lose_mixed\with_leakage\bow\step3_runs\full_20260504_154912\model_comparison.csv
Criminal,criminal_win_lose_mixed,with_leakage,TF,Majority Class,Baseline,,0.9343791850009566,0.3220255167639205,D:\Github\Personal-Project\textual data analysis\artifacts\reports\criminal_win_lose_mixed\with_leakage\tf\step3_runs\full_20260504_154912\model_comparison.csv
Criminal,criminal_win_lose_mixed,with_leakage,TF,TF + SVM,Chi-square,4.0,0.951980103309738,0.5263386753614343,D:\Github\Personal-Project\textual data analysis\artifacts\reports\criminal_win_lose_mixed\with_leakage\tf\step3_runs\full_20260504_154912\model_comparison.csv
Criminal,criminal_win_lose_mixed,with_leakage,TF,Proposed MNIR + SVM,Chi-square,0.5,0.9334226133537402,0.366934525782994,D:\Github\Personal-Project\textual data analysis\artifacts\reports\criminal_win_lose_mixed\with_leakage\tf\step3_runs\full_20260504_154912\model_comparison.csv
Criminal,criminal_win_lose_mixed,with_leakage,TF,TF + SVM,No chi-square,4.0,0.9510235316625216,0.5798042707713537,D:\Github\Personal-Project\textual data analysis\artifacts\reports\criminal_win_lose_mixed\with_leakage\tf\step3_runs\full_20260504_154912\model_comparison.csv
Criminal,criminal_win_lose_mixed,with_leakage,TF,Proposed MNIR + SVM,No chi-square,0.25,0.9347618136598432,0.3585787223587446,D:\Github\Personal-Project\textual data analysis\artifacts\reports\criminal_win_lose_mixed\with_leakage\tf\step3_runs\full_20260504_154912\model_comparison.csv
Criminal,criminal_win_lose_mixed,with_leakage,TF-IDF,Majority Class,Baseline,,0.9343791850009566,0.3220255167639205,D:\Github\Personal-Project\textual data analysis\artifacts\reports\criminal_win_lose_mixed\with_leakage\tfidf\step3_runs\full_20260504_154912\model_comparison.csv
Criminal,criminal_win_lose_mixed,with_leakage,TF-IDF,TFIDF + SVM,Chi-square,4.0,0.9426057011670174,0.5598267680067295,D:\Github\Personal-Project\textual data analysis\artifacts\reports\criminal_win_lose_mixed\with_leakage\tfidf\step3_runs\full_20260504_154912\model_comparison.csv
Criminal,criminal_win_lose_mixed,with_leakage,TF-IDF,Proposed MNIR + SVM,Chi-square,0.25,0.925578725846566,0.382484774425432,D:\Github\Personal-Project\textual data analysis\artifacts\reports\criminal_win_lose_mixed\with_leakage\tfidf\step3_runs\full_20260504_154912\model_comparison.csv
Criminal,criminal_win_lose_mixed,with_leakage,TF-IDF,TFIDF + SVM,No chi-square,2.0,0.9445188444614502,0.5712932304460286,D:\Github\Personal-Project\textual data analysis\artifacts\reports\criminal_win_lose_mixed\with_leakage\tfidf\step3_runs\full_20260504_154912\model_comparison.csv
Criminal,criminal_win_lose_mixed,with_leakage,TF-IDF,Proposed MNIR + SVM,No chi-square,2.0,0.9274918691409988,0.3717334414166315,D:\Github\Personal-Project\textual data analysis\artifacts\reports\criminal_win_lose_mixed\with_leakage\tfidf\step3_runs\full_20260504_154912\model_comparison.csv
CWC,cwc_win_lose_mixed,no_leakage,BoW,Majority Class,Baseline,,0.580110497237569,0.2447552447552447,D:\Github\Personal-Project\textual data analysis\artifacts\reports\cwc_win_lose_mixed\no_leakage\bow\step3_runs\full_20260504_154912\model_comparison.csv
CWC,cwc_win_lose_mixed,no_leakage,BoW,BOW + SVM,Chi-square,0.0625,0.8535911602209945,0.6541390103070531,D:\Github\Personal-Project\textual data analysis\artifacts\reports\cwc_win_lose_mixed\no_leakage\bow\step3_runs\full_20260504_154912\model_comparison.csv
CWC,cwc_win_lose_mixed,no_leakage,BoW,Proposed MNIR + SVM,Chi-square,0.0625,0.8149171270718232,0.542013683957418,D:\Github\Personal-Project\textual data analysis\artifacts\reports\cwc_win_lose_mixed\no_leakage\bow\step3_runs\full_20260504_154912\model_comparison.csv
CWC,cwc_win_lose_mixed,no_leakage,BoW,BOW + SVM,No chi-square,0.0625,0.8756906077348067,0.6806696533980969,D:\Github\Personal-Project\textual data analysis\artifacts\reports\cwc_win_lose_mixed\no_leakage\bow\step3_runs\full_20260504_154912\model_comparison.csv
CWC,cwc_win_lose_mixed,no_leakage,BoW,Proposed MNIR + SVM,No chi-square,0.0625,0.8176795580110497,0.5441303677507906,D:\Github\Personal-Project\textual data analysis\artifacts\reports\cwc_win_lose_mixed\no_leakage\bow\step3_runs\full_20260504_154912\model_comparison.csv
CWC,cwc_win_lose_mixed,no_leakage,TF,Majority Class,Baseline,,0.580110497237569,0.2447552447552447,D:\Github\Personal-Project\textual data analysis\artifacts\reports\cwc_win_lose_mixed\no_leakage\tf\step3_runs\full_20260504_154912\model_comparison.csv
CWC,cwc_win_lose_mixed,no_leakage,TF,TF + SVM,Chi-square,2.0,0.8674033149171271,0.5796932130416911,D:\Github\Personal-Project\textual data analysis\artifacts\reports\cwc_win_lose_mixed\no_leakage\tf\step3_runs\full_20260504_154912\model_comparison.csv
CWC,cwc_win_lose_mixed,no_leakage,TF,Proposed MNIR + SVM,Chi-square,0.125,0.8232044198895028,0.5453635934281825,D:\Github\Personal-Project\textual data analysis\artifacts\reports\cwc_win_lose_mixed\no_leakage\tf\step3_runs\full_20260504_154912\model_comparison.csv
CWC,cwc_win_lose_mixed,no_leakage,TF,TF + SVM,No chi-square,1.0,0.8729281767955801,0.5837650004316671,D:\Github\Personal-Project\textual data analysis\artifacts\reports\cwc_win_lose_mixed\no_leakage\tf\step3_runs\full_20260504_154912\model_comparison.csv
CWC,cwc_win_lose_mixed,no_leakage,TF,Proposed MNIR + SVM,No chi-square,0.0625,0.8204419889502762,0.5431433949205331,D:\Github\Personal-Project\textual data analysis\artifacts\reports\cwc_win_lose_mixed\no_leakage\tf\step3_runs\full_20260504_154912\model_comparison.csv
CWC,cwc_win_lose_mixed,no_leakage,TF-IDF,Majority Class,Baseline,,0.580110497237569,0.2447552447552447,D:\Github\Personal-Project\textual data analysis\artifacts\reports\cwc_win_lose_mixed\no_leakage\tfidf\step3_runs\full_20260504_154912\model_comparison.csv
CWC,cwc_win_lose_mixed,no_leakage,TF-IDF,TFIDF + SVM,Chi-square,0.5,0.856353591160221,0.5715595504146304,D:\Github\Personal-Project\textual data analysis\artifacts\reports\cwc_win_lose_mixed\no_leakage\tfidf\step3_runs\full_20260504_154912\model_comparison.csv
CWC,cwc_win_lose_mixed,no_leakage,TF-IDF,Proposed MNIR + SVM,Chi-square,0.125,0.8121546961325967,0.5372879451746995,D:\Github\Personal-Project\textual data analysis\artifacts\reports\cwc_win_lose_mixed\no_leakage\tfidf\step3_runs\full_20260504_154912\model_comparison.csv
CWC,cwc_win_lose_mixed,no_leakage,TF-IDF,TFIDF + SVM,No chi-square,0.5,0.861878453038674,0.5754780050808931,D:\Github\Personal-Project\textual data analysis\artifacts\reports\cwc_win_lose_mixed\no_leakage\tfidf\step3_runs\full_20260504_154912\model_comparison.csv
CWC,cwc_win_lose_mixed,no_leakage,TF-IDF,Proposed MNIR + SVM,No chi-square,0.125,0.8149171270718232,0.5391032296001192,D:\Github\Personal-Project\textual data analysis\artifacts\reports\cwc_win_lose_mixed\no_leakage\tfidf\step3_runs\full_20260504_154912\model_comparison.csv
CWC,cwc_win_lose_mixed,with_leakage,BoW,Majority Class,Baseline,,0.580110497237569,0.2447552447552447,D:\Github\Personal-Project\textual data analysis\artifacts\reports\cwc_win_lose_mixed\with_leakage\bow\step3_runs\full_20260504_154912\model_comparison.csv
CWC,cwc_win_lose_mixed,with_leakage,BoW,BOW + SVM,Chi-square,0.25,0.8535911602209945,0.6460228950989504,D:\Github\Personal-Project\textual data analysis\artifacts\reports\cwc_win_lose_mixed\with_leakage\bow\step3_runs\full_20260504_154912\model_comparison.csv
CWC,cwc_win_lose_mixed,with_leakage,BoW,Proposed MNIR + SVM,Chi-square,0.0625,0.8535911602209945,0.5705991539324873,D:\Github\Personal-Project\textual data analysis\artifacts\reports\cwc_win_lose_mixed\with_leakage\bow\step3_runs\full_20260504_154912\model_comparison.csv
CWC,cwc_win_lose_mixed,with_leakage,BoW,BOW + SVM,No chi-square,0.25,0.8591160220994475,0.6385228154906174,D:\Github\Personal-Project\textual data analysis\artifacts\reports\cwc_win_lose_mixed\with_leakage\bow\step3_runs\full_20260504_154912\model_comparison.csv
CWC,cwc_win_lose_mixed,with_leakage,BoW,Proposed MNIR + SVM,No chi-square,0.0625,0.8453038674033149,0.5646772821198492,D:\Github\Personal-Project\textual data analysis\artifacts\reports\cwc_win_lose_mixed\with_leakage\bow\step3_runs\full_20260504_154912\model_comparison.csv
CWC,cwc_win_lose_mixed,with_leakage,TF,Majority Class,Baseline,,0.580110497237569,0.2447552447552447,D:\Github\Personal-Project\textual data analysis\artifacts\reports\cwc_win_lose_mixed\with_leakage\tf\step3_runs\full_20260504_154912\model_comparison.csv
CWC,cwc_win_lose_mixed,with_leakage,TF,TF + SVM,Chi-square,4.0,0.8701657458563536,0.5818530808770902,D:\Github\Personal-Project\textual data analysis\artifacts\reports\cwc_win_lose_mixed\with_leakage\tf\step3_runs\full_20260504_154912\model_comparison.csv
CWC,cwc_win_lose_mixed,with_leakage,TF,Proposed MNIR + SVM,Chi-square,0.0625,0.8425414364640884,0.5608024691358025,D:\Github\Personal-Project\textual data analysis\artifacts\reports\cwc_win_lose_mixed\with_leakage\tf\step3_runs\full_20260504_154912\model_comparison.csv
CWC,cwc_win_lose_mixed,with_leakage,TF,TF + SVM,No chi-square,4.0,0.8701657458563536,0.5818530808770902,D:\Github\Personal-Project\textual data analysis\artifacts\reports\cwc_win_lose_mixed\with_leakage\tf\step3_runs\full_20260504_154912\model_comparison.csv
CWC,cwc_win_lose_mixed,with_leakage,TF,Proposed MNIR + SVM,No chi-square,0.0625,0.8480662983425414,0.5632627925204344,D:\Github\Personal-Project\textual data analysis\artifacts\reports\cwc_win_lose_mixed\with_leakage\tf\step3_runs\full_20260504_154912\model_comparison.csv
CWC,cwc_win_lose_mixed,with_leakage,TF-IDF,Majority Class,Baseline,,0.580110497237569,0.2447552447552447,D:\Github\Personal-Project\textual data analysis\artifacts\reports\cwc_win_lose_mixed\with_leakage\tfidf\step3_runs\full_20260504_154912\model_comparison.csv
CWC,cwc_win_lose_mixed,with_leakage,TF-IDF,TFIDF + SVM,Chi-square,2.0,0.8812154696132597,0.5898112088133397,D:\Github\Personal-Project\textual data analysis\artifacts\reports\cwc_win_lose_mixed\with_leakage\tfidf\step3_runs\full_20260504_154912\model_comparison.csv
CWC,cwc_win_lose_mixed,with_leakage,TF-IDF,Proposed MNIR + SVM,Chi-square,0.0625,0.8453038674033149,0.5623458481775829,D:\Github\Personal-Project\textual data analysis\artifacts\reports\cwc_win_lose_mixed\with_leakage\tfidf\step3_runs\full_20260504_154912\model_comparison.csv
CWC,cwc_win_lose_mixed,with_leakage,TF-IDF,TFIDF + SVM,No chi-square,1.0,0.8812154696132597,0.5898112088133397,D:\Github\Personal-Project\textual data analysis\artifacts\reports\cwc_win_lose_mixed\with_leakage\tfidf\step3_runs\full_20260504_154912\model_comparison.csv
CWC,cwc_win_lose_mixed,with_leakage,TF-IDF,Proposed MNIR + SVM,No chi-square,0.0625,0.8425414364640884,0.5602058242952515,D:\Github\Personal-Project\textual data analysis\artifacts\reports\cwc_win_lose_mixed\with_leakage\tfidf\step3_runs\full_20260504_154912\model_comparison.csv
